INSERT INTO `user` (`user_id`, `name`, `email`, `role`, `status`) VALUES
    (1, 'Mark Johnson', 'justin04@example.com', 'admin', 'Suspended'),
    (2, 'Betty Henry', 'trosales@example.net', 'admin', 'Active'),
    (3, 'Ryan Long', 'sanfordjeffrey@example.com', 'attendee', 'Active'),
    (4, 'Jason Doyle', 'garciamatthew@example.com', 'attendee', 'Active'),
    (5, 'Kathy Smith', 'floydkevin@example.net', 'admin', 'Active'),
    (6, 'Keith Walker', 'nataliefitzgerald@example.com', 'organizer', 'Active'),
    (7, 'Cheryl Mays', 'mitchellscott@example.org', 'attendee', 'Active'),
    (8, 'Donald Gomez', 'anthony72@example.net', 'admin', 'Suspended'),
    (9, 'Patrick Conley', 'juliejackson@example.org', 'organizer', 'Active'),
    (10, 'Timothy Larson', 'carsontina@example.com', 'attendee', 'Suspended'),
    (11, 'Yolanda Parks', 'josephcraig@example.com', 'attendee', 'Suspended'),
    (12, 'Craig Choi', 'smithamy@example.net', 'admin', 'Active'),
    (13, 'Chloe Atkinson', 'zayala@example.com', 'attendee', 'Suspended'),
    (14, 'Bonnie King', 'ythomas@example.org', 'attendee', 'Active'),
    (15, 'Kayla Anderson', 'lisariley@example.net', 'attendee', 'Active'),
    (16, 'Gabriel Harper', 'kellylamb@example.org', 'organizer', 'Active'),
    (17, 'Erik Lopez', 'munozmartha@example.net', 'organizer', 'Suspended'),
    (18, 'Alex Kelly', 'atrevino@example.org', 'organizer', 'Active'),
    (19, 'Bobby Hernandez', 'john41@example.net', 'attendee', 'Suspended'),
    (20, 'Michael Stewart', 'harrismelissa@example.net', 'organizer', 'Active'),
    (21, 'Brendan Carter', 'morsemegan@example.net', 'organizer', 'Active'),
    (22, 'Andrea Dean', 'wlewis@example.net', 'organizer', 'Active'),
    (23, 'Taylor Reed', 'trowe@example.com', 'attendee', 'Suspended'),
    (24, 'Michael Vargas MD', 'bryanfuller@example.com', 'organizer', 'Suspended'),
    (25, 'Karl Anthony', 'hawkinsmariah@example.org', 'organizer', 'Active'),
    (26, 'Jonathan Lawrence', 'ysmith@example.net', 'organizer', 'Active'),
    (27, 'Katherine Mitchell', 'trujillodan@example.org', 'admin', 'Active'),
    (28, 'Eugene Thomas', 'jmedina@example.net', 'attendee', 'Active'),
    (29, 'Jason Irwin', 'dgarza@example.org', 'attendee', 'Active'),
    (30, 'Mrs. Janice Roberts', 'jsimon@example.org', 'admin', 'Active'),
    (31, 'Marissa Cruz', 'lucasdanielle@example.com', 'admin', 'Suspended'),
    (32, 'Patrick Pearson', 'luke05@example.com', 'attendee', 'Active'),
    (33, 'Tina Livingston', 'gflores@example.net', 'admin', 'Suspended'),
    (34, 'Dr. Tim Boyle', 'lgarcia@example.net', 'attendee', 'Active'),
    (35, 'Jeremiah Mckinney', 'ryan51@example.org', 'admin', 'Suspended'),
    (36, 'Michelle Meyers', 'rpalmer@example.com', 'attendee', 'Active'),
    (37, 'Cassidy Jordan', 'caseycoleman@example.com', 'admin', 'Active'),
    (38, 'Jessica Larson', 'lori80@example.com', 'organizer', 'Active'),
    (39, 'Wendy Goodman', 'yramirez@example.org', 'admin', 'Suspended'),
    (40, 'Jordan Foster', 'twright@example.net', 'admin', 'Active'),
    (41, 'Kimberly Martinez', 'andrew52@example.org', 'admin', 'Active'),
    (42, 'Eduardo Grant', 'amanda42@example.com', 'attendee', 'Suspended'),
    (43, 'Amanda Larsen', 'gregorycalhoun@example.com', 'attendee', 'Suspended'),
    (44, 'William Lowe', 'michaelzamora@example.com', 'organizer', 'Active'),
    (45, 'Kenneth Rivera', 'lewisscott@example.com', 'admin', 'Suspended'),
    (46, 'Nicolas Wright', 'tterry@example.com', 'admin', 'Suspended'),
    (47, 'Jennifer Mason', 'kjohnson@example.com', 'organizer', 'Active'),
    (48, 'David Kemp', 'matthew45@example.com', 'organizer', 'Suspended'),
    (49, 'Evelyn Barry', 'estephens@example.com', 'admin', 'Active'),
    (50, 'Donald Wells', 'wrightbrandy@example.com', 'organizer', 'Suspended');

INSERT INTO `venue` (`venue_id`, `name`, `capacity`, `address`, `city`) VALUES
    (101, 'San Antonio Community Center', 1719, '0497 Ronnie Causeway Suite 062', 'San Antonio'),
    (102, 'New Braunfels Park Pavilion', 4640, '58494 Moore Park Suite 217', 'New Braunfels'),
    (103, 'San Antonio Theater', 2385, '5450 Daniel Keys', 'San Antonio'),
    (104, 'New Braunfels Community Center', 13428, '95638 Parker Cape', 'New Braunfels'),
    (105, 'Schertz Park Pavilion', 11204, '491 Hayden Walks', 'Schertz'),
    (106, 'Cibolo Theater', 1951, '1543 Young Parkways Apt. 570', 'Cibolo'),
    (107, 'Cibolo Park Pavilion', 14001, '276 Woods Neck', 'Cibolo'),
    (108, 'San Marcos Community Center', 3680, '6191 Hernandez Drives Suite 221', 'San Marcos'),
    (109, 'Cibolo Theater', 11788, '393 Maria Cliffs Apt. 749', 'Cibolo'),
    (110, 'Schertz Park Pavilion', 3928, '221 James Shoal', 'Schertz'),
    (111, 'Universal City Convention Hall', 12234, '861 Pope Haven', 'Universal City'),
    (112, 'Schertz Park Pavilion', 9907, '1829 Robertson Glens Apt. 705', 'Schertz'),
    (113, 'Seguin Auditorium', 3734, '699 Pratt Burg Suite 387', 'Seguin'),
    (114, 'Seguin Park Pavilion', 13131, '1591 Tucker Hollow Suite 650', 'Seguin'),
    (115, 'Seguin Community Center', 98, '074 Chapman Bridge Suite 642', 'Seguin'),
    (116, 'Boerne Community Center', 9726, '9086 Elizabeth Crossroad', 'Boerne'),
    (117, 'New Braunfels Theater', 12306, '392 Gonzalez Drive', 'New Braunfels'),
    (118, 'Seguin Park Pavilion', 739, '7732 Kaitlin Lake', 'Seguin'),
    (119, 'New Braunfels Park Pavilion', 2698, '24836 Ashlee Courts', 'New Braunfels'),
    (120, 'San Marcos Theater', 6747, '581 Marilyn Passage Apt. 474', 'San Marcos');

INSERT INTO `category` (`category_id`, `name`) VALUES
    (1, 'Music'),
    (2, 'Tech Conference'),
    (3, 'Food Festival'),
    (4, 'Sport'),
    (5, 'Arts & Theater'),
    (6, 'Workshop'),
    (7, 'Comedy'),
    (8, 'Exhibition');

INSERT INTO `event` (`event_id`, `organizer_id`, `venue_id`, `title`, `description`, `start_time`, `end_time`, `capacity`, `status`) VALUES
    (1001, 9, 107, 'Open-architected web-enabled conglomeration Festival', 'Join us for Open-architected web-enabled conglomeration Festival, a premier event in the heart of San Antonio! Explore the future of technology with industry leaders and groundbreaking demonstrations.', '2026-01-07 22:27:43', '2026-01-08 02:27:43', 10035, 'Published'),
    (1002, 25, 112, 'Object-based well-modulated challenge Festival', 'Join us for Object-based well-modulated challenge Festival, a premier event in the heart of San Antonio! Prove manage pass station maintain agree. Featuring local bands, rising stars, and a dynamic so', '2026-01-12 01:04:50', '2026-01-12 03:04:50', 5508, 'Published'),
    (1003, 6, 113, 'Vision-oriented reciprocal forecast Festival', 'Join us for Vision-oriented reciprocal forecast Festival, a premier event in the heart of San Antonio! Explore the future of technology with industry leaders and groundbreaking demonstrations. This ye', '2027-07-20 15:57:09', '2027-07-20 23:57:09', 229, 'Draft'),
    (1004, 16, 117, 'Re-engineered holistic knowledge user Festival', 'Join us for Re-engineered holistic knowledge user Festival, a premier event in the heart of San Antonio! Immerse yourself in creativity with local artists, live performances, and stunning theatrical a', '2026-04-11 17:23:20', '2026-04-11 20:23:20', 3070, 'Canceled'),
    (1005, 44, 101, 'Configurable heuristic contingency Festival', 'Join us for Configurable heuristic contingency Festival, a premier event in the heart of San Antonio! Immerse yourself in creativity with local artists, live performances, and stunning theatrical acts', '2027-06-10 23:19:36', '2027-06-11 06:19:36', 898, 'Completed'),
    (1006, 9, 116, 'Streamlined intangible process improvement Festival', 'Join us for Streamlined intangible process improvement Festival, a premier event in the heart of San Antonio! A gastronomic journey awaits! Sample delicious offerings from the best local chefs and foo', '2024-11-04 11:02:43', '2024-11-04 13:02:43', 599, 'Published'),
    (1007, 24, 102, 'Cross-platform mission-critical array Festival', 'Join us for Cross-platform mission-critical array Festival, a premier event in the heart of San Antonio! High-octane action! Cheer on your favorite team or participate in the city-wide fun run. All sk', '2026-12-03 06:17:17', '2026-12-03 10:17:17', 2750, 'Completed'),
    (1008, 6, 117, 'Virtual web-enabled focus group Festival', 'Join us for Virtual web-enabled focus group Festival, a premier event in the heart of San Antonio! Explore the future of technology with industry leaders and groundbreaking demonstrations. This year''s', '2025-01-31 17:46:59', '2025-01-31 20:46:59', 7030, 'Draft'),
    (1009, 22, 119, 'Stand-alone interactive matrices Festival', 'Join us for Stand-alone interactive matrices Festival, a premier event in the heart of San Antonio! Boost your skills with our hands-on workshop focused on employee and digital marketing. Bring your l', '2025-05-27 08:30:43', '2025-05-27 12:30:43', 1757, 'Published'),
    (1010, 48, 116, 'Assimilated radical paradigm Festival', 'Join us for Assimilated radical paradigm Festival, a premier event in the heart of San Antonio! Explore the future of technology with industry leaders and groundbreaking demonstrations. This year''s fo', '2024-11-02 11:30:46', '2024-11-02 16:30:46', 1339, 'Draft'),
    (1011, 38, 108, 'Implemented content-based model Festival', 'Join us for Implemented content-based model Festival, a premier event in the heart of San Antonio! High-octane action! Cheer on your favorite team or participate in the city-wide fun run. All skill le', '2026-03-15 06:31:28', '2026-03-15 10:31:28', 2472, 'Completed'),
    (1012, 48, 120, 'Distributed radical array Festival', 'Join us for Distributed radical array Festival, a premier event in the heart of San Antonio! A gastronomic journey awaits! Sample delicious offerings from the best local chefs and food trucks. Limited', '2025-02-21 12:21:03', '2025-02-21 14:21:03', 3240, 'Draft'),
    (1013, 18, 120, 'Adaptive incremental customer loyalty Festival', 'Join us for Adaptive incremental customer loyalty Festival, a premier event in the heart of San Antonio! High-octane action! Cheer on your favorite team or participate in the city-wide fun run. All sk', '2026-08-11 15:26:53', '2026-08-11 20:26:53', 2715, 'Draft'),
    (1014, 16, 110, 'Enterprise-wide foreground intranet Festival', 'Join us for Enterprise-wide foreground intranet Festival, a premier event in the heart of San Antonio! High-octane action! Cheer on your favorite team or participate in the city-wide fun run. All skil', '2026-05-29 21:25:42', '2026-05-30 02:25:42', 3264, 'Canceled'),
    (1015, 9, 119, 'Ameliorated static moratorium Festival', 'Join us for Ameliorated static moratorium Festival, a premier event in the heart of San Antonio! High-octane action! Cheer on your favorite team or participate in the city-wide fun run. All skill leve', '2024-10-30 07:12:21', '2024-10-30 12:12:21', 2297, 'Canceled'),
    (1016, 20, 106, 'De-engineered full-range model Festival', 'Join us for De-engineered full-range model Festival, a premier event in the heart of San Antonio! Light election sister camera. Five read thank size international.', '2025-09-20 06:50:18', '2025-09-20 10:50:18', 317, 'Canceled'),
    (1017, 48, 109, 'Monitored modular Internet solution Festival', 'Join us for Monitored modular Internet solution Festival, a premier event in the heart of San Antonio! Remember decade break democratic hope control call trial. Fly apply recently sure. Area rock real', '2025-11-05 16:44:03', '2025-11-05 20:44:03', 5217, 'Completed'),
    (1018, 16, 111, 'Implemented cohesive groupware Festival', 'Join us for Implemented cohesive groupware Festival, a premier event in the heart of San Antonio! See where would amount eight dream network among have if. Featuring local bands, rising stars, and a d', '2026-06-09 13:21:35', '2026-06-09 15:21:35', 4827, 'Completed'),
    (1019, 38, 103, 'Digitized logistical adapter Festival', 'Join us for Digitized logistical adapter Festival, a premier event in the heart of San Antonio! Hotel college attorney have degree significant do. Featuring local bands, rising stars, and a dynamic so', '2026-12-17 09:22:08', '2026-12-17 13:22:08', 571, 'Published'),
    (1020, 26, 109, 'Cloned demand-driven support Festival', 'Join us for Cloned demand-driven support Festival, a premier event in the heart of San Antonio! Within service easy modern various policy.', '2026-07-21 21:13:08', '2026-07-22 03:13:08', 1927, 'Canceled'),
    (1021, 48, 102, 'Versatile intangible knowledgebase Festival', 'Join us for Versatile intangible knowledgebase Festival, a premier event in the heart of San Antonio! Half page goal space. Throw hospital board.', '2025-10-31 08:07:32', '2025-10-31 15:07:32', 3173, 'Published'),
    (1022, 38, 106, 'Streamlined attitude-oriented data-warehouse Festival', 'Join us for Streamlined attitude-oriented data-warehouse Festival, a premier event in the heart of San Antonio! Major event actually difficult can including the boy. Share pass family think.', '2027-08-12 14:02:01', '2027-08-12 19:02:01', 566, 'Draft'),
    (1023, 9, 106, 'Synergized methodical productivity Festival', 'Join us for Synergized methodical productivity Festival, a premier event in the heart of San Antonio! In wish modern Mrs effort. Ten down dream black themselves Mrs though. Western bill class feeling ', '2026-06-28 18:06:51', '2026-06-29 00:06:51', 99, 'Canceled'),
    (1024, 9, 102, 'Re-engineered bandwidth-monitored capability Festival', 'Join us for Re-engineered bandwidth-monitored capability Festival, a premier event in the heart of San Antonio! High-octane action! Cheer on your favorite team or participate in the city-wide fun run.', '2026-01-14 11:02:47', '2026-01-14 15:02:47', 3756, 'Published'),
    (1025, 16, 103, 'Devolved upward-trending protocol Festival', 'Join us for Devolved upward-trending protocol Festival, a premier event in the heart of San Antonio! Shoulder later company still. Affect go school structure type accept either. Attention audience tra', '2026-10-25 02:22:50', '2026-10-25 06:22:50', 1350, 'Draft'),
    (1026, 38, 103, 'Innovative optimal data-warehouse Festival', 'Join us for Innovative optimal data-warehouse Festival, a premier event in the heart of San Antonio! Boost your skills with our hands-on workshop focused on protect and digital marketing. Bring your l', '2026-11-20 20:23:41', '2026-11-21 01:23:41', 1041, 'Published'),
    (1027, 6, 120, 'Horizontal stable migration Festival', 'Join us for Horizontal stable migration Festival, a premier event in the heart of San Antonio! Boost your skills with our hands-on workshop focused on green and digital marketing. Bring your laptop an', '2025-09-01 15:55:40', '2025-09-01 17:55:40', 4982, 'Canceled'),
    (1028, 26, 102, 'Phased impactful protocol Festival', 'Join us for Phased impactful protocol Festival, a premier event in the heart of San Antonio! A gastronomic journey awaits! Sample delicious offerings from the best local chefs and food trucks. Limited', '2025-11-24 00:54:32', '2025-11-24 06:54:32', 2188, 'Completed'),
    (1029, 17, 104, 'Mandatory user-facing hardware Festival', 'Join us for Mandatory user-facing hardware Festival, a premier event in the heart of San Antonio! Immerse yourself in creativity with local artists, live performances, and stunning theatrical acts. Pe', '2026-05-19 08:19:02', '2026-05-19 10:19:02', 1717, 'Published'),
    (1030, 21, 113, 'Managed zero-defect success Festival', 'Join us for Managed zero-defect success Festival, a premier event in the heart of San Antonio! High-octane action! Cheer on your favorite team or participate in the city-wide fun run. All skill levels', '2025-11-12 08:36:40', '2025-11-12 10:36:40', 1304, 'Canceled'),
    (1031, 48, 103, 'Integrated analyzing methodology Festival', 'Join us for Integrated analyzing methodology Festival, a premier event in the heart of San Antonio! Explore the future of technology with industry leaders and groundbreaking demonstrations. This year''', '2026-07-01 19:18:37', '2026-07-02 01:18:37', 341, 'Completed'),
    (1032, 48, 104, 'Exclusive solution-oriented collaboration Festival', 'Join us for Exclusive solution-oriented collaboration Festival, a premier event in the heart of San Antonio! Immerse yourself in creativity with local artists, live performances, and stunning theatric', '2027-10-10 12:04:28', '2027-10-10 16:04:28', 761, 'Canceled'),
    (1033, 17, 118, 'Enhanced motivating data-warehouse Festival', 'Join us for Enhanced motivating data-warehouse Festival, a premier event in the heart of San Antonio! High-octane action! Cheer on your favorite team or participate in the city-wide fun run. All skill', '2026-10-10 19:42:48', '2026-10-11 02:42:48', 445, 'Completed'),
    (1034, 16, 107, 'Assimilated homogeneous help-desk Festival', 'Join us for Assimilated homogeneous help-desk Festival, a premier event in the heart of San Antonio! Boost your skills with our hands-on workshop focused on test and digital marketing. Bring your lapt', '2025-01-15 18:26:53', '2025-01-16 01:26:53', 4660, 'Completed'),
    (1035, 24, 107, 'Stand-alone disintermediate access Festival', 'Join us for Stand-alone disintermediate access Festival, a premier event in the heart of San Antonio! Across wrong great again event. Arm be deep.', '2025-10-13 23:45:24', '2025-10-14 04:45:24', 5757, 'Completed'),
    (1036, 16, 109, 'Down-sized scalable array Festival', 'Join us for Down-sized scalable array Festival, a premier event in the heart of San Antonio! High-octane action! Cheer on your favorite team or participate in the city-wide fun run. All skill levels w', '2025-06-09 02:03:44', '2025-06-09 04:03:44', 741, 'Canceled'),
    (1037, 21, 113, 'Reduced tangible benchmark Festival', 'Join us for Reduced tangible benchmark Festival, a premier event in the heart of San Antonio! A gastronomic journey awaits! Sample delicious offerings from the best local chefs and food trucks. Limite', '2025-06-26 17:01:03', '2025-06-26 22:01:03', 868, 'Canceled'),
    (1038, 22, 114, 'User-friendly dynamic system engine Festival', 'Join us for User-friendly dynamic system engine Festival, a premier event in the heart of San Antonio! Boost your skills with our hands-on workshop focused on argue and digital marketing. Bring your l', '2025-10-25 19:03:35', '2025-10-25 22:03:35', 3875, 'Published'),
    (1039, 20, 120, 'Public-key clear-thinking challenge Festival', 'Join us for Public-key clear-thinking challenge Festival, a premier event in the heart of San Antonio! A gastronomic journey awaits! Sample delicious offerings from the best local chefs and food truck', '2026-05-15 21:57:30', '2026-05-16 03:57:30', 5934, 'Completed'),
    (1040, 47, 119, 'Multi-layered uniform knowledge user Festival', 'Join us for Multi-layered uniform knowledge user Festival, a premier event in the heart of San Antonio! Boost your skills with our hands-on workshop focused on build and digital marketing. Bring your ', '2026-02-12 09:07:04', '2026-02-12 12:07:04', 798, 'Draft'),
    (1041, 18, 119, 'Front-line system-worthy open system Festival', 'Join us for Front-line system-worthy open system Festival, a premier event in the heart of San Antonio! Foreign beautiful someone personal agent surface. Featuring local bands, rising stars, and a dyn', '2027-08-06 08:34:43', '2027-08-06 16:34:43', 236, 'Draft'),
    (1042, 21, 120, 'Profit-focused intangible help-desk Festival', 'Join us for Profit-focused intangible help-desk Festival, a premier event in the heart of San Antonio! Although turn arrive sometimes. World particularly least each example finally individual. Represe', '2027-08-30 19:38:47', '2027-08-30 21:38:47', 4910, 'Canceled'),
    (1043, 21, 102, 'Managed solution-oriented data-warehouse Festival', 'Join us for Managed solution-oriented data-warehouse Festival, a premier event in the heart of San Antonio! Immerse yourself in creativity with local artists, live performances, and stunning theatrica', '2026-05-26 05:46:46', '2026-05-26 07:46:46', 704, 'Canceled'),
    (1044, 44, 117, 'Customer-focused 5thgeneration algorithm Festival', 'Join us for Customer-focused 5thgeneration algorithm Festival, a premier event in the heart of San Antonio! Face firm chance center lawyer. Theory assume student.', '2026-08-13 12:39:13', '2026-08-13 17:39:13', 4756, 'Published'),
    (1045, 20, 111, 'Cloned exuding emulation Festival', 'Join us for Cloned exuding emulation Festival, a premier event in the heart of San Antonio! Explore the future of technology with industry leaders and groundbreaking demonstrations. This year''s focus ', '2025-05-14 04:59:26', '2025-05-14 07:59:26', 5005, 'Canceled'),
    (1046, 24, 108, 'Automated leadingedge synergy Festival', 'Join us for Automated leadingedge synergy Festival, a premier event in the heart of San Antonio! Focus investment beyond official. Human two ready picture thing police subject.', '2026-01-29 09:31:51', '2026-01-29 15:31:51', 76, 'Draft'),
    (1047, 6, 113, 'Reduced solution-oriented algorithm Festival', 'Join us for Reduced solution-oriented algorithm Festival, a premier event in the heart of San Antonio! Wish north miss how institution serious third. Featuring local bands, rising stars, and a dynamic', '2027-06-06 17:28:09', '2027-06-06 19:28:09', 2607, 'Published'),
    (1048, 26, 112, 'Multi-lateral system-worthy extranet Festival', 'Join us for Multi-lateral system-worthy extranet Festival, a premier event in the heart of San Antonio! Explore the future of technology with industry leaders and groundbreaking demonstrations. This y', '2025-05-21 21:33:31', '2025-05-22 00:33:31', 3609, 'Draft'),
    (1049, 20, 118, 'Organic reciprocal focus group Festival', 'Join us for Organic reciprocal focus group Festival, a premier event in the heart of San Antonio! High-octane action! Cheer on your favorite team or participate in the city-wide fun run. All skill lev', '2026-04-24 14:28:08', '2026-04-24 16:28:08', 580, 'Completed'),
    (1050, 24, 108, 'Assimilated background success Festival', 'Join us for Assimilated background success Festival, a premier event in the heart of San Antonio! Wait color central scientist. Natural land thank create difficult economic.', '2026-08-02 07:24:09', '2026-08-02 15:24:09', 78, 'Published'),
    (1051, 20, 107, 'Multi-layered composite model Festival', 'Join us for Multi-layered composite model Festival, a premier event in the heart of San Antonio! Hard many model Republican black. Probably skin wall red other claim. Allow strategy student person min', '2024-11-08 05:07:08', '2024-11-08 13:07:08', 6547, 'Canceled'),
    (1052, 16, 118, 'Focused background productivity Festival', 'Join us for Focused background productivity Festival, a premier event in the heart of San Antonio! Boost your skills with our hands-on workshop focused on drop and digital marketing. Bring your laptop', '2024-12-06 07:31:40', '2024-12-06 13:31:40', 194, 'Draft'),
    (1053, 9, 105, 'Object-based asymmetric core Festival', 'Join us for Object-based asymmetric core Festival, a premier event in the heart of San Antonio! Boost your skills with our hands-on workshop focused on door and digital marketing. Bring your laptop an', '2026-03-18 17:36:11', '2026-03-18 19:36:11', 7258, 'Canceled'),
    (1054, 44, 119, 'User-friendly foreground ability Festival', 'Join us for User-friendly foreground ability Festival, a premier event in the heart of San Antonio! Together yet then local will opportunity resource. Featuring local bands, rising stars, and a dynami', '2027-08-12 23:31:45', '2027-08-13 02:31:45', 666, 'Published'),
    (1055, 20, 109, 'Streamlined intermediate strategy Festival', 'Join us for Streamlined intermediate strategy Festival, a premier event in the heart of San Antonio! Mother science American generation Congress color read mention. Featuring local bands, rising stars', '2027-03-19 01:27:52', '2027-03-19 06:27:52', 290, 'Completed'),
    (1056, 25, 113, 'Innovative fresh-thinking hardware Festival', 'Join us for Innovative fresh-thinking hardware Festival, a premier event in the heart of San Antonio! A gastronomic journey awaits! Sample delicious offerings from the best local chefs and food trucks', '2026-06-27 04:54:22', '2026-06-27 10:54:22', 3262, 'Draft'),
    (1057, 44, 104, 'Business-focused maximized infrastructure Festival', 'Join us for Business-focused maximized infrastructure Festival, a premier event in the heart of San Antonio! Place hope quickly some grow science score. Stock buy recent real. Surface where scene buy.', '2027-05-26 06:11:51', '2027-05-26 09:11:51', 2397, 'Published'),
    (1058, 9, 113, 'Polarized global project Festival', 'Join us for Polarized global project Festival, a premier event in the heart of San Antonio! Poor cold laugh necessary choose hair agree live north democratic. Featuring local bands, rising stars, and ', '2026-11-20 06:11:56', '2026-11-20 14:11:56', 2227, 'Draft'),
    (1059, 9, 120, 'Object-based leadingedge approach Festival', 'Join us for Object-based leadingedge approach Festival, a premier event in the heart of San Antonio! Draw point put school as car. Featuring local bands, rising stars, and a dynamic sound system. Get ', '2026-02-10 04:52:46', '2026-02-10 06:52:46', 5414, 'Draft'),
    (1060, 25, 107, 'De-engineered fault-tolerant core Festival', 'Join us for De-engineered fault-tolerant core Festival, a premier event in the heart of San Antonio! Immerse yourself in creativity with local artists, live performances, and stunning theatrical acts.', '2026-11-10 03:40:21', '2026-11-10 06:40:21', 12400, 'Canceled'),
    (1061, 50, 116, 'Seamless static concept Festival', 'Join us for Seamless static concept Festival, a premier event in the heart of San Antonio! Explore the future of technology with industry leaders and groundbreaking demonstrations. This year''s focus i', '2025-10-25 10:28:24', '2025-10-25 14:28:24', 1870, 'Published'),
    (1062, 22, 102, 'Seamless tangible application Festival', 'Join us for Seamless tangible application Festival, a premier event in the heart of San Antonio! High-octane action! Cheer on your favorite team or participate in the city-wide fun run. All skill leve', '2025-12-29 23:32:34', '2025-12-30 04:32:34', 3142, 'Canceled'),
    (1063, 48, 104, 'Vision-oriented zero administration database Festival', 'Join us for Vision-oriented zero administration database Festival, a premier event in the heart of San Antonio! Which those family kitchen defense side several. Church current red mean recently whose ', '2025-04-06 20:33:08', '2025-04-07 02:33:08', 1431, 'Canceled'),
    (1064, 25, 103, 'Stand-alone analyzing Graphic Interface Festival', 'Join us for Stand-alone analyzing Graphic Interface Festival, a premier event in the heart of San Antonio! Morning travel total know indicate young. Daughter happy use color operation way democratic.', '2026-05-06 22:06:02', '2026-05-07 05:06:02', 486, 'Completed'),
    (1065, 44, 103, 'Secured methodical secured line Festival', 'Join us for Secured methodical secured line Festival, a premier event in the heart of San Antonio! Immerse yourself in creativity with local artists, live performances, and stunning theatrical acts. P', '2025-12-07 02:45:11', '2025-12-07 05:45:11', 116, 'Published'),
    (1066, 50, 108, 'Total value-added functionalities Festival', 'Join us for Total value-added functionalities Festival, a premier event in the heart of San Antonio! A gastronomic journey awaits! Sample delicious offerings from the best local chefs and food trucks.', '2026-06-11 21:58:38', '2026-06-12 02:58:38', 3246, 'Canceled'),
    (1067, 25, 102, 'Advanced exuding circuit Festival', 'Join us for Advanced exuding circuit Festival, a premier event in the heart of San Antonio! Check western return center pretty improve. From town PM accept recognize behavior. Lead growth capital simp', '2025-02-22 16:12:23', '2025-02-23 00:12:23', 1003, 'Published'),
    (1068, 47, 120, 'Up-sized context-sensitive throughput Festival', 'Join us for Up-sized context-sensitive throughput Festival, a premier event in the heart of San Antonio! Immerse yourself in creativity with local artists, live performances, and stunning theatrical a', '2027-10-01 09:47:04', '2027-10-01 16:47:04', 5756, 'Published'),
    (1069, 47, 105, 'Universal asymmetric open system Festival', 'Join us for Universal asymmetric open system Festival, a premier event in the heart of San Antonio! A gastronomic journey awaits! Sample delicious offerings from the best local chefs and food trucks. ', '2027-02-06 20:24:05', '2027-02-07 01:24:05', 283, 'Canceled'),
    (1070, 9, 113, 'Expanded zero tolerance instruction set Festival', 'Join us for Expanded zero tolerance instruction set Festival, a premier event in the heart of San Antonio! Immerse yourself in creativity with local artists, live performances, and stunning theatrical', '2027-06-25 08:42:11', '2027-06-25 13:42:11', 982, 'Draft'),
    (1071, 16, 111, 'Down-sized multi-state capacity Festival', 'Join us for Down-sized multi-state capacity Festival, a premier event in the heart of San Antonio! A gastronomic journey awaits! Sample delicious offerings from the best local chefs and food trucks. L', '2024-12-04 06:14:34', '2024-12-04 08:14:34', 7300, 'Canceled'),
    (1072, 47, 107, 'Team-oriented composite adapter Festival', 'Join us for Team-oriented composite adapter Festival, a premier event in the heart of San Antonio! Immerse yourself in creativity with local artists, live performances, and stunning theatrical acts. P', '2027-05-20 04:36:16', '2027-05-20 10:36:16', 5638, 'Completed'),
    (1073, 18, 118, 'Operative demand-driven circuit Festival', 'Join us for Operative demand-driven circuit Festival, a premier event in the heart of San Antonio! High-octane action! Cheer on your favorite team or participate in the city-wide fun run. All skill le', '2025-11-01 01:05:00', '2025-11-01 07:05:00', 68, 'Draft'),
    (1074, 17, 105, 'Synergistic systemic archive Festival', 'Join us for Synergistic systemic archive Festival, a premier event in the heart of San Antonio! The would provide baby training again again process. Featuring local bands, rising stars, and a dynamic ', '2024-10-30 12:46:28', '2024-10-30 17:46:28', 8206, 'Completed'),
    (1075, 6, 117, 'Organized optimal data-warehouse Festival', 'Join us for Organized optimal data-warehouse Festival, a premier event in the heart of San Antonio! Explore the future of technology with industry leaders and groundbreaking demonstrations. This year''', '2027-08-06 20:06:39', '2027-08-07 04:06:39', 4335, 'Draft'),
    (1076, 17, 112, 'Down-sized secondary Internet solution Festival', 'Join us for Down-sized secondary Internet solution Festival, a premier event in the heart of San Antonio! Explore the future of technology with industry leaders and groundbreaking demonstrations. This', '2025-08-23 23:16:43', '2025-08-24 03:16:43', 2871, 'Completed'),
    (1077, 48, 102, 'Down-sized background website Festival', 'Join us for Down-sized background website Festival, a premier event in the heart of San Antonio! Boost your skills with our hands-on workshop focused on world and digital marketing. Bring your laptop ', '2027-03-02 06:15:14', '2027-03-02 08:15:14', 3566, 'Published'),
    (1078, 9, 113, 'Mandatory 4thgeneration task-force Festival', 'Join us for Mandatory 4thgeneration task-force Festival, a premier event in the heart of San Antonio! However might with church skin take other money property sort despite send. Featuring local bands,', '2026-07-28 19:07:06', '2026-07-28 21:07:06', 2400, 'Published'),
    (1079, 50, 108, 'Right-sized static function Festival', 'Join us for Right-sized static function Festival, a premier event in the heart of San Antonio! Boost your skills with our hands-on workshop focused on career and digital marketing. Bring your laptop a', '2025-10-02 03:51:00', '2025-10-02 07:51:00', 3252, 'Completed'),
    (1080, 50, 113, 'Multi-lateral homogeneous info-mediaries Festival', 'Join us for Multi-lateral homogeneous info-mediaries Festival, a premier event in the heart of San Antonio! Explore the future of technology with industry leaders and groundbreaking demonstrations. Th', '2025-10-24 02:36:55', '2025-10-24 05:36:55', 1480, 'Completed'),
    (1081, 16, 104, 'Inverse multimedia data-warehouse Festival', 'Join us for Inverse multimedia data-warehouse Festival, a premier event in the heart of San Antonio! Explore the future of technology with industry leaders and groundbreaking demonstrations. This year', '2026-01-09 01:41:05', '2026-01-09 04:41:05', 4483, 'Completed'),
    (1082, 18, 103, 'Cross-platform dedicated website Festival', 'Join us for Cross-platform dedicated website Festival, a premier event in the heart of San Antonio! Immerse yourself in creativity with local artists, live performances, and stunning theatrical acts. ', '2026-08-26 09:38:59', '2026-08-26 14:38:59', 932, 'Draft'),
    (1083, 26, 117, 'Down-sized systematic application Festival', 'Join us for Down-sized systematic application Festival, a premier event in the heart of San Antonio! Space try reason drug adult agent follow politics. Featuring local bands, rising stars, and a dynam', '2026-02-11 07:14:27', '2026-02-11 15:14:27', 4455, 'Canceled'),
    (1084, 20, 105, 'Monitored demand-driven productivity Festival', 'Join us for Monitored demand-driven productivity Festival, a premier event in the heart of San Antonio! A gastronomic journey awaits! Sample delicious offerings from the best local chefs and food truc', '2026-07-23 01:16:22', '2026-07-23 03:16:22', 3986, 'Draft'),
    (1085, 18, 109, 'Open-source multimedia throughput Festival', 'Join us for Open-source multimedia throughput Festival, a premier event in the heart of San Antonio! Boost your skills with our hands-on workshop focused on morning and digital marketing. Bring your l', '2026-06-14 16:21:29', '2026-06-14 19:21:29', 669, 'Completed'),
    (1086, 26, 117, 'Digitized leadingedge instruction set Festival', 'Join us for Digitized leadingedge instruction set Festival, a premier event in the heart of San Antonio! Value point we collection ask either. Respond exist shoulder enjoy market medical life. Availab', '2026-08-14 20:27:39', '2026-08-15 03:27:39', 2619, 'Canceled'),
    (1087, 21, 118, 'Inverse even-keeled conglomeration Festival', 'Join us for Inverse even-keeled conglomeration Festival, a premier event in the heart of San Antonio! Hit story skill lawyer artist board still bag alone situation. Featuring local bands, rising stars', '2024-10-17 09:08:13', '2024-10-17 17:08:13', 156, 'Canceled'),
    (1088, 9, 116, 'Future-proofed high-level intranet Festival', 'Join us for Future-proofed high-level intranet Festival, a premier event in the heart of San Antonio! Other Congress than herself great whatever their off. Featuring local bands, rising stars, and a d', '2024-11-12 02:16:33', '2024-11-12 08:16:33', 1764, 'Canceled'),
    (1089, 17, 117, 'Centralized homogeneous database Festival', 'Join us for Centralized homogeneous database Festival, a premier event in the heart of San Antonio! With participant participant myself line country least. Featuring local bands, rising stars, and a d', '2025-07-29 16:08:20', '2025-07-29 18:08:20', 2736, 'Completed'),
    (1090, 6, 120, 'Horizontal encompassing Graphical User Interface Festival', 'Join us for Horizontal encompassing Graphical User Interface Festival, a premier event in the heart of San Antonio! Scientist dinner camera wish reality toward they security on case watch. Featuring l', '2025-04-01 07:05:38', '2025-04-01 12:05:38', 4302, 'Published'),
    (1091, 50, 109, 'Fundamental human-resource process improvement Festival', 'Join us for Fundamental human-resource process improvement Festival, a premier event in the heart of San Antonio! Boost your skills with our hands-on workshop focused on view and digital marketing. Br', '2026-02-27 11:25:18', '2026-02-27 16:25:18', 3857, 'Completed'),
    (1092, 26, 115, 'Streamlined regional array Festival', 'Join us for Streamlined regional array Festival, a premier event in the heart of San Antonio! A gastronomic journey awaits! Sample delicious offerings from the best local chefs and food trucks. Limite', '2027-02-04 11:34:43', '2027-02-04 15:34:43', 68, 'Canceled'),
    (1093, 44, 111, 'Expanded zero-defect application Festival', 'Join us for Expanded zero-defect application Festival, a premier event in the heart of San Antonio! Explore the future of technology with industry leaders and groundbreaking demonstrations. This year''', '2026-08-13 10:26:43', '2026-08-13 14:26:43', 3171, 'Completed'),
    (1094, 44, 114, 'Team-oriented non-volatile benchmark Festival', 'Join us for Team-oriented non-volatile benchmark Festival, a premier event in the heart of San Antonio! High-octane action! Cheer on your favorite team or participate in the city-wide fun run. All ski', '2026-03-14 12:04:44', '2026-03-14 17:04:44', 6635, 'Draft'),
    (1095, 9, 103, 'Profound client-server infrastructure Festival', 'Join us for Profound client-server infrastructure Festival, a premier event in the heart of San Antonio! Explore the future of technology with industry leaders and groundbreaking demonstrations. This ', '2026-09-06 02:17:13', '2026-09-06 06:17:13', 841, 'Completed'),
    (1096, 25, 105, 'Function-based optimizing success Festival', 'Join us for Function-based optimizing success Festival, a premier event in the heart of San Antonio! High-octane action! Cheer on your favorite team or participate in the city-wide fun run. All skill ', '2025-08-24 13:05:54', '2025-08-24 17:05:54', 62, 'Draft'),
    (1097, 44, 115, 'Polarized upward-trending hardware Festival', 'Join us for Polarized upward-trending hardware Festival, a premier event in the heart of San Antonio! High-octane action! Cheer on your favorite team or participate in the city-wide fun run. All skill', '2027-08-16 06:42:03', '2027-08-16 09:42:03', 68, 'Draft'),
    (1098, 47, 114, 'Multi-layered asymmetric encryption Festival', 'Join us for Multi-layered asymmetric encryption Festival, a premier event in the heart of San Antonio! A gastronomic journey awaits! Sample delicious offerings from the best local chefs and food truck', '2026-11-15 19:16:46', '2026-11-16 01:16:46', 6209, 'Completed'),
    (1099, 21, 110, 'Organized multi-state structure Festival', 'Join us for Organized multi-state structure Festival, a premier event in the heart of San Antonio! Fill early fund himself evidence. Office hour member interest region name no. Attention use pass home', '2026-11-15 19:53:43', '2026-11-15 23:53:43', 2278, 'Draft'),
    (1100, 50, 112, 'Ergonomic high-level support Festival', 'Join us for Ergonomic high-level support Festival, a premier event in the heart of San Antonio! Probably board performance whether home wrong. Past lot popular enough foreign study. Newspaper home bad', '2025-06-23 22:44:16', '2025-06-24 03:44:16', 5045, 'Completed');

INSERT INTO `event_category` (`event_id`, `category_id`) VALUES
    (1001, 8),
    (1002, 1),
    (1003, 6),
    (1004, 4),
    (1004, 8),
    (1005, 2),
    (1005, 5),
    (1006, 1),
    (1006, 3),
    (1007, 2),
    (1008, 7),
    (1008, 4),
    (1009, 4),
    (1009, 5),
    (1011, 5),
    (1011, 6),
    (1012, 5),
    (1012, 8),
    (1013, 4),
    (1013, 2),
    (1014, 5),
    (1016, 7),
    (1018, 1),
    (1018, 2),
    (1019, 4),
    (1020, 6),
    (1021, 5),
    (1021, 1),
    (1022, 3),
    (1022, 7),
    (1024, 6),
    (1024, 4),
    (1025, 6),
    (1026, 1),
    (1026, 5),
    (1027, 2),
    (1027, 4),
    (1028, 1),
    (1029, 2),
    (1030, 5),
    (1031, 2),
    (1032, 1),
    (1034, 7),
    (1035, 5),
    (1036, 7),
    (1036, 4),
    (1038, 8),
    (1039, 5),
    (1039, 4),
    (1040, 2),
    (1041, 3),
    (1043, 8),
    (1044, 1),
    (1045, 1),
    (1047, 5),
    (1047, 2),
    (1050, 4),
    (1051, 7),
    (1051, 1),
    (1053, 8),
    (1054, 3),
    (1054, 1),
    (1055, 1),
    (1056, 8),
    (1056, 2),
    (1057, 4),
    (1057, 3),
    (1058, 3),
    (1058, 5),
    (1059, 4),
    (1059, 2),
    (1060, 8),
    (1061, 7),
    (1062, 1),
    (1063, 5),
    (1063, 8),
    (1064, 3),
    (1065, 5),
    (1066, 6),
    (1066, 3),
    (1067, 7),
    (1067, 4),
    (1068, 1),
    (1068, 3),
    (1069, 8),
    (1070, 2),
    (1071, 2),
    (1072, 7),
    (1072, 5),
    (1073, 3),
    (1073, 7),
    (1074, 5),
    (1075, 8),
    (1075, 1),
    (1076, 4),
    (1077, 6),
    (1078, 2),
    (1078, 6),
    (1079, 8),
    (1080, 7),
    (1080, 5),
    (1081, 2),
    (1081, 5),
    (1084, 3),
    (1084, 8),
    (1085, 8),
    (1086, 1),
    (1087, 1),
    (1087, 7),
    (1088, 5),
    (1088, 2),
    (1090, 5),
    (1090, 2),
    (1091, 5),
    (1093, 5),
    (1093, 7),
    (1094, 6),
    (1095, 6),
    (1096, 3),
    (1096, 5),
    (1099, 3),
    (1099, 5);

INSERT INTO `orders` (`order_id`, `user_id`, `total_amount`, `order_date`, `status`) VALUES
    (5001, 32, 139.21, '2025-10-14 14:28:27', 'Completed'),
    (5002, 34, 328.24, '2025-10-14 14:30:58', 'Refunded'),
    (5003, 34, 457.75, '2025-10-14 14:28:54', 'Pending'),
    (5004, 28, 454.99, '2025-10-14 14:29:26', 'Refunded'),
    (5005, 15, 432.31, '2025-10-14 14:31:50', 'Refunded'),
    (5006, 32, 379.74, '2025-10-14 14:32:57', 'Pending'),
    (5007, 19, 293.69, '2025-10-14 14:30:22', 'Completed'),
    (5008, 34, 374.22, '2025-10-14 14:32:43', 'Pending'),
    (5009, 19, 245.34, '2025-10-14 14:29:47', 'Refunded'),
    (5010, 10, 463.17, '2025-10-14 14:28:09', 'Refunded'),
    (5011, 28, 174.53, '2025-10-14 14:28:28', 'Completed'),
    (5012, 14, 279.22, '2025-10-14 14:30:31', 'Completed'),
    (5013, 36, 88.98, '2025-10-14 14:27:09', 'Refunded'),
    (5014, 29, 365.57, '2025-10-14 14:32:52', 'Pending'),
    (5015, 10, 427.64, '2025-10-14 14:30:42', 'Refunded'),
    (5016, 32, 101.21, '2025-10-14 14:30:34', 'Pending'),
    (5017, 15, 305.05, '2025-10-14 14:32:35', 'Refunded'),
    (5018, 29, 435.12, '2025-10-14 14:32:58', 'Refunded'),
    (5019, 4, 116.89, '2025-10-14 14:30:33', 'Completed'),
    (5020, 10, 21.85, '2025-10-14 14:30:56', 'Pending'),
    (5021, 7, 303.68, '2025-10-14 14:27:05', 'Refunded'),
    (5022, 15, 411.19, '2025-10-14 14:28:46', 'Completed'),
    (5023, 10, 285.61, '2025-10-14 14:32:32', 'Pending'),
    (5024, 3, 382.05, '2025-10-14 14:32:25', 'Completed'),
    (5025, 43, 303.12, '2025-10-14 14:29:25', 'Completed'),
    (5026, 36, 387.91, '2025-10-14 14:27:27', 'Refunded'),
    (5027, 10, 266.09, '2025-10-14 14:28:51', 'Refunded'),
    (5028, 13, 192.2, '2025-10-14 14:27:46', 'Pending'),
    (5029, 28, 193.74, '2025-10-14 14:28:18', 'Pending'),
    (5030, 13, 163.1, '2025-10-14 14:32:59', 'Completed'),
    (5031, 19, 172.63, '2025-10-14 14:32:03', 'Pending'),
    (5032, 42, 170.75, '2025-10-14 14:31:42', 'Refunded'),
    (5033, 15, 202.17, '2025-10-14 14:29:33', 'Completed'),
    (5034, 19, 333.62, '2025-10-14 14:32:28', 'Completed'),
    (5035, 4, 433.98, '2025-10-14 14:31:54', 'Refunded'),
    (5036, 19, 129.2, '2025-10-14 14:32:35', 'Completed'),
    (5037, 3, 412.02, '2025-10-14 14:32:32', 'Completed'),
    (5038, 28, 417.55, '2025-10-14 14:27:28', 'Refunded'),
    (5039, 34, 55.99, '2025-10-14 14:30:35', 'Refunded'),
    (5040, 28, 412.7, '2025-10-14 14:30:02', 'Pending'),
    (5041, 4, 481.66, '2025-10-14 14:28:35', 'Pending'),
    (5042, 4, 407.11, '2025-10-14 14:28:02', 'Pending'),
    (5043, 23, 63.64, '2025-10-14 14:32:40', 'Pending'),
    (5044, 34, 246.95, '2025-10-14 14:33:03', 'Refunded'),
    (5045, 7, 499.14, '2025-10-14 14:30:16', 'Completed'),
    (5046, 7, 300.48, '2025-10-14 14:32:15', 'Pending'),
    (5047, 13, 126.1, '2025-10-14 14:28:20', 'Completed'),
    (5048, 32, 386.71, '2025-10-14 14:30:22', 'Completed'),
    (5049, 10, 136.55, '2025-10-14 14:30:23', 'Pending'),
    (5050, 43, 41.95, '2025-10-14 14:32:12', 'Pending'),
    (5051, 7, 471.94, '2025-10-14 14:30:17', 'Pending'),
    (5052, 11, 473.42, '2025-10-14 14:29:39', 'Pending'),
    (5053, 23, 28.85, '2025-10-14 14:28:19', 'Completed'),
    (5054, 7, 28.52, '2025-10-14 14:27:40', 'Refunded'),
    (5055, 15, 451.69, '2025-10-14 14:30:02', 'Refunded'),
    (5056, 23, 477.88, '2025-10-14 14:32:57', 'Refunded'),
    (5057, 11, 89.1, '2025-10-14 14:28:35', 'Refunded'),
    (5058, 28, 124.86, '2025-10-14 14:30:50', 'Completed'),
    (5059, 29, 319.06, '2025-10-14 14:33:01', 'Refunded'),
    (5060, 42, 497.77, '2025-10-14 14:28:43', 'Refunded'),
    (5061, 14, 347.17, '2025-10-14 14:29:54', 'Completed'),
    (5062, 28, 334.37, '2025-10-14 14:29:11', 'Pending'),
    (5063, 4, 291.56, '2025-10-14 14:31:20', 'Refunded'),
    (5064, 36, 252.22, '2025-10-14 14:28:22', 'Pending'),
    (5065, 36, 489.79, '2025-10-14 14:27:26', 'Pending'),
    (5066, 42, 67.88, '2025-10-14 14:32:06', 'Completed'),
    (5067, 42, 286.48, '2025-10-14 14:30:13', 'Completed'),
    (5068, 36, 420.41, '2025-10-14 14:30:54', 'Pending'),
    (5069, 28, 399.44, '2025-10-14 14:27:40', 'Pending'),
    (5070, 11, 411.36, '2025-10-14 14:31:06', 'Pending'),
    (5071, 15, 223.55, '2025-10-14 14:27:46', 'Refunded'),
    (5072, 19, 371.16, '2025-10-14 14:31:06', 'Completed'),
    (5073, 42, 53.94, '2025-10-14 14:29:52', 'Completed'),
    (5074, 13, 25.34, '2025-10-14 14:29:42', 'Pending'),
    (5075, 29, 214.21, '2025-10-14 14:32:06', 'Pending'),
    (5076, 34, 403.49, '2025-10-14 14:30:33', 'Pending'),
    (5077, 23, 343.1, '2025-10-14 14:27:12', 'Refunded'),
    (5078, 34, 339.81, '2025-10-14 14:32:19', 'Pending'),
    (5079, 29, 193.55, '2025-10-14 14:29:20', 'Pending'),
    (5080, 4, 490.51, '2025-10-14 14:29:36', 'Refunded');

INSERT INTO `ticket` (`ticket_id`, `order_id`, `event_id`, `user_id`, `price`, `status`) VALUES
    ('TKT-00001', 5001, 1073, 32, 27.84, 'Reserved'),
    ('TKT-00002', 5001, 1073, 32, 27.84, 'Reserved'),
    ('TKT-00003', 5001, 1073, 32, 27.84, 'Reserved'),
    ('TKT-00004', 5001, 1073, 32, 27.84, 'Purchased'),
    ('TKT-00005', 5001, 1073, 32, 27.84, 'Refunded'),
    ('TKT-00006', 5007, 1033, 19, 293.69, 'Refunded'),
    ('TKT-00007', 5011, 1084, 28, 174.53, 'Reserved'),
    ('TKT-00008', 5012, 1095, 14, 279.22, 'Reserved'),
    ('TKT-00009', 5019, 1052, 4, 38.96, 'Purchased'),
    ('TKT-00010', 5019, 1052, 4, 38.96, 'Reserved'),
    ('TKT-00011', 5019, 1052, 4, 38.96, 'Refunded'),
    ('TKT-00012', 5022, 1021, 15, 137.06, 'Reserved'),
    ('TKT-00013', 5022, 1021, 15, 137.06, 'Refunded'),
    ('TKT-00014', 5022, 1021, 15, 137.06, 'Reserved'),
    ('TKT-00015', 5024, 1091, 3, 76.41, 'Refunded'),
    ('TKT-00016', 5024, 1091, 3, 76.41, 'Reserved'),
    ('TKT-00017', 5024, 1091, 3, 76.41, 'Reserved'),
    ('TKT-00018', 5024, 1091, 3, 76.41, 'Refunded'),
    ('TKT-00019', 5024, 1091, 3, 76.41, 'Reserved'),
    ('TKT-00020', 5025, 1026, 43, 75.78, 'Reserved'),
    ('TKT-00021', 5025, 1026, 43, 75.78, 'Purchased'),
    ('TKT-00022', 5025, 1026, 43, 75.78, 'Reserved'),
    ('TKT-00023', 5025, 1026, 43, 75.78, 'Purchased'),
    ('TKT-00024', 5030, 1044, 13, 32.62, 'Reserved'),
    ('TKT-00025', 5030, 1044, 13, 32.62, 'Refunded'),
    ('TKT-00026', 5030, 1044, 13, 32.62, 'Purchased'),
    ('TKT-00027', 5030, 1044, 13, 32.62, 'Refunded'),
    ('TKT-00028', 5030, 1044, 13, 32.62, 'Refunded'),
    ('TKT-00029', 5033, 1002, 15, 67.39, 'Refunded'),
    ('TKT-00030', 5033, 1002, 15, 67.39, 'Purchased'),
    ('TKT-00031', 5033, 1002, 15, 67.39, 'Reserved'),
    ('TKT-00032', 5034, 1022, 19, 111.21, 'Reserved'),
    ('TKT-00033', 5034, 1022, 19, 111.21, 'Reserved'),
    ('TKT-00034', 5034, 1022, 19, 111.21, 'Refunded'),
    ('TKT-00035', 5036, 1006, 19, 25.84, 'Refunded'),
    ('TKT-00036', 5036, 1006, 19, 25.84, 'Purchased'),
    ('TKT-00037', 5036, 1006, 19, 25.84, 'Purchased'),
    ('TKT-00038', 5036, 1006, 19, 25.84, 'Refunded'),
    ('TKT-00039', 5036, 1006, 19, 25.84, 'Refunded'),
    ('TKT-00040', 5037, 1029, 3, 137.34, 'Refunded'),
    ('TKT-00041', 5037, 1029, 3, 137.34, 'Reserved'),
    ('TKT-00042', 5037, 1029, 3, 137.34, 'Reserved'),
    ('TKT-00043', 5045, 1013, 7, 499.14, 'Refunded'),
    ('TKT-00044', 5047, 1078, 13, 126.1, 'Refunded'),
    ('TKT-00045', 5048, 1040, 32, 128.9, 'Reserved'),
    ('TKT-00046', 5048, 1040, 32, 128.9, 'Purchased'),
    ('TKT-00047', 5048, 1040, 32, 128.9, 'Reserved'),
    ('TKT-00048', 5053, 1021, 23, 28.85, 'Refunded'),
    ('TKT-00049', 5058, 1006, 28, 124.86, 'Refunded'),
    ('TKT-00050', 5061, 1038, 14, 173.59, 'Refunded'),
    ('TKT-00051', 5061, 1038, 14, 173.59, 'Reserved'),
    ('TKT-00052', 5066, 1025, 42, 33.94, 'Reserved'),
    ('TKT-00053', 5066, 1025, 42, 33.94, 'Refunded'),
    ('TKT-00054', 5067, 1017, 42, 71.62, 'Purchased'),
    ('TKT-00055', 5067, 1017, 42, 71.62, 'Reserved'),
    ('TKT-00056', 5067, 1017, 42, 71.62, 'Refunded'),
    ('TKT-00057', 5067, 1017, 42, 71.62, 'Purchased'),
    ('TKT-00058', 5072, 1001, 19, 74.23, 'Purchased'),
    ('TKT-00059', 5072, 1001, 19, 74.23, 'Purchased'),
    ('TKT-00060', 5072, 1001, 19, 74.23, 'Reserved'),
    ('TKT-00061', 5072, 1001, 19, 74.23, 'Reserved'),
    ('TKT-00062', 5072, 1001, 19, 74.23, 'Reserved'),
    ('TKT-00063', 5073, 1054, 42, 26.97, 'Refunded'),
    ('TKT-00064', 5073, 1054, 42, 26.97, 'Refunded');

