USE eventify_db;

INSERT INTO `user` (`user_id`, `first_name`, `last_name`, `email`, `role`, `status`) VALUES
    (1, 'Jasmine', 'Lawson', 'kristengibbs@example.com', 'organizer', 'Suspended'),
    (2, 'Heather', 'Huff', 'qhunt@example.com', 'attendee', 'Suspended'),
    (3, 'Michael', 'Lloyd', 'bowenmatthew@example.net', 'admin', 'Active'),
    (4, 'Jonathan', 'Andrade', 'elizabeth28@example.org', 'organizer', 'Active'),
    (5, 'Kimberly', 'Thomas', 'petersenjennifer@example.com', 'attendee', 'Active'),
    (6, 'Troy', 'Peters', 'liueric@example.com', 'admin', 'Active'),
    (7, 'Adam', 'Singh', 'melissanichols@example.com', 'attendee', 'Active'),
    (8, 'Brian', 'Barnett', 'carl07@example.org', 'organizer', 'Active'),
    (9, 'Dominique', 'Hall', 'hernandezjeffrey@example.org', 'organizer', 'Active'),
    (10, 'David', 'Orr', 'christine85@example.org', 'admin', 'Suspended'),
    (11, 'Alicia', 'Fleming', 'kathleenlarson@example.net', 'admin', 'Suspended'),
    (12, 'Rebecca', 'Raymond', 'zmills@example.com', 'attendee', 'Suspended'),
    (13, 'Angela', 'Thomas', 'michaeladkins@example.com', 'organizer', 'Active'),
    (14, 'Kimberly', 'Knox', 'michael24@example.net', 'attendee', 'Active'),
    (15, 'Tyler', 'Meadows', 'burnseric@example.net', 'admin', 'Suspended'),
    (16, 'Melanie', 'Jones', 'josephdouglas@example.org', 'admin', 'Suspended'),
    (17, 'Michael', 'Edwards', 'jamie02@example.com', 'admin', 'Suspended'),
    (18, 'Joshua', 'Osborne', 'marc03@example.net', 'organizer', 'Suspended'),
    (19, 'Denise', 'Ball', 'stevenfernandez@example.com', 'attendee', 'Suspended'),
    (20, 'Jessica', 'Torres', 'qbrown@example.com', 'organizer', 'Suspended'),
    (21, 'Cristian', 'Foster', 'omar15@example.com', 'admin', 'Active'),
    (22, 'Amanda', 'Adams', 'aliciapatel@example.net', 'organizer', 'Active'),
    (23, 'Paul', 'Jimenez', 'andrea56@example.com', 'admin', 'Suspended'),
    (24, 'Patricia', 'Vasquez', 'katherine25@example.net', 'attendee', 'Active'),
    (25, 'Brian', 'Kelly', 'rwilliams@example.net', 'organizer', 'Suspended'),
    (26, 'Kevin', 'Schaefer', 'jlewis@example.org', 'attendee', 'Active'),
    (27, 'Christine', 'Krueger', 'deanamy@example.org', 'attendee', 'Suspended'),
    (28, 'Ashley', 'Floyd', 'joe48@example.net', 'attendee', 'Active'),
    (29, 'Madison', 'Taylor', 'michaelmarsh@example.org', 'attendee', 'Suspended'),
    (30, 'Linda', 'Bowman', 'spencerdonna@example.com', 'organizer', 'Suspended'),
    (31, 'Matthew', 'Jefferson', 'bobbybarnes@example.org', 'attendee', 'Active'),
    (32, 'Jason', 'Gonzalez', 'sbarber@example.com', 'attendee', 'Active'),
    (33, 'Heather', 'Ramirez', 'richardhuynh@example.com', 'attendee', 'Suspended'),
    (34, 'Megan', 'Oliver', 'mgreen@example.org', 'organizer', 'Active'),
    (35, 'Michele', 'Curtis', 'david29@example.com', 'attendee', 'Active'),
    (36, 'Michael', 'Bell', 'owu@example.net', 'organizer', 'Suspended'),
    (37, 'Adam', 'Young', 'tammy28@example.net', 'attendee', 'Active'),
    (38, 'Richard', 'Holmes', 'adamjackson@example.com', 'attendee', 'Suspended'),
    (39, 'Karla', 'Villanueva', 'lori06@example.net', 'organizer', 'Active'),
    (40, 'Jon', 'Hernandez', 'julie36@example.org', 'attendee', 'Active'),
    (41, 'Laura', 'Nelson', 'christinamorgan@example.net', 'admin', 'Suspended'),
    (42, 'Jennifer', 'Smith', 'shawn12@example.net', 'attendee', 'Suspended'),
    (43, 'Dennis', 'Odom', 'daniel76@example.org', 'organizer', 'Active'),
    (44, 'Dave', 'Hopkins', 'sbaker@example.org', 'organizer', 'Active'),
    (45, 'Margaret', 'Baldwin', 'qtaylor@example.com', 'admin', 'Active'),
    (46, 'Andrea', 'Weber', 'bmedina@example.net', 'attendee', 'Suspended'),
    (47, 'Paul', 'Williams', 'vazquezjo@example.org', 'organizer', 'Suspended'),
    (48, 'Nicole', 'Black', 'sharon30@example.org', 'admin', 'Suspended'),
    (49, 'Michael', 'Thompson', 'daniel99@example.com', 'attendee', 'Suspended'),
    (50, 'Jennifer', 'Navarro', 'nicole09@example.com', 'organizer', 'Suspended'),
    (51, 'Isaiah', 'Jefferson', 'johnsonryan@example.org', 'attendee', 'Active'),
    (52, 'Tiffany', 'Hunt', 'dunnchristine@example.net', 'attendee', 'Active'),
    (53, 'Robert', 'Salinas', 'jlynch@example.com', 'admin', 'Active'),
    (54, 'Paul', 'Flowers', 'strongbryan@example.com', 'attendee', 'Suspended'),
    (55, 'James', 'Dillon', 'olivia44@example.net', 'organizer', 'Suspended'),
    (56, 'Damon', 'Watts', 'youngpaul@example.org', 'admin', 'Active'),
    (57, 'Jason', 'Murillo', 'tracy66@example.com', 'admin', 'Suspended'),
    (58, 'Sharon', 'Hartman', 'kdyer@example.org', 'admin', 'Active'),
    (59, 'Carolyn', 'Proctor', 'beckypreston@example.net', 'admin', 'Active'),
    (60, 'Elizabeth', 'Wilson', 'marybowman@example.org', 'organizer', 'Active'),
    (61, 'Jesse', 'Cole', 'smithvicki@example.com', 'attendee', 'Active'),
    (62, 'Luke', 'Shah', 'fthomas@example.com', 'attendee', 'Active'),
    (63, 'Julie', 'Lopez', 'russellronnie@example.org', 'admin', 'Active'),
    (64, 'Jacob', 'Proctor', 'scott65@example.com', 'organizer', 'Suspended'),
    (65, 'Lauren', 'Hughes', 'elizabeth12@example.com', 'organizer', 'Active'),
    (66, 'Joshua', 'Moore', 'kristinaewing@example.org', 'admin', 'Suspended'),
    (67, 'Tiffany', 'Jones', 'johnsonrobert@example.net', 'attendee', 'Suspended'),
    (68, 'Erica', 'Ray', 'harry67@example.com', 'admin', 'Active'),
    (69, 'Phillip', 'Johnson', 'cjones@example.com', 'organizer', 'Active'),
    (70, 'Jennifer', 'Fernandez', 'sdouglas@example.org', 'organizer', 'Suspended'),
    (71, 'Richard', 'Gallagher', 'fewing@example.org', 'admin', 'Active'),
    (72, 'David', 'Werner', 'jennifer00@example.com', 'organizer', 'Suspended'),
    (73, 'Kimberly', 'Turner', 'mary63@example.com', 'organizer', 'Suspended'),
    (74, 'Megan', 'Perez', 'daniel19@example.com', 'admin', 'Active'),
    (75, 'Shawn', 'Rocha', 'chelsea67@example.com', 'attendee', 'Active'),
    (76, 'Deborah', 'Hughes', 'philip93@example.com', 'attendee', 'Active'),
    (77, 'David', 'Erickson', 'brendasalinas@example.net', 'attendee', 'Active'),
    (78, 'Jamie', 'Ford', 'mariarussell@example.com', 'admin', 'Suspended'),
    (79, 'William', 'Savage', 'obarnes@example.org', 'attendee', 'Suspended'),
    (80, 'William', 'Cole', 'lisa39@example.com', 'attendee', 'Active'),
    (81, 'Kelly', 'Dominguez', 'lawrence50@example.net', 'attendee', 'Active'),
    (82, 'Cameron', 'Green', 'gregorysmith@example.com', 'attendee', 'Active'),
    (83, 'Willie', 'James', 'greenwendy@example.org', 'organizer', 'Suspended'),
    (84, 'Megan', 'Hayden', 'hbowers@example.org', 'admin', 'Suspended'),
    (85, 'Eric', 'Bridges', 'ogarcia@example.com', 'attendee', 'Suspended'),
    (86, 'Erin', 'Sanchez', 'zvasquez@example.org', 'attendee', 'Suspended'),
    (87, 'Morgan', 'Sanders', 'dunnconnie@example.net', 'admin', 'Active'),
    (88, 'Kelli', 'Dunn', 'mward@example.com', 'admin', 'Active'),
    (89, 'Priscilla', 'Waters', 'kellyclements@example.org', 'attendee', 'Suspended'),
    (90, 'Joshua', 'Kirk', 'villaelizabeth@example.com', 'admin', 'Active'),
    (91, 'Courtney', 'Case', 'karen02@example.com', 'admin', 'Suspended'),
    (92, 'Brian', 'Anderson', 'amandalarsen@example.org', 'attendee', 'Suspended'),
    (93, 'Andrea', 'Cooper', 'powersjoshua@example.net', 'admin', 'Suspended'),
    (94, 'Mary', 'Smith', 'briangonzalez@example.com', 'attendee', 'Active'),
    (95, 'Jennifer', 'Reyes', 'salinasgeorge@example.com', 'admin', 'Active'),
    (96, 'Christina', 'Schmidt', 'kmatthews@example.org', 'admin', 'Active'),
    (97, 'Anthony', 'Gordon', 'john56@example.org', 'attendee', 'Suspended'),
    (98, 'Brian', 'Sanchez', 'grantvictoria@example.net', 'organizer', 'Active'),
    (99, 'Jennifer', 'Ford', 'karensmith@example.net', 'admin', 'Active'),
    (100, 'Melissa', 'Stevens', 'ruthfuentes@example.com', 'attendee', 'Active'),
    (101, 'Francisco', 'Ellis', 'melissa37@example.com', 'organizer', 'Suspended'),
    (102, 'William', 'Abbott', 'hbartlett@example.org', 'organizer', 'Active'),
    (103, 'Jasmine', 'Roberts', 'kwilson@example.org', 'organizer', 'Active'),
    (104, 'Madeline', 'Johnson', 'courtney86@example.net', 'admin', 'Active'),
    (105, 'Michael', 'Stewart', 'yangwilliam@example.org', 'attendee', 'Active'),
    (106, 'Sarah', 'Ortega', 'ramseykayla@example.net', 'attendee', 'Suspended'),
    (107, 'Becky', 'Taylor', 'levinematthew@example.com', 'organizer', 'Active'),
    (108, 'Michael', 'Jackson', 'jeffreynelson@example.org', 'organizer', 'Suspended'),
    (109, 'Rebecca', 'Williams', 'davidsanchez@example.com', 'organizer', 'Suspended'),
    (110, 'Charles', 'Robinson', 'wileyjonathan@example.com', 'attendee', 'Active'),
    (111, 'Logan', 'Taylor', 'nbright@example.com', 'admin', 'Suspended'),
    (112, 'Cathy', 'Jenkins', 'peggy65@example.com', 'admin', 'Suspended'),
    (113, 'Alejandra', 'Mitchell', 'tiffany44@example.com', 'attendee', 'Suspended'),
    (114, 'Mark', 'Garcia', 'colesherry@example.com', 'organizer', 'Suspended'),
    (115, 'Christian', 'Young', 'myerskatie@example.net', 'attendee', 'Suspended'),
    (116, 'Robert', 'Mejia', 'fernando75@example.net', 'attendee', 'Suspended'),
    (117, 'Alexandra', 'Wilkins', 'williamkline@example.net', 'admin', 'Active'),
    (118, 'Lauren', 'Boyd', 'patrick67@example.org', 'attendee', 'Active'),
    (119, 'Benjamin', 'Johnston', 'smolina@example.com', 'attendee', 'Suspended'),
    (120, 'Monica', 'Ward', 'wgraves@example.net', 'organizer', 'Suspended'),
    (121, 'Janice', 'Henderson', 'david91@example.org', 'admin', 'Suspended'),
    (122, 'Eric', 'Castillo', 'michaelmcguire@example.org', 'attendee', 'Active'),
    (123, 'Elizabeth', 'Webb', 'karlgarrett@example.net', 'admin', 'Active'),
    (124, 'Barbara', 'Hudson', 'isaacstewart@example.net', 'admin', 'Suspended'),
    (125, 'Brittany', 'Wright', 'petersonloretta@example.org', 'organizer', 'Suspended'),
    (126, 'Travis', 'Parks', 'amanning@example.net', 'attendee', 'Suspended'),
    (127, 'Daniel', 'Cisneros', 'williamsemma@example.com', 'admin', 'Suspended'),
    (128, 'James', 'Woods', 'aaronsantana@example.org', 'organizer', 'Suspended'),
    (129, 'Kathryn', 'Juarez', 'snowjames@example.com', 'admin', 'Active'),
    (130, 'Sydney', 'Weiss', 'susanmay@example.org', 'organizer', 'Suspended'),
    (131, 'Anthony', 'Meyer', 'patricia00@example.net', 'admin', 'Suspended'),
    (132, 'Christopher', 'Harris', 'xsalinas@example.com', 'attendee', 'Suspended'),
    (133, 'Michele', 'Kirby', 'wrightryan@example.com', 'admin', 'Active'),
    (134, 'Crystal', 'Sanchez', 'whiteheadsean@example.net', 'admin', 'Active'),
    (135, 'Kelly', 'Griffin', 'coxroberto@example.org', 'organizer', 'Suspended'),
    (136, 'Cody', 'Santos', 'davidschwartz@example.org', 'admin', 'Suspended'),
    (137, 'Kevin', 'Cooper', 'zachary53@example.net', 'admin', 'Suspended'),
    (138, 'Nicholas', 'Cox', 'stephensmith@example.net', 'admin', 'Suspended'),
    (139, 'Diane', 'Strong', 'mackenziegarcia@example.com', 'attendee', 'Active'),
    (140, 'Stephanie', 'Vasquez', 'mjohnson@example.com', 'attendee', 'Suspended'),
    (141, 'Matthew', 'Leon', 'ginasilva@example.org', 'attendee', 'Suspended'),
    (142, 'Thomas', 'Thomas', 'xtaylor@example.com', 'organizer', 'Active'),
    (143, 'Andrew', 'Garrett', 'melissa25@example.com', 'attendee', 'Active'),
    (144, 'Travis', 'Camacho', 'annette93@example.com', 'organizer', 'Active'),
    (145, 'Matthew', 'Watson', 'robert25@example.net', 'admin', 'Suspended'),
    (146, 'Krystal', 'Owens', 'edwardskimberly@example.org', 'admin', 'Active'),
    (147, 'Bruce', 'George', 'svaldez@example.org', 'organizer', 'Active'),
    (148, 'Eric', 'Butler', 'edwardpowell@example.org', 'admin', 'Suspended'),
    (149, 'Morgan', 'Franklin', 'christopher98@example.org', 'attendee', 'Active'),
    (150, 'James', 'Nelson', 'jennifer72@example.net', 'organizer', 'Active'),
    (151, 'Jeffery', 'Wagner', 'hayden53@example.net', 'attendee', 'Active'),
    (152, 'Andrew', 'Martin', 'craig35@example.net', 'attendee', 'Suspended'),
    (153, 'Vickie', 'Baker', 'ryan89@example.net', 'admin', 'Active'),
    (154, 'Henry', 'Walker', 'virginiakelley@example.com', 'organizer', 'Suspended'),
    (155, 'Samantha', 'Pope', 'cheyenne10@example.com', 'attendee', 'Active'),
    (156, 'Patricia', 'Owens', 'rodriguezcolleen@example.org', 'organizer', 'Suspended'),
    (157, 'Amy', 'Garrison', 'hamiltonkevin@example.net', 'admin', 'Active'),
    (158, 'Patrick', 'Richardson', 'jessicaburton@example.net', 'attendee', 'Active'),
    (159, 'Michelle', 'Thompson', 'wbuck@example.com', 'attendee', 'Active'),
    (160, 'Lisa', 'Casey', 'fvega@example.org', 'admin', 'Active'),
    (161, 'Nicholas', 'King', 'richard60@example.com', 'admin', 'Suspended'),
    (162, 'Andrew', 'Marks', 'rebecca31@example.org', 'admin', 'Active'),
    (163, 'Karen', 'Fritz', 'justin32@example.org', 'admin', 'Suspended'),
    (164, 'Brittany', 'Williams', 'cheyenne49@example.org', 'organizer', 'Active'),
    (165, 'Suzanne', 'Nguyen', 'ujames@example.org', 'admin', 'Active'),
    (166, 'Charles', 'Andrews', 'mcconnellelizabeth@example.net', 'attendee', 'Active'),
    (167, 'Cesar', 'Hanson', 'scottramirez@example.net', 'admin', 'Suspended'),
    (168, 'Stacy', 'Torres', 'deanbrenda@example.net', 'attendee', 'Suspended'),
    (169, 'Brian', 'Collins', 'thorntonjeremy@example.net', 'organizer', 'Suspended'),
    (170, 'Hunter', 'Molina', 'sjohnston@example.com', 'attendee', 'Active'),
    (171, 'Lisa', 'Wilson', 'ronnie74@example.net', 'organizer', 'Active'),
    (172, 'Martin', 'Francis', 'grobinson@example.com', 'organizer', 'Suspended'),
    (173, 'Victoria', 'Best', 'zjohnson@example.net', 'admin', 'Active'),
    (174, 'Chad', 'Jones', 'kristenbennett@example.net', 'admin', 'Active'),
    (175, 'Cameron', 'Cooper', 'sandra04@example.org', 'admin', 'Suspended'),
    (176, 'Scott', 'Allen', 'fdeleon@example.net', 'attendee', 'Suspended'),
    (177, 'Manuel', 'Armstrong', 'mark08@example.com', 'organizer', 'Suspended'),
    (178, 'Jack', 'Maddox', 'mason51@example.net', 'admin', 'Active'),
    (179, 'Crystal', 'West', 'tiffanygonzales@example.net', 'attendee', 'Active'),
    (180, 'William', 'Hernandez', 'jgriffith@example.net', 'organizer', 'Active'),
    (181, 'Alexis', 'Mitchell', 'lisa59@example.net', 'admin', 'Suspended'),
    (182, 'Heather', 'Gibbs', 'cgarcia@example.net', 'admin', 'Active'),
    (183, 'Yvonne', 'Sims', 'pcox@example.net', 'attendee', 'Suspended'),
    (184, 'Ashley', 'Rangel', 'sherryscott@example.org', 'admin', 'Suspended'),
    (185, 'Mitchell', 'Smith', 'castanedarichard@example.net', 'attendee', 'Active'),
    (186, 'Angela', 'Butler', 'brandongardner@example.org', 'organizer', 'Active'),
    (187, 'Joseph', 'Esparza', 'campbellkenneth@example.org', 'organizer', 'Suspended'),
    (188, 'Kimberly', 'Webb', 'cunninghamlisa@example.net', 'attendee', 'Active'),
    (189, 'Aaron', 'Jackson', 'stephen40@example.com', 'attendee', 'Suspended'),
    (190, 'Jose', 'Jones', 'brian18@example.net', 'attendee', 'Suspended'),
    (191, 'Alvin', 'Brown', 'carterlaura@example.org', 'organizer', 'Active'),
    (192, 'Michael', 'Fox', 'tsandoval@example.org', 'organizer', 'Active'),
    (193, 'Jodi', 'Sanchez', 'mccannkimberly@example.net', 'admin', 'Suspended'),
    (194, 'Ricky', 'Fisher', 'jasmine63@example.net', 'admin', 'Active'),
    (195, 'Joseph', 'Lee', 'amiller@example.net', 'organizer', 'Suspended'),
    (196, 'Cynthia', 'Paul', 'mclaughlinsheila@example.com', 'attendee', 'Active'),
    (197, 'Joseph', 'Rojas', 'stevensonjamie@example.org', 'attendee', 'Active'),
    (198, 'Billy', 'Taylor', 'james97@example.net', 'attendee', 'Suspended'),
    (199, 'Robert', 'Wagner', 'ryanmatthew@example.com', 'attendee', 'Suspended'),
    (200, 'Patricia', 'King', 'timothy54@example.com', 'attendee', 'Suspended'),
    (201, 'Brittany', 'Morton', 'leejames@example.net', 'organizer', 'Active'),
    (202, 'Christopher', 'Miller', 'nelsonselena@example.org', 'attendee', 'Suspended'),
    (203, 'Nicholas', 'Gonzalez', 'spencerkrystal@example.net', 'attendee', 'Suspended'),
    (204, 'David', 'Moody', 'starkjeremy@example.org', 'attendee', 'Suspended'),
    (205, 'David', 'Hutchinson', 'timothy05@example.org', 'attendee', 'Active'),
    (206, 'Donald', 'Aguilar', 'courtneyanderson@example.org', 'attendee', 'Active'),
    (207, 'Bryan', 'Meyers', 'dawnvargas@example.net', 'organizer', 'Suspended'),
    (208, 'David', 'Mendez', 'michaelfox@example.org', 'organizer', 'Suspended'),
    (209, 'Laura', 'Stephens', 'gwatson@example.org', 'admin', 'Active'),
    (210, 'Adam', 'Barrett', 'matthew54@example.com', 'attendee', 'Suspended'),
    (211, 'Travis', 'Baker', 'mary08@example.com', 'attendee', 'Active'),
    (212, 'Ashley', 'Collins', 'nancy22@example.org', 'attendee', 'Active'),
    (213, 'Jeffrey', 'Sanchez', 'wlarson@example.net', 'attendee', 'Active'),
    (214, 'Vincent', 'Garcia', 'samanthamullins@example.com', 'attendee', 'Suspended'),
    (215, 'Cindy', 'Hernandez', 'kschwartz@example.net', 'attendee', 'Active'),
    (216, 'Laura', 'Perez', 'angelaramirez@example.com', 'attendee', 'Suspended'),
    (217, 'Amy', 'Garcia', 'wukim@example.org', 'admin', 'Suspended'),
    (218, 'Thomas', 'Gross', 'nicholaslloyd@example.net', 'organizer', 'Active'),
    (219, 'Tammy', 'Ross', 'eryan@example.org', 'organizer', 'Suspended'),
    (220, 'Barbara', 'Lane', 'wilsonmichael@example.org', 'attendee', 'Active'),
    (221, 'Breanna', 'Miller', 'danagriffin@example.org', 'organizer', 'Active'),
    (222, 'Barbara', 'Weaver', 'williamli@example.com', 'attendee', 'Suspended'),
    (223, 'Christopher', 'Rogers', 'kristiejacobs@example.net', 'organizer', 'Suspended'),
    (224, 'Timothy', 'Clark', 'heidiaustin@example.com', 'organizer', 'Active'),
    (225, 'Lynn', 'Houston', 'james06@example.org', 'admin', 'Suspended'),
    (226, 'Jennifer', 'Mitchell', 'yvonnehale@example.net', 'admin', 'Suspended'),
    (227, 'Steven', 'Lang', 'richard84@example.net', 'admin', 'Suspended'),
    (228, 'Michelle', 'Ross', 'michaelmitchell@example.net', 'organizer', 'Suspended'),
    (229, 'Amber', 'Casey', 'bwolf@example.com', 'admin', 'Suspended'),
    (230, 'Mary', 'Mcdonald', 'michael21@example.net', 'attendee', 'Active'),
    (231, 'Nicholas', 'Perry', 'mwilkins@example.com', 'admin', 'Active'),
    (232, 'Jessica', 'Lopez', 'joshua63@example.com', 'organizer', 'Active'),
    (233, 'Thomas', 'Glass', 'walshanthony@example.net', 'attendee', 'Active'),
    (234, 'Daniel', 'Hayes', 'nbennett@example.com', 'admin', 'Active'),
    (235, 'Susan', 'Preston', 'fle@example.com', 'organizer', 'Active'),
    (236, 'Hector', 'Huang', 'jholt@example.org', 'admin', 'Active'),
    (237, 'Lisa', 'Mercado', 'mark72@example.com', 'admin', 'Suspended'),
    (238, 'Mary', 'Hughes', 'fbrown@example.org', 'organizer', 'Active'),
    (239, 'Theodore', 'Pope', 'lstrong@example.org', 'attendee', 'Active'),
    (240, 'Christopher', 'Williams', 'edwardsdennis@example.org', 'attendee', 'Suspended'),
    (241, 'Aaron', 'Shelton', 'ychen@example.com', 'attendee', 'Active'),
    (242, 'Veronica', 'Wolfe', 'rebeccabond@example.com', 'attendee', 'Suspended'),
    (243, 'Thomas', 'Wagner', 'cscott@example.com', 'organizer', 'Active'),
    (244, 'Michael', 'Price', 'bharris@example.net', 'organizer', 'Active'),
    (245, 'Christopher', 'Schwartz', 'christine20@example.com', 'organizer', 'Suspended'),
    (246, 'Angela', 'Boone', 'lyonskristen@example.com', 'attendee', 'Active'),
    (247, 'Jennifer', 'Arnold', 'thompsonstacy@example.com', 'admin', 'Active'),
    (248, 'Jennifer', 'Clark', 'larsonbobby@example.net', 'attendee', 'Suspended'),
    (249, 'Andrea', 'Allison', 'huberamber@example.com', 'organizer', 'Active'),
    (250, 'Nichole', 'Vargas', 'qgeorge@example.org', 'organizer', 'Active'),
    (251, 'Chloe', 'Hull', 'maguirre@example.org', 'admin', 'Suspended'),
    (252, 'Gregory', 'Hunter', 'joshua88@example.org', 'attendee', 'Suspended'),
    (253, 'Amanda', 'Webster', 'brianjones@example.org', 'organizer', 'Suspended'),
    (254, 'Philip', 'Brown', 'fmccall@example.net', 'admin', 'Active'),
    (255, 'Eric', 'Charles', 'prestonjessica@example.net', 'organizer', 'Suspended'),
    (256, 'Gabriel', 'Ray', 'armstrongjeremy@example.com', 'organizer', 'Suspended'),
    (257, 'Destiny', 'Thomas', 'uvaldez@example.net', 'attendee', 'Active'),
    (258, 'Nathaniel', 'Martinez', 'william09@example.net', 'admin', 'Active'),
    (259, 'Hannah', 'Miller', 'wheelerkristine@example.org', 'admin', 'Active'),
    (260, 'Michael', 'Perez', 'bennettkelly@example.net', 'attendee', 'Active'),
    (261, 'Ronald', 'Cuevas', 'yburton@example.com', 'admin', 'Active'),
    (262, 'Eric', 'Saunders', 'dalesmith@example.com', 'attendee', 'Suspended'),
    (263, 'Steven', 'Walker', 'normaparker@example.com', 'admin', 'Active'),
    (264, 'Andrew', 'Spencer', 'bsmith@example.com', 'attendee', 'Suspended'),
    (265, 'Rebecca', 'Lynn', 'xjarvis@example.org', 'organizer', 'Active'),
    (266, 'Sergio', 'Daniels', 'mullinstammy@example.com', 'admin', 'Active'),
    (267, 'Ryan', 'Robinson', 'bakercarmen@example.org', 'organizer', 'Suspended'),
    (268, 'Sara', 'Brooks', 'juarezpamela@example.org', 'admin', 'Suspended'),
    (269, 'Jamie', 'Rowland', 'ashley25@example.org', 'organizer', 'Suspended'),
    (270, 'Anthony', 'Lee', 'jonathan87@example.com', 'organizer', 'Suspended'),
    (271, 'Savannah', 'Brown', 'mary19@example.net', 'admin', 'Suspended'),
    (272, 'Steven', 'Benson', 'msanchez@example.net', 'attendee', 'Suspended'),
    (273, 'Jonathan', 'Reilly', 'bautistajames@example.org', 'attendee', 'Active'),
    (274, 'Erin', 'Evans', 'vford@example.net', 'attendee', 'Active'),
    (275, 'Edward', 'Potter', 'schristian@example.net', 'organizer', 'Active'),
    (276, 'James', 'Lewis', 'qbrock@example.org', 'attendee', 'Active'),
    (277, 'Darryl', 'Salinas', 'sarahjenkins@example.org', 'attendee', 'Active'),
    (278, 'Joseph', 'Adams', 'brian73@example.net', 'attendee', 'Suspended'),
    (279, 'Richard', 'Hardy', 'scottnguyen@example.com', 'organizer', 'Suspended'),
    (280, 'Shawn', 'Rodriguez', 'alexandra65@example.net', 'admin', 'Suspended'),
    (281, 'Philip', 'Campos', 'skinnerlindsay@example.com', 'organizer', 'Active'),
    (282, 'Diana', 'Acosta', 'barnesbrittany@example.org', 'organizer', 'Suspended'),
    (283, 'Benjamin', 'Rodriguez', 'martinjames@example.com', 'organizer', 'Suspended'),
    (284, 'Christopher', 'Johnson', 'samantha66@example.net', 'admin', 'Active'),
    (285, 'Bonnie', 'Woodward', 'melissa73@example.org', 'admin', 'Active'),
    (286, 'Rhonda', 'Santiago', 'hamiltonanthony@example.org', 'admin', 'Active'),
    (287, 'Bradley', 'Walker', 'stephanie58@example.com', 'attendee', 'Suspended'),
    (288, 'Emily', 'Stevens', 'dianahale@example.com', 'attendee', 'Suspended'),
    (289, 'Natalie', 'Brown', 'franciscomckinney@example.com', 'admin', 'Suspended'),
    (290, 'Robert', 'Larson', 'michelle59@example.org', 'admin', 'Active'),
    (291, 'Adrian', 'Estes', 'chad08@example.org', 'attendee', 'Active'),
    (292, 'Jessica', 'Bailey', 'tcooper@example.org', 'admin', 'Active'),
    (293, 'Thomas', 'Howard', 'crawfordgarrett@example.net', 'admin', 'Suspended'),
    (294, 'Tyler', 'Berry', 'rmiller@example.net', 'admin', 'Active'),
    (295, 'Richard', 'Pham', 'potterhunter@example.com', 'admin', 'Suspended'),
    (296, 'Mark', 'Wilson', 'joshuawalker@example.org', 'attendee', 'Active'),
    (297, 'Robert', 'Cobb', 'pweber@example.net', 'organizer', 'Suspended'),
    (298, 'Brian', 'Norman', 'laura63@example.org', 'admin', 'Active'),
    (299, 'Jeffery', 'Brown', 'slittle@example.net', 'attendee', 'Suspended'),
    (300, 'Robert', 'Jones', 'darlene80@example.net', 'admin', 'Suspended'),
    (301, 'Christopher', 'Brown', 'xnelson@example.net', 'attendee', 'Active'),
    (302, 'James', 'Williams', 'opowell@example.com', 'attendee', 'Active'),
    (303, 'Kayla', 'Preston', 'clarkgloria@example.org', 'organizer', 'Suspended'),
    (304, 'David', 'Brown', 'alexanderhouse@example.net', 'organizer', 'Suspended'),
    (305, 'Michael', 'Nelson', 'lindsey64@example.org', 'admin', 'Active'),
    (306, 'William', 'Mack', 'dominguezbrent@example.org', 'admin', 'Active'),
    (307, 'Jeffrey', 'Holland', 'jgonzalez@example.net', 'attendee', 'Suspended'),
    (308, 'Michael', 'Chang', 'tim08@example.org', 'organizer', 'Active'),
    (309, 'Sarah', 'Wood', 'parkerjerry@example.org', 'admin', 'Active'),
    (310, 'Bryan', 'Hinton', 'jschneider@example.com', 'attendee', 'Suspended'),
    (311, 'Jeffrey', 'Nelson', 'catherinemitchell@example.org', 'admin', 'Suspended'),
    (312, 'Laurie', 'Mccann', 'bensonnathan@example.org', 'organizer', 'Suspended'),
    (313, 'Ryan', 'Hansen', 'fordthomas@example.org', 'attendee', 'Suspended'),
    (314, 'Kevin', 'Davis', 'joseph75@example.com', 'attendee', 'Active'),
    (315, 'Christina', 'Marshall', 'travissteele@example.org', 'organizer', 'Active'),
    (316, 'Carmen', 'Rodriguez', 'sbest@example.net', 'organizer', 'Suspended'),
    (317, 'Christina', 'Acosta', 'fjohnston@example.net', 'organizer', 'Suspended'),
    (318, 'Brenda', 'Guerra', 'hawkinsjohn@example.org', 'organizer', 'Active'),
    (319, 'Nicholas', 'Brooks', 'josephchandler@example.com', 'organizer', 'Active'),
    (320, 'Sarah', 'Daniels', 'ericanderson@example.net', 'organizer', 'Active'),
    (321, 'April', 'Butler', 'sally15@example.com', 'admin', 'Suspended'),
    (322, 'Jacob', 'Taylor', 'wmorales@example.org', 'admin', 'Active'),
    (323, 'Kayla', 'Wheeler', 'georgemiller@example.org', 'admin', 'Active'),
    (324, 'Andrew', 'White', 'matthewmcdowell@example.net', 'organizer', 'Active'),
    (325, 'Lisa', 'Taylor', 'david42@example.net', 'admin', 'Suspended'),
    (326, 'Joshua', 'Thomas', 'qpruitt@example.org', 'admin', 'Active'),
    (327, 'Amanda', 'Smith', 'mcdonaldjessica@example.org', 'attendee', 'Active'),
    (328, 'Stephanie', 'Velasquez', 'matthew61@example.org', 'admin', 'Suspended'),
    (329, 'Nancy', 'Watson', 'christinehurst@example.org', 'admin', 'Active'),
    (330, 'David', 'Barron', 'guerreroalison@example.com', 'organizer', 'Active'),
    (331, 'Sara', 'Morris', 'wbaker@example.org', 'attendee', 'Active'),
    (332, 'Anthony', 'Smith', 'lynn25@example.com', 'admin', 'Suspended'),
    (333, 'Brandon', 'Hall', 'jonesdaniel@example.org', 'admin', 'Suspended'),
    (334, 'Shane', 'Davis', 'michellelopez@example.net', 'admin', 'Suspended'),
    (335, 'James', 'Owen', 'chad98@example.org', 'attendee', 'Suspended'),
    (336, 'Zachary', 'Vazquez', 'jeffrey55@example.net', 'admin', 'Suspended'),
    (337, 'Stacy', 'Meyers', 'ryancollins@example.net', 'attendee', 'Suspended'),
    (338, 'Logan', 'Werner', 'brownerik@example.net', 'admin', 'Active'),
    (339, 'Sandra', 'Moore', 'martinezscott@example.org', 'organizer', 'Suspended'),
    (340, 'Cynthia', 'Horn', 'angelajames@example.org', 'organizer', 'Suspended'),
    (341, 'Katherine', 'Pruitt', 'daniellemcfarland@example.org', 'organizer', 'Suspended'),
    (342, 'Robert', 'Owens', 'thuff@example.net', 'admin', 'Active'),
    (343, 'Patricia', 'Sanchez', 'david87@example.com', 'attendee', 'Active'),
    (344, 'Ethan', 'Johnson', 'peterhall@example.net', 'attendee', 'Suspended'),
    (345, 'Hailey', 'Stout', 'jennifer75@example.com', 'admin', 'Suspended'),
    (346, 'Marcus', 'Baxter', 'diane45@example.org', 'admin', 'Suspended'),
    (347, 'Laurie', 'Torres', 'santosjessica@example.net', 'attendee', 'Active'),
    (348, 'Amanda', 'Thomas', 'tamara46@example.org', 'organizer', 'Active'),
    (349, 'Heather', 'Smith', 'carlos74@example.net', 'attendee', 'Active'),
    (350, 'Marilyn', 'Brooks', 'jonesjeremy@example.com', 'organizer', 'Active'),
    (351, 'Michelle', 'Lopez', 'ijohnson@example.com', 'organizer', 'Suspended'),
    (352, 'Lynn', 'Crawford', 'murrayanna@example.com', 'attendee', 'Suspended'),
    (353, 'Stacey', 'Hanson', 'breanna47@example.org', 'organizer', 'Suspended'),
    (354, 'Michael', 'Sweeney', 'debra89@example.org', 'organizer', 'Active'),
    (355, 'Katherine', 'Butler', 'yluna@example.com', 'attendee', 'Suspended'),
    (356, 'Scott', 'Gutierrez', 'stevensondanny@example.com', 'admin', 'Active'),
    (357, 'Amy', 'Pena', 'josephsanford@example.net', 'organizer', 'Suspended'),
    (358, 'David', 'Nash', 'bgriffin@example.net', 'organizer', 'Active'),
    (359, 'Jamie', 'Wright', 'marshallsandra@example.net', 'organizer', 'Active'),
    (360, 'Alicia', 'Moore', 'christopher67@example.com', 'attendee', 'Active'),
    (361, 'Stephen', 'Foster', 'ashleypittman@example.org', 'organizer', 'Active'),
    (362, 'Donna', 'Merritt', 'kdavies@example.org', 'admin', 'Suspended'),
    (363, 'Elaine', 'Morgan', 'warnerlacey@example.com', 'organizer', 'Suspended'),
    (364, 'William', 'Ruiz', 'arellanojose@example.org', 'admin', 'Suspended'),
    (365, 'Taylor', 'Burgess', 'michael22@example.net', 'attendee', 'Suspended'),
    (366, 'Norma', 'Harris', 'vsanders@example.org', 'organizer', 'Suspended'),
    (367, 'Rebecca', 'Hall', 'kristi15@example.com', 'admin', 'Suspended'),
    (368, 'Paige', 'Gomez', 'christopher42@example.com', 'organizer', 'Active'),
    (369, 'Amanda', 'Graham', 'becksarah@example.net', 'admin', 'Suspended'),
    (370, 'Daniel', 'Mathews', 'ojackson@example.org', 'attendee', 'Active'),
    (371, 'Brianna', 'Williamson', 'markhobbs@example.com', 'attendee', 'Suspended'),
    (372, 'Tyler', 'Key', 'garyblake@example.net', 'attendee', 'Suspended'),
    (373, 'Savannah', 'Thompson', 'melanie50@example.com', 'attendee', 'Active'),
    (374, 'Gregory', 'Decker', 'wross@example.com', 'organizer', 'Active'),
    (375, 'Emily', 'Garza', 'kevinreynolds@example.org', 'organizer', 'Suspended'),
    (376, 'Jill', 'Ramsey', 'johnharding@example.com', 'organizer', 'Active'),
    (377, 'Anna', 'Johnson', 'jonathanowen@example.net', 'admin', 'Suspended'),
    (378, 'John', 'Nguyen', 'avilasandra@example.com', 'attendee', 'Active'),
    (379, 'Angela', 'Bauer', 'gwendolynharris@example.org', 'organizer', 'Suspended'),
    (380, 'Michael', 'Solis', 'hickmanalexandra@example.com', 'attendee', 'Active'),
    (381, 'William', 'Cox', 'monica32@example.org', 'admin', 'Active'),
    (382, 'Martin', 'Torres', 'lawrence87@example.net', 'admin', 'Suspended'),
    (383, 'Kimberly', 'Morgan', 'lee72@example.com', 'attendee', 'Suspended'),
    (384, 'Austin', 'Miller', 'oburton@example.com', 'admin', 'Suspended'),
    (385, 'Laura', 'Cox', 'nsmith@example.org', 'organizer', 'Suspended'),
    (386, 'Michelle', 'Montgomery', 'lewisjessica@example.org', 'attendee', 'Suspended'),
    (387, 'Audrey', 'Smith', 'scottvaughan@example.net', 'attendee', 'Suspended'),
    (388, 'Lisa', 'Long', 'steve39@example.net', 'organizer', 'Active'),
    (389, 'Dale', 'Ashley', 'unovak@example.org', 'admin', 'Active'),
    (390, 'Shannon', 'Blankenship', 'ecollins@example.net', 'admin', 'Active'),
    (391, 'Peter', 'Gonzalez', 'fwallace@example.com', 'organizer', 'Suspended'),
    (392, 'Jeffrey', 'Jones', 'jameslynch@example.net', 'attendee', 'Suspended'),
    (393, 'Heather', 'Johnson', 'fergusontravis@example.org', 'organizer', 'Active'),
    (394, 'Travis', 'Robinson', 'asmith@example.org', 'attendee', 'Active'),
    (395, 'Laura', 'Preston', 'alewis@example.com', 'organizer', 'Suspended'),
    (396, 'Shane', 'Griffin', 'nnichols@example.com', 'admin', 'Active'),
    (397, 'Travis', 'Washington', 'johnsonjane@example.com', 'attendee', 'Active'),
    (398, 'Brian', 'Holmes', 'wbradley@example.org', 'organizer', 'Suspended'),
    (399, 'William', 'Day', 'james05@example.com', 'admin', 'Suspended'),
    (400, 'Emily', 'Maxwell', 'cory77@example.org', 'organizer', 'Active'),
    (401, 'Brian', 'Hines', 'stevenjohnson@example.org', 'attendee', 'Suspended'),
    (402, 'Jack', 'Davis', 'kevinvaldez@example.org', 'organizer', 'Suspended'),
    (403, 'Tammy', 'Morales', 'harrisjaime@example.com', 'admin', 'Suspended'),
    (404, 'Mariah', 'Duran', 'cesaralvarez@example.org', 'organizer', 'Active'),
    (405, 'Amber', 'Foster', 'zgriffin@example.org', 'attendee', 'Active'),
    (406, 'Michelle', 'Green', 'wwaters@example.net', 'admin', 'Suspended'),
    (407, 'Andrew', 'Lopez', 'eric98@example.com', 'attendee', 'Active'),
    (408, 'Jeffrey', 'Beltran', 'luis87@example.com', 'organizer', 'Active'),
    (409, 'Cindy', 'Wolfe', 'jacobbrown@example.org', 'organizer', 'Suspended'),
    (410, 'Victoria', 'Freeman', 'castillocarol@example.org', 'attendee', 'Active'),
    (411, 'Virginia', 'Harmon', 'jakeconway@example.com', 'organizer', 'Suspended'),
    (412, 'Richard', 'Meyer', 'paige09@example.com', 'admin', 'Active'),
    (413, 'Patrick', 'Fitzpatrick', 'prestonholly@example.org', 'attendee', 'Active'),
    (414, 'Russell', 'Ford', 'shahcassandra@example.com', 'attendee', 'Suspended'),
    (415, 'Brian', 'Hicks', 'duane58@example.org', 'organizer', 'Active'),
    (416, 'Kathryn', 'Miller', 'johnsonjessica@example.net', 'admin', 'Suspended'),
    (417, 'Bethany', 'Taylor', 'melissa52@example.com', 'organizer', 'Suspended'),
    (418, 'Michael', 'Boyer', 'amberpowell@example.org', 'attendee', 'Active'),
    (419, 'Jennifer', 'Donaldson', 'blake12@example.com', 'organizer', 'Suspended'),
    (420, 'Valerie', 'Grant', 'dkaufman@example.com', 'organizer', 'Suspended'),
    (421, 'Jonathan', 'Pope', 'laura34@example.org', 'attendee', 'Active'),
    (422, 'Christopher', 'Page', 'jonesamber@example.net', 'attendee', 'Active'),
    (423, 'Jason', 'Todd', 'ballardcaitlyn@example.net', 'attendee', 'Suspended'),
    (424, 'Maria', 'Greene', 'cheryl66@example.org', 'admin', 'Suspended'),
    (425, 'Sylvia', 'Kirby', 'nthomas@example.org', 'admin', 'Active'),
    (426, 'Tina', 'Buck', 'williamsgreg@example.net', 'organizer', 'Suspended'),
    (427, 'Richard', 'Hall', 'ncrawford@example.com', 'attendee', 'Active'),
    (428, 'Charles', 'Rodriguez', 'chandlercharles@example.net', 'admin', 'Suspended'),
    (429, 'Eduardo', 'White', 'fshepherd@example.net', 'organizer', 'Suspended'),
    (430, 'Spencer', 'Duncan', 'bryanrichards@example.org', 'organizer', 'Active'),
    (431, 'Dawn', 'Jones', 'eugene58@example.org', 'attendee', 'Active'),
    (432, 'Matthew', 'Stewart', 'tyroneflores@example.org', 'admin', 'Suspended'),
    (433, 'Maria', 'Graham', 'vstevens@example.net', 'attendee', 'Active'),
    (434, 'Christopher', 'Watson', 'derrick00@example.com', 'organizer', 'Suspended'),
    (435, 'Sarah', 'Marshall', 'stephaniematthews@example.com', 'admin', 'Suspended'),
    (436, 'Ronald', 'Reed', 'karina47@example.org', 'attendee', 'Suspended'),
    (437, 'Laura', 'Park', 'melaniemitchell@example.com', 'organizer', 'Suspended'),
    (438, 'William', 'Lopez', 'shawn96@example.net', 'organizer', 'Active'),
    (439, 'Krista', 'Bauer', 'kaitlin21@example.org', 'admin', 'Suspended'),
    (440, 'Dawn', 'Brown', 'tinariggs@example.org', 'attendee', 'Suspended'),
    (441, 'Vanessa', 'Espinoza', 'collinschristopher@example.net', 'admin', 'Suspended'),
    (442, 'Alison', 'Flores', 'danielleramirez@example.com', 'admin', 'Suspended'),
    (443, 'Charles', 'Villanueva', 'pdavis@example.net', 'attendee', 'Active'),
    (444, 'Ryan', 'Davis', 'ayersandrew@example.com', 'organizer', 'Suspended'),
    (445, 'Wayne', 'Sullivan', 'elizabethgarcia@example.com', 'attendee', 'Suspended'),
    (446, 'David', 'Ellison', 'kking@example.com', 'organizer', 'Suspended'),
    (447, 'Jasmin', 'Mcdonald', 'pjackson@example.net', 'organizer', 'Active'),
    (448, 'Mary', 'White', 'sanderslauren@example.net', 'attendee', 'Suspended'),
    (449, 'James', 'Sanchez', 'otanner@example.com', 'attendee', 'Active'),
    (450, 'Robert', 'Anderson', 'rebeccacontreras@example.com', 'admin', 'Suspended'),
    (451, 'Ashley', 'Sexton', 'ybrown@example.com', 'admin', 'Suspended'),
    (452, 'Geoffrey', 'Vargas', 'rpeterson@example.net', 'admin', 'Suspended'),
    (453, 'Colton', 'Ward', 'sfrazier@example.com', 'organizer', 'Active'),
    (454, 'Erik', 'Walls', 'kathleenerickson@example.org', 'organizer', 'Suspended'),
    (455, 'Anne', 'Gentry', 'jeffreyramos@example.org', 'attendee', 'Active'),
    (456, 'Debra', 'Robbins', 'williamsbrittany@example.net', 'organizer', 'Suspended'),
    (457, 'Thomas', 'Clark', 'lacey14@example.com', 'attendee', 'Suspended'),
    (458, 'Harold', 'Rice', 'brittanyrandall@example.net', 'attendee', 'Active'),
    (459, 'Ryan', 'Bradford', 'nancyvaughn@example.org', 'admin', 'Active'),
    (460, 'Stephanie', 'Moran', 'joyce17@example.org', 'organizer', 'Suspended'),
    (461, 'Joseph', 'Hernandez', 'tammyburke@example.org', 'organizer', 'Active'),
    (462, 'Kelly', 'Anderson', 'david02@example.net', 'admin', 'Suspended'),
    (463, 'Andrea', 'Shaffer', 'brucebennett@example.com', 'admin', 'Active'),
    (464, 'Kimberly', 'Smith', 'lynchdaniel@example.com', 'attendee', 'Active'),
    (465, 'Eric', 'Raymond', 'mcgeestephanie@example.org', 'attendee', 'Suspended'),
    (466, 'Dave', 'Garcia', 'wisepaul@example.org', 'attendee', 'Active'),
    (467, 'Stephanie', 'Turner', 'yking@example.org', 'attendee', 'Suspended'),
    (468, 'Joanna', 'Daniel', 'allenmitchell@example.com', 'attendee', 'Suspended'),
    (469, 'Sandra', 'Patel', 'jessica56@example.org', 'admin', 'Active'),
    (470, 'Amy', 'Franklin', 'schroederhannah@example.com', 'admin', 'Suspended'),
    (471, 'John', 'Shaw', 'cody04@example.com', 'attendee', 'Active'),
    (472, 'William', 'Riggs', 'leebarbara@example.net', 'organizer', 'Suspended'),
    (473, 'Carlos', 'Johnson', 'evan15@example.org', 'attendee', 'Active'),
    (474, 'Kristina', 'Johnson', 'sawyerjessica@example.net', 'attendee', 'Suspended'),
    (475, 'Tiffany', 'Humphrey', 'alvarezstephanie@example.org', 'admin', 'Suspended'),
    (476, 'Donna', 'Thompson', 'jeffreyfernandez@example.com', 'organizer', 'Suspended'),
    (477, 'Tyler', 'Lee', 'kathrynsmith@example.org', 'admin', 'Active'),
    (478, 'Shannon', 'Reyes', 'ashleymacdonald@example.com', 'organizer', 'Suspended'),
    (479, 'Shelly', 'Ruiz', 'anne27@example.net', 'attendee', 'Suspended'),
    (480, 'Michael', 'Nash', 'kelsey85@example.net', 'admin', 'Active'),
    (481, 'Andrew', 'Garcia', 'jennifer00@example.net', 'attendee', 'Active'),
    (482, 'Joseph', 'Newman', 'gthomas@example.org', 'admin', 'Active'),
    (483, 'Neil', 'Black', 'sandy29@example.com', 'admin', 'Suspended'),
    (484, 'Jennifer', 'Thompson', 'lindsey75@example.com', 'admin', 'Suspended'),
    (485, 'Larry', 'Thomas', 'kristinelane@example.net', 'attendee', 'Active'),
    (486, 'Erin', 'Forbes', 'tdiaz@example.com', 'organizer', 'Active'),
    (487, 'Carrie', 'Smith', 'ggonzalez@example.org', 'admin', 'Suspended'),
    (488, 'Andrew', 'Adkins', 'ihunt@example.com', 'admin', 'Active'),
    (489, 'Jeremy', 'Brown', 'xbarr@example.org', 'attendee', 'Suspended'),
    (490, 'Benjamin', 'Hoffman', 'lisagriffin@example.org', 'organizer', 'Suspended'),
    (491, 'Kendra', 'Zavala', 'steven36@example.com', 'attendee', 'Active'),
    (492, 'Stanley', 'Lyons', 'tabitha58@example.com', 'organizer', 'Active'),
    (493, 'Robert', 'Sawyer', 'gail12@example.org', 'attendee', 'Suspended'),
    (494, 'Cynthia', 'Garrett', 'curtis78@example.org', 'attendee', 'Suspended'),
    (495, 'Stephanie', 'Giles', 'sarah26@example.net', 'organizer', 'Suspended'),
    (496, 'Alyssa', 'Stewart', 'carlos18@example.org', 'attendee', 'Active'),
    (497, 'Christopher', 'Rhodes', 'mirandawalter@example.net', 'organizer', 'Active'),
    (498, 'Maxwell', 'Drake', 'douglasbryant@example.org', 'organizer', 'Suspended'),
    (499, 'Cody', 'Watson', 'alexander27@example.org', 'attendee', 'Suspended'),
    (500, 'Michael', 'King', 'rebecca41@example.org', 'organizer', 'Active');

INSERT INTO `venue` (`venue_id`, `name`, `capacity`, `address`, `city`) VALUES
    (101, 'Cibolo Community Center', 9055, '9327 Claudia Road', 'Cibolo'),
    (102, 'San Marcos Park Pavilion', 5894, '57642 Williams Summit Suite 206', 'San Marcos'),
    (103, 'Universal City Convention Hall', 5818, '76078 Zachary Mountains', 'Universal City'),
    (104, 'Seguin Theater', 11192, '819 Foster Expressway', 'Seguin'),
    (105, 'Cibolo Convention Hall', 6183, '3462 Green Green Suite 862', 'Cibolo'),
    (106, 'Universal City Theater', 3257, '333 Robbins Lake Suite 430', 'Universal City'),
    (107, 'Boerne Park Pavilion', 10997, '6994 Tonya Summit', 'Boerne'),
    (108, 'Seguin Theater', 7078, '7889 Jason Ranch', 'Seguin'),
    (109, 'New Braunfels Convention Hall', 10177, '4885 Jackson Springs Apt. 565', 'New Braunfels'),
    (110, 'New Braunfels Park Pavilion', 1132, '697 Williams Plains Suite 705', 'New Braunfels'),
    (111, 'Schertz Auditorium', 12103, '1278 Emma Plaza Suite 028', 'Schertz'),
    (112, 'San Antonio Convention Hall', 11788, '2515 Moore Island Apt. 360', 'San Antonio'),
    (113, 'San Marcos Park Pavilion', 8332, '25384 Scott Parkways Suite 077', 'San Marcos'),
    (114, 'Boerne Convention Hall', 4150, '3329 Jimmy Mountains Apt. 909', 'Boerne'),
    (115, 'New Braunfels Park Pavilion', 14447, '6510 Stewart Forks Suite 337', 'New Braunfels'),
    (116, 'Universal City Community Center', 1744, '4683 Misty Forest Apt. 058', 'Universal City'),
    (117, 'San Marcos Community Center', 9871, '286 Smith Cliffs', 'San Marcos'),
    (118, 'Schertz Theater', 13298, '02415 Desiree Light Suite 375', 'Schertz'),
    (119, 'Schertz Community Center', 10301, '9438 Yates Throughway', 'Schertz'),
    (120, 'Universal City Park Pavilion', 4842, '941 Mcdowell Roads', 'Universal City'),
    (121, 'Cibolo Auditorium', 1123, '42181 James Square', 'Cibolo'),
    (122, 'New Braunfels Park Pavilion', 14759, '340 Rachel River', 'New Braunfels'),
    (123, 'Schertz Convention Hall', 13141, '108 Pam Greens Apt. 424', 'Schertz'),
    (124, 'Universal City Auditorium', 7271, '81451 Vargas Trail Suite 260', 'Universal City'),
    (125, 'Boerne Theater', 12973, '172 Jones Views Apt. 983', 'Boerne'),
    (126, 'New Braunfels Convention Hall', 9830, '21103 Jackson Branch', 'New Braunfels'),
    (127, 'Schertz Convention Hall', 8635, '6453 Tammy Mill Suite 361', 'Schertz'),
    (128, 'Cibolo Convention Hall', 4509, '57986 Schultz Summit Apt. 610', 'Cibolo'),
    (129, 'Seguin Community Center', 12752, '858 Jason Stravenue Suite 392', 'Seguin'),
    (130, 'San Marcos Community Center', 12570, '568 Angela Square Suite 798', 'San Marcos'),
    (131, 'Cibolo Auditorium', 11018, '407 Erin Greens', 'Cibolo'),
    (132, 'Boerne Auditorium', 8580, '26102 Juan Prairie Apt. 256', 'Boerne'),
    (133, 'Boerne Auditorium', 966, '593 Glover Club Suite 544', 'Boerne'),
    (134, 'Boerne Theater', 11109, '5642 Danielle Brooks Suite 538', 'Boerne'),
    (135, 'Seguin Park Pavilion', 13331, '458 Ellis Centers', 'Seguin'),
    (136, 'Schertz Theater', 2988, '62384 Holly Square Suite 922', 'Schertz'),
    (137, 'Boerne Convention Hall', 12000, '74763 Wilson Spring', 'Boerne'),
    (138, 'Boerne Theater', 8122, '312 Perkins Lights Apt. 518', 'Boerne'),
    (139, 'Boerne Community Center', 9276, '29957 Robert Branch Apt. 271', 'Boerne'),
    (140, 'Seguin Auditorium', 1862, '1162 Mary Cove', 'Seguin'),
    (141, 'New Braunfels Auditorium', 8195, '41325 Rodriguez Crossing Suite 271', 'New Braunfels'),
    (142, 'Universal City Auditorium', 5779, '25365 Alexander Lodge Suite 789', 'Universal City'),
    (143, 'Boerne Community Center', 3398, '41082 Marks Rue', 'Boerne'),
    (144, 'New Braunfels Convention Hall', 7630, '73216 Timothy Freeway', 'New Braunfels'),
    (145, 'Cibolo Community Center', 9885, '20078 Karen Glens', 'Cibolo'),
    (146, 'Schertz Theater', 5193, '6290 Kirk Estates', 'Schertz'),
    (147, 'San Marcos Park Pavilion', 9634, '6648 Andrews Forest Suite 654', 'San Marcos'),
    (148, 'Seguin Theater', 6167, '6199 Thornton Common Suite 261', 'Seguin'),
    (149, 'Cibolo Auditorium', 5843, '06394 Jeffrey Junction', 'Cibolo'),
    (150, 'Universal City Park Pavilion', 12978, '3033 Michael Knolls', 'Universal City');

INSERT INTO `category` (`category_id`, `name`) VALUES
    (1, 'Music'),
    (2, 'Tech Conference'),
    (3, 'Food Festival'),
    (4, 'Sport'),
    (5, 'Arts & Theater'),
    (6, 'Workshop'),
    (7, 'Comedy'),
    (8, 'Exhibition');

INSERT INTO `event` (`event_id`, `organizer_id`, `venue_id`, `title`, `description`, `start_time`, `end_time`, `capacity`, `status`) VALUES
    (1001, 316, 134, 'Public-key leadingedge software Festival', 'Join us for Public-key leadingedge software Festival, a premier event in the heart of San Antonio! Firm mean concern direction former ahead cover must. Eight might Congress various factor off head. Th', '2026-06-25 12:05:51', '2026-06-25 15:05:51', 9278, 'Published'),
    (1002, 324, 139, 'Robust motivating superstructure Festival', 'Join us for Robust motivating superstructure Festival, a premier event in the heart of San Antonio! Style again thought woman. Green build moment recent right nor anything. Chance quickly born Congres', '2024-12-07 08:04:03', '2024-12-07 10:04:03', 6939, 'Completed'),
    (1003, 308, 117, 'Cross-platform 4thgeneration knowledgebase Festival', 'Join us for Cross-platform 4thgeneration knowledgebase Festival, a premier event in the heart of San Antonio! First animal to director. Few represent task election. Organization far ten which. Through', '2026-05-11 01:05:49', '2026-05-11 03:05:49', 1313, 'Published'),
    (1004, 472, 132, 'Switchable radical success Festival', 'Join us for Switchable radical success Festival, a premier event in the heart of San Antonio! High-octane action! Cheer on your favorite team or participate in the city-wide fun run. All skill levels ', '2026-01-13 13:49:15', '2026-01-13 20:49:15', 1268, 'Published'),
    (1005, 55, 115, 'Secured user-facing info-mediaries Festival', 'Join us for Secured user-facing info-mediaries Festival, a premier event in the heart of San Antonio! Article unit window land newspaper message board. Thought several trade chair accept key.', '2026-05-28 10:43:14', '2026-05-28 16:43:14', 11713, 'Canceled'),
    (1006, 135, 136, 'Team-oriented mobile capability Festival', 'Join us for Team-oriented mobile capability Festival, a premier event in the heart of San Antonio! Immerse yourself in creativity with local artists, live performances, and stunning theatrical acts. P', '2026-12-27 22:29:58', '2026-12-28 04:29:58', 2350, 'Canceled'),
    (1007, 249, 112, 'Progressive upward-trending application Festival', 'Join us for Progressive upward-trending application Festival, a premier event in the heart of San Antonio! Teacher mean yeah that prove.', '2026-04-08 22:06:16', '2026-04-09 03:06:16', 1413, 'Draft'),
    (1008, 249, 139, 'Profound multimedia frame Festival', 'Join us for Profound multimedia frame Festival, a premier event in the heart of San Antonio! At discussion skin effect create. Affect wrong whole serious science speak. Can ahead year voice everybody ', '2026-05-13 16:36:01', '2026-05-13 23:36:01', 859, 'Published'),
    (1009, 353, 105, 'Reverse-engineered encompassing adapter Festival', 'Join us for Reverse-engineered encompassing adapter Festival, a premier event in the heart of San Antonio! Oil couple rise certain. Concern well along carry clearly almost. Current write wonder measur', '2027-02-09 09:35:50', '2027-02-09 13:35:50', 4111, 'Draft'),
    (1010, 30, 105, 'Business-focused intermediate core Festival', 'Join us for Business-focused intermediate core Festival, a premier event in the heart of San Antonio! Miss doctor reach whose industry everyone property. Perhaps teach behavior. Minute degree state co', '2027-02-06 07:30:06', '2027-02-06 12:30:06', 2764, 'Draft'),
    (1011, 69, 126, 'Optimized didactic budgetary management Festival', 'Join us for Optimized didactic budgetary management Festival, a premier event in the heart of San Antonio! Immerse yourself in creativity with local artists, live performances, and stunning theatrical', '2026-02-08 01:18:42', '2026-02-08 05:18:42', 8303, 'Canceled'),
    (1012, 319, 103, 'Cloned directional groupware Festival', 'Join us for Cloned directional groupware Festival, a premier event in the heart of San Antonio! Immerse yourself in creativity with local artists, live performances, and stunning theatrical acts. Perf', '2026-08-17 04:18:24', '2026-08-17 08:18:24', 1442, 'Published'),
    (1013, 498, 146, 'Reverse-engineered 24hour Graphic Interface Festival', 'Join us for Reverse-engineered 24hour Graphic Interface Festival, a premier event in the heart of San Antonio! Guess amount raise from expect space. Heavy discover either successful floor.', '2026-03-05 19:04:57', '2026-03-06 01:04:57', 795, 'Published'),
    (1014, 98, 137, 'Seamless zero administration concept Festival', 'Join us for Seamless zero administration concept Festival, a premier event in the heart of San Antonio! Immerse yourself in creativity with local artists, live performances, and stunning theatrical ac', '2027-04-27 14:13:08', '2027-04-27 16:13:08', 7458, 'Published'),
    (1015, 47, 141, 'Triple-buffered 6thgeneration open architecture Festival', 'Join us for Triple-buffered 6thgeneration open architecture Festival, a premier event in the heart of San Antonio! A gastronomic journey awaits! Sample delicious offerings from the best local chefs an', '2026-05-19 15:57:48', '2026-05-19 18:57:48', 1871, 'Published'),
    (1016, 25, 129, 'Front-line methodical solution Festival', 'Join us for Front-line methodical solution Festival, a premier event in the heart of San Antonio! Learn view apply specific world five. Size field right former else mind three. Good what little style ', '2027-09-28 11:48:26', '2027-09-28 18:48:26', 1808, 'Published'),
    (1017, 164, 149, 'Organized incremental Graphic Interface Festival', 'Join us for Organized incremental Graphic Interface Festival, a premier event in the heart of San Antonio! Immerse yourself in creativity with local artists, live performances, and stunning theatrical', '2026-08-27 14:58:45', '2026-08-27 16:58:45', 879, 'Published'),
    (1018, 495, 150, 'Digitized encompassing algorithm Festival', 'Join us for Digitized encompassing algorithm Festival, a premier event in the heart of San Antonio! Rest beat large bit. Together yard great war look language administration. Produce without argue sid', '2026-02-07 19:11:54', '2026-02-08 01:11:54', 6750, 'Draft'),
    (1019, 44, 118, 'Innovative bandwidth-monitored framework Festival', 'Join us for Innovative bandwidth-monitored framework Festival, a premier event in the heart of San Antonio! Boost your skills with our hands-on workshop focused on music and digital marketing. Bring y', '2026-02-12 09:38:09', '2026-02-12 16:38:09', 10452, 'Published'),
    (1020, 103, 139, 'Persevering foreground methodology Festival', 'Join us for Persevering foreground methodology Festival, a premier event in the heart of San Antonio! Air reflect who whose measure. Simple wall tonight development owner month.', '2027-02-28 21:13:56', '2027-03-01 01:13:56', 4351, 'Published'),
    (1021, 426, 120, 'Multi-lateral encompassing groupware Festival', 'Join us for Multi-lateral encompassing groupware Festival, a premier event in the heart of San Antonio! Member skill practice end decade care. Featuring local bands, rising stars, and a dynamic sound ', '2026-03-24 21:41:23', '2026-03-25 03:41:23', 177, 'Published'),
    (1022, 223, 131, 'Advanced stable migration Festival', 'Join us for Advanced stable migration Festival, a premier event in the heart of San Antonio! Sit assume adult trip would head. Man should five value outside already both.', '2025-02-02 07:47:49', '2025-02-02 09:47:49', 7167, 'Draft'),
    (1023, 353, 121, 'Robust 4thgeneration hierarchy Festival', 'Join us for Robust 4thgeneration hierarchy Festival, a premier event in the heart of San Antonio! Explore the future of technology with industry leaders and groundbreaking demonstrations. This year''s ', '2027-10-31 11:30:25', '2027-10-31 17:30:25', 146, 'Published'),
    (1024, 171, 109, 'Open-architected multi-tasking capacity Festival', 'Join us for Open-architected multi-tasking capacity Festival, a premier event in the heart of San Antonio! Interest star mention million effort same along. Meet send high figure before increase return', '2027-09-26 20:30:15', '2027-09-27 04:30:15', 1692, 'Published'),
    (1025, 340, 131, 'Optimized 3rdgeneration attitude Festival', 'Join us for Optimized 3rdgeneration attitude Festival, a premier event in the heart of San Antonio! Explore the future of technology with industry leaders and groundbreaking demonstrations. This year''', '2026-07-02 16:28:01', '2026-07-02 23:28:01', 5480, 'Draft'),
    (1026, 108, 112, 'Phased uniform encryption Festival', 'Join us for Phased uniform encryption Festival, a premier event in the heart of San Antonio! Third local red her. When send friend age this develop season future. Already allow when with art region.', '2026-10-08 13:56:44', '2026-10-08 15:56:44', 1114, 'Draft'),
    (1027, 303, 127, 'Balanced disintermediate artificial intelligence Festival', 'Join us for Balanced disintermediate artificial intelligence Festival, a premier event in the heart of San Antonio! Immerse yourself in creativity with local artists, live performances, and stunning t', '2025-05-10 20:35:04', '2025-05-11 02:35:04', 2138, 'Completed'),
    (1028, 50, 104, 'Profound discrete conglomeration Festival', 'Join us for Profound discrete conglomeration Festival, a premier event in the heart of San Antonio! Immerse yourself in creativity with local artists, live performances, and stunning theatrical acts. ', '2025-08-30 04:54:09', '2025-08-30 07:54:09', 7554, 'Draft'),
    (1029, 419, 108, 'Function-based 3rdgeneration help-desk Festival', 'Join us for Function-based 3rdgeneration help-desk Festival, a premier event in the heart of San Antonio! Bag author conference good. There available avoid later marriage music two test. Collection ho', '2027-08-15 21:23:07', '2027-08-15 23:23:07', 4072, 'Published'),
    (1030, 186, 144, 'Adaptive cohesive solution Festival', 'Join us for Adaptive cohesive solution Festival, a premier event in the heart of San Antonio! A gastronomic journey awaits! Sample delicious offerings from the best local chefs and food trucks. Limite', '2025-07-11 13:41:42', '2025-07-11 19:41:42', 987, 'Draft'),
    (1031, 461, 133, 'User-friendly scalable ability Festival', 'Join us for User-friendly scalable ability Festival, a premier event in the heart of San Antonio! Community price focus body note because song risk tend network. Featuring local bands, rising stars, a', '2026-05-27 08:32:54', '2026-05-27 11:32:54', 864, 'Canceled'),
    (1032, 60, 114, 'Distributed local encoding Festival', 'Join us for Distributed local encoding Festival, a premier event in the heart of San Antonio! Letter during should team ask change stock. Step media edge. Past instead ever keep.', '2026-07-07 11:04:46', '2026-07-07 18:04:46', 2520, 'Published'),
    (1033, 44, 141, 'Fundamental contextually-based workforce Festival', 'Join us for Fundamental contextually-based workforce Festival, a premier event in the heart of San Antonio! A gastronomic journey awaits! Sample delicious offerings from the best local chefs and food ', '2024-12-22 18:35:44', '2024-12-23 02:35:44', 981, 'Draft'),
    (1034, 13, 101, 'Face-to-face holistic alliance Festival', 'Join us for Face-to-face holistic alliance Festival, a premier event in the heart of San Antonio! Within example development camera the stand. Take state society activity force. Finally month its diff', '2027-04-08 20:02:45', '2027-04-09 00:02:45', 7896, 'Draft'),
    (1035, 472, 143, 'Stand-alone scalable functionalities Festival', 'Join us for Stand-alone scalable functionalities Festival, a premier event in the heart of San Antonio! Minute cell agree per usually five. Need wall draw such son.', '2027-01-16 13:36:58', '2027-01-16 20:36:58', 2301, 'Published'),
    (1036, 245, 140, 'Versatile content-based Graphic Interface Festival', 'Join us for Versatile content-based Graphic Interface Festival, a premier event in the heart of San Antonio! Immerse yourself in creativity with local artists, live performances, and stunning theatric', '2027-09-24 22:22:41', '2027-09-25 04:22:41', 1465, 'Draft'),
    (1037, 238, 112, 'Customizable composite orchestration Festival', 'Join us for Customizable composite orchestration Festival, a premier event in the heart of San Antonio! High-octane action! Cheer on your favorite team or participate in the city-wide fun run. All ski', '2026-03-01 05:54:33', '2026-03-01 10:54:33', 6471, 'Canceled'),
    (1038, 393, 112, 'Reduced background task-force Festival', 'Join us for Reduced background task-force Festival, a premier event in the heart of San Antonio! Boost your skills with our hands-on workshop focused on raise and digital marketing. Bring your laptop ', '2027-07-19 06:06:54', '2027-07-19 12:06:54', 9308, 'Published'),
    (1039, 411, 101, 'Enterprise-wide leadingedge secured line Festival', 'Join us for Enterprise-wide leadingedge secured line Festival, a premier event in the heart of San Antonio! A gastronomic journey awaits! Sample delicious offerings from the best local chefs and food ', '2027-04-24 02:39:25', '2027-04-24 06:39:25', 6501, 'Draft'),
    (1040, 478, 126, 'User-centric hybrid budgetary management Festival', 'Join us for User-centric hybrid budgetary management Festival, a premier event in the heart of San Antonio! Sort approach letter force name become leader hand front spend two dog wonder. Featuring loc', '2027-08-07 03:26:45', '2027-08-07 10:26:45', 5896, 'Published'),
    (1041, 446, 107, 'Front-line explicit capability Festival', 'Join us for Front-line explicit capability Festival, a premier event in the heart of San Antonio! Race share develop these. Reveal town local should expert meeting. Throw if answer tough field since c', '2027-11-05 14:54:00', '2027-11-05 19:54:00', 9863, 'Published'),
    (1042, 426, 110, 'Optional 24hour budgetary management Festival', 'Join us for Optional 24hour budgetary management Festival, a premier event in the heart of San Antonio! Immerse yourself in creativity with local artists, live performances, and stunning theatrical ac', '2027-08-08 22:05:44', '2027-08-09 02:05:44', 840, 'Published'),
    (1043, 55, 149, 'Organized local help-desk Festival', 'Join us for Organized local help-desk Festival, a premier event in the heart of San Antonio! Explore the future of technology with industry leaders and groundbreaking demonstrations. This year''s focus', '2027-02-16 01:56:42', '2027-02-16 03:56:42', 2663, 'Published'),
    (1044, 250, 148, 'Team-oriented zero administration standardization Festival', 'Join us for Team-oriented zero administration standardization Festival, a premier event in the heart of San Antonio! Decision set all notice open special into. Surface plant subject national. Approach', '2027-08-17 05:49:03', '2027-08-17 08:49:03', 3571, 'Canceled'),
    (1045, 219, 108, 'Customer-focused modular circuit Festival', 'Join us for Customer-focused modular circuit Festival, a premier event in the heart of San Antonio! Reality member week energy close job will available determine these expert we picture. Featuring loc', '2026-11-11 05:42:36', '2026-11-11 07:42:36', 6291, 'Canceled'),
    (1046, 102, 111, 'Implemented demand-driven challenge Festival', 'Join us for Implemented demand-driven challenge Festival, a premier event in the heart of San Antonio! Boost your skills with our hands-on workshop focused on idea and digital marketing. Bring your la', '2025-03-30 05:48:50', '2025-03-30 08:48:50', 7073, 'Completed'),
    (1047, 415, 108, 'Robust 24hour open architecture Festival', 'Join us for Robust 24hour open architecture Festival, a premier event in the heart of San Antonio! A gastronomic journey awaits! Sample delicious offerings from the best local chefs and food trucks. L', '2025-10-12 14:09:03', '2025-10-12 17:09:03', 982, 'Completed'),
    (1048, 461, 130, 'Optimized next generation Local Area Network Festival', 'Join us for Optimized next generation Local Area Network Festival, a premier event in the heart of San Antonio! Boost your skills with our hands-on workshop focused on upon and digital marketing. Brin', '2027-09-23 05:59:35', '2027-09-23 07:59:35', 6947, 'Published'),
    (1049, 361, 140, 'Enterprise-wide dedicated flexibility Festival', 'Join us for Enterprise-wide dedicated flexibility Festival, a premier event in the heart of San Antonio! A gastronomic journey awaits! Sample delicious offerings from the best local chefs and food tru', '2025-10-02 21:17:34', '2025-10-03 02:17:34', 387, 'Completed'),
    (1050, 388, 104, 'Centralized fresh-thinking knowledge user Festival', 'Join us for Centralized fresh-thinking knowledge user Festival, a premier event in the heart of San Antonio! Explore the future of technology with industry leaders and groundbreaking demonstrations. T', '2027-03-17 04:44:22', '2027-03-17 11:44:22', 2991, 'Published'),
    (1051, 269, 139, 'Organic encompassing workforce Festival', 'Join us for Organic encompassing workforce Festival, a premier event in the heart of San Antonio! A gastronomic journey awaits! Sample delicious offerings from the best local chefs and food trucks. Li', '2026-10-13 04:34:06', '2026-10-13 07:34:06', 2186, 'Draft'),
    (1052, 438, 121, 'Secured multimedia customer loyalty Festival', 'Join us for Secured multimedia customer loyalty Festival, a premier event in the heart of San Antonio! A gastronomic journey awaits! Sample delicious offerings from the best local chefs and food truck', '2025-02-26 05:07:25', '2025-02-26 12:07:25', 921, 'Completed'),
    (1053, 20, 121, 'Re-contextualized human-resource matrices Festival', 'Join us for Re-contextualized human-resource matrices Festival, a premier event in the heart of San Antonio! Immerse yourself in creativity with local artists, live performances, and stunning theatric', '2026-12-04 02:42:40', '2026-12-04 07:42:40', 470, 'Published'),
    (1054, 379, 146, 'Public-key incremental productivity Festival', 'Join us for Public-key incremental productivity Festival, a premier event in the heart of San Antonio! Immerse yourself in creativity with local artists, live performances, and stunning theatrical act', '2026-06-02 14:48:19', '2026-06-02 19:48:19', 3417, 'Published'),
    (1055, 9, 142, 'Assimilated maximized implementation Festival', 'Join us for Assimilated maximized implementation Festival, a premier event in the heart of San Antonio! Boost your skills with our hands-on workshop focused on easy and digital marketing. Bring your l', '2027-08-21 09:13:09', '2027-08-21 14:13:09', 696, 'Canceled'),
    (1056, 456, 132, 'Object-based solution-oriented intranet Festival', 'Join us for Object-based solution-oriented intranet Festival, a premier event in the heart of San Antonio! Immerse yourself in creativity with local artists, live performances, and stunning theatrical', '2027-09-23 17:10:07', '2027-09-24 01:10:07', 163, 'Published'),
    (1057, 250, 149, 'Synergized intangible utilization Festival', 'Join us for Synergized intangible utilization Festival, a premier event in the heart of San Antonio! Particular every magazine serious rise different. Animal firm tough impact add field tonight. Stude', '2026-01-21 04:58:35', '2026-01-21 07:58:35', 4639, 'Draft'),
    (1058, 250, 113, 'Re-contextualized next generation definition Festival', 'Join us for Re-contextualized next generation definition Festival, a premier event in the heart of San Antonio! Quality individual day child prepare daughter cover work realize matter whom out forget.', '2027-10-09 06:40:45', '2027-10-09 12:40:45', 5121, 'Published'),
    (1059, 379, 104, 'Exclusive object-oriented info-mediaries Festival', 'Join us for Exclusive object-oriented info-mediaries Festival, a premier event in the heart of San Antonio! Gas war tell likely local radio race they should available better produce major. Featuring l', '2025-07-23 17:04:47', '2025-07-23 20:04:47', 5540, 'Completed'),
    (1060, 55, 146, 'Mandatory radical structure Festival', 'Join us for Mandatory radical structure Festival, a premier event in the heart of San Antonio! Explore the future of technology with industry leaders and groundbreaking demonstrations. This year''s foc', '2026-07-09 18:44:44', '2026-07-10 02:44:44', 3630, 'Published'),
    (1061, 107, 128, 'Seamless solution-oriented circuit Festival', 'Join us for Seamless solution-oriented circuit Festival, a premier event in the heart of San Antonio! Opportunity second particular society. Capital measure similar town key. Behind television strateg', '2026-06-15 13:32:10', '2026-06-15 19:32:10', 661, 'Published'),
    (1062, 235, 101, 'Configurable tangible info-mediaries Festival', 'Join us for Configurable tangible info-mediaries Festival, a premier event in the heart of San Antonio! Immerse yourself in creativity with local artists, live performances, and stunning theatrical ac', '2027-07-14 09:15:28', '2027-07-14 16:15:28', 7567, 'Published'),
    (1063, 366, 129, 'Monitored user-facing open architecture Festival', 'Join us for Monitored user-facing open architecture Festival, a premier event in the heart of San Antonio! Stand season nothing close least. Quite task yard interest certainly. Think design new.', '2027-01-12 10:23:01', '2027-01-12 15:23:01', 5399, 'Published'),
    (1064, 348, 147, 'Phased client-driven projection Festival', 'Join us for Phased client-driven projection Festival, a premier event in the heart of San Antonio! Growth husband indicate list range tax. Me care kid too PM.', '2024-11-18 04:29:15', '2024-11-18 12:29:15', 7408, 'Completed'),
    (1065, 275, 146, 'Team-oriented 3rdgeneration emulation Festival', 'Join us for Team-oriented 3rdgeneration emulation Festival, a premier event in the heart of San Antonio! Yet growth possible industry open ability. Prepare hospital decade new. Fear professor movement', '2025-04-23 23:27:30', '2025-04-24 07:27:30', 294, 'Completed'),
    (1066, 456, 133, 'De-engineered mobile knowledgebase Festival', 'Join us for De-engineered mobile knowledgebase Festival, a premier event in the heart of San Antonio! Many hair former against enjoy another raise participant simple attention. Featuring local bands, ', '2025-02-13 15:08:20', '2025-02-13 18:08:20', 865, 'Draft'),
    (1067, 472, 124, 'Multi-lateral empowering policy Festival', 'Join us for Multi-lateral empowering policy Festival, a premier event in the heart of San Antonio! Stop may wide participant together act democratic. Plan low budget participant. Message wish public l', '2025-03-09 10:56:12', '2025-03-09 14:56:12', 352, 'Completed'),
    (1068, 186, 131, 'Reverse-engineered content-based orchestration Festival', 'Join us for Reverse-engineered content-based orchestration Festival, a premier event in the heart of San Antonio! Ask anything chair create eight movement. Name magazine without Mrs others.', '2025-07-10 23:45:45', '2025-07-11 04:45:45', 7678, 'Completed'),
    (1069, 172, 132, 'Multi-channeled zero tolerance collaboration Festival', 'Join us for Multi-channeled zero tolerance collaboration Festival, a premier event in the heart of San Antonio! Explore the future of technology with industry leaders and groundbreaking demonstrations', '2026-12-22 00:46:50', '2026-12-22 02:46:50', 6324, 'Published'),
    (1070, 70, 127, 'Reverse-engineered foreground neural-net Festival', 'Join us for Reverse-engineered foreground neural-net Festival, a premier event in the heart of San Antonio! High-octane action! Cheer on your favorite team or participate in the city-wide fun run. All', '2027-08-10 19:31:04', '2027-08-11 02:31:04', 112, 'Canceled'),
    (1071, 191, 138, 'Optimized fault-tolerant alliance Festival', 'Join us for Optimized fault-tolerant alliance Festival, a premier event in the heart of San Antonio! Three situation paper nothing church reality TV defense watch ground first produce. Featuring local', '2025-07-22 18:18:16', '2025-07-23 02:18:16', 1011, 'Completed'),
    (1072, 500, 107, 'Customer-focused upward-trending secured line Festival', 'Join us for Customer-focused upward-trending secured line Festival, a premier event in the heart of San Antonio! High-octane action! Cheer on your favorite team or participate in the city-wide fun run', '2027-07-11 00:51:10', '2027-07-11 02:51:10', 5876, 'Published'),
    (1073, 275, 140, 'Face-to-face modular complexity Festival', 'Join us for Face-to-face modular complexity Festival, a premier event in the heart of San Antonio! Boost your skills with our hands-on workshop focused on development and digital marketing. Bring your', '2025-03-15 13:44:43', '2025-03-15 20:44:43', 1233, 'Completed'),
    (1074, 453, 114, 'Horizontal needs-based protocol Festival', 'Join us for Horizontal needs-based protocol Festival, a premier event in the heart of San Antonio! Happy soon vote. Tough ground join number.', '2027-04-25 03:32:43', '2027-04-25 09:32:43', 2662, 'Published'),
    (1075, 154, 123, 'Cross-platform dedicated migration Festival', 'Join us for Cross-platform dedicated migration Festival, a premier event in the heart of San Antonio! Moment consider agreement pretty his usually law American family argue. Featuring local bands, ris', '2025-02-13 07:43:05', '2025-02-13 10:43:05', 10301, 'Completed'),
    (1076, 490, 147, 'Extended static knowledge user Festival', 'Join us for Extended static knowledge user Festival, a premier event in the heart of San Antonio! Immerse yourself in creativity with local artists, live performances, and stunning theatrical acts. Pe', '2027-08-23 15:24:03', '2027-08-23 20:24:03', 3249, 'Published'),
    (1077, 30, 131, 'Seamless client-server software Festival', 'Join us for Seamless client-server software Festival, a premier event in the heart of San Antonio! High-octane action! Cheer on your favorite team or participate in the city-wide fun run. All skill le', '2026-12-08 14:33:17', '2026-12-08 18:33:17', 2036, 'Published'),
    (1078, 4, 114, 'Fully-configurable coherent concept Festival', 'Join us for Fully-configurable coherent concept Festival, a premier event in the heart of San Antonio! Explore the future of technology with industry leaders and groundbreaking demonstrations. This ye', '2026-01-27 14:56:12', '2026-01-27 18:56:12', 1636, 'Published'),
    (1079, 164, 118, 'Integrated attitude-oriented product Festival', 'Join us for Integrated attitude-oriented product Festival, a premier event in the heart of San Antonio! A gastronomic journey awaits! Sample delicious offerings from the best local chefs and food truc', '2027-09-10 18:22:13', '2027-09-11 01:22:13', 706, 'Published'),
    (1080, 256, 130, 'Decentralized multi-tasking knowledge user Festival', 'Join us for Decentralized multi-tasking knowledge user Festival, a premier event in the heart of San Antonio! A gastronomic journey awaits! Sample delicious offerings from the best local chefs and foo', '2025-12-29 23:17:14', '2025-12-30 05:17:14', 5092, 'Published'),
    (1081, 376, 141, 'Business-focused system-worthy synergy Festival', 'Join us for Business-focused system-worthy synergy Festival, a premier event in the heart of San Antonio! High-octane action! Cheer on your favorite team or participate in the city-wide fun run. All s', '2025-03-08 02:59:47', '2025-03-08 09:59:47', 3424, 'Completed'),
    (1082, 72, 117, 'Organized attitude-oriented project Festival', 'Join us for Organized attitude-oriented project Festival, a premier event in the heart of San Antonio! Pass free to decide positive sort. Featuring local bands, rising stars, and a dynamic sound syste', '2026-08-26 22:48:10', '2026-08-27 01:48:10', 4281, 'Published'),
    (1083, 73, 120, 'Inverse 6thgeneration alliance Festival', 'Join us for Inverse 6thgeneration alliance Festival, a premier event in the heart of San Antonio! Explore the future of technology with industry leaders and groundbreaking demonstrations. This year''s ', '2026-02-17 18:58:39', '2026-02-18 02:58:39', 1680, 'Canceled'),
    (1084, 437, 129, 'Cross-platform multimedia ability Festival', 'Join us for Cross-platform multimedia ability Festival, a premier event in the heart of San Antonio! A gastronomic journey awaits! Sample delicious offerings from the best local chefs and food trucks.', '2026-08-13 19:15:38', '2026-08-13 22:15:38', 3581, 'Published'),
    (1085, 453, 147, 'Optional content-based firmware Festival', 'Join us for Optional content-based firmware Festival, a premier event in the heart of San Antonio! Immerse yourself in creativity with local artists, live performances, and stunning theatrical acts. P', '2026-03-16 23:52:12', '2026-03-17 05:52:12', 4934, 'Draft'),
    (1086, 73, 144, 'Organic multimedia implementation Festival', 'Join us for Organic multimedia implementation Festival, a premier event in the heart of San Antonio! Attention agreement feel alone per good picture. Yourself at tonight join he next put. Drug differe', '2026-08-28 07:39:37', '2026-08-28 11:39:37', 2220, 'Published'),
    (1087, 125, 139, 'Expanded motivating product Festival', 'Join us for Expanded motivating product Festival, a premier event in the heart of San Antonio! Boost your skills with our hands-on workshop focused on son and digital marketing. Bring your laptop and ', '2025-06-21 20:57:25', '2025-06-21 22:57:25', 8177, 'Completed'),
    (1088, 243, 108, 'Cross-group modular pricing structure Festival', 'Join us for Cross-group modular pricing structure Festival, a premier event in the heart of San Antonio! On away community measure study near. What investment series red agent early particularly befor', '2025-02-26 01:40:06', '2025-02-26 05:40:06', 1719, 'Completed'),
    (1089, 315, 122, 'Reactive zero tolerance framework Festival', 'Join us for Reactive zero tolerance framework Festival, a premier event in the heart of San Antonio! A gastronomic journey awaits! Sample delicious offerings from the best local chefs and food trucks.', '2027-09-30 02:17:48', '2027-09-30 10:17:48', 4644, 'Canceled'),
    (1090, 304, 117, 'Multi-lateral clear-thinking emulation Festival', 'Join us for Multi-lateral clear-thinking emulation Festival, a premier event in the heart of San Antonio! Realize past sea available raise approach myself line. Letter same public deal finally. His re', '2027-11-13 17:43:21', '2027-11-14 01:43:21', 8352, 'Published'),
    (1091, 320, 134, 'Grass-roots human-resource emulation Festival', 'Join us for Grass-roots human-resource emulation Festival, a premier event in the heart of San Antonio! High-octane action! Cheer on your favorite team or participate in the city-wide fun run. All ski', '2026-06-03 00:52:34', '2026-06-03 04:52:34', 7046, 'Published'),
    (1092, 47, 135, 'Front-line 3rdgeneration extranet Festival', 'Join us for Front-line 3rdgeneration extranet Festival, a premier event in the heart of San Antonio! Source hand window may. Property health better real. Security affect though strong need determine r', '2027-11-12 13:00:29', '2027-11-12 16:00:29', 8925, 'Published'),
    (1093, 438, 106, 'Implemented fresh-thinking definition Festival', 'Join us for Implemented fresh-thinking definition Festival, a premier event in the heart of San Antonio! A gastronomic journey awaits! Sample delicious offerings from the best local chefs and food tru', '2024-11-18 23:00:15', '2024-11-19 02:00:15', 2913, 'Completed'),
    (1094, 172, 119, 'Customizable secondary secured line Festival', 'Join us for Customizable secondary secured line Festival, a premier event in the heart of San Antonio! High-octane action! Cheer on your favorite team or participate in the city-wide fun run. All skil', '2027-05-25 17:54:36', '2027-05-25 22:54:36', 4322, 'Published'),
    (1095, 235, 110, 'Triple-buffered local artificial intelligence Festival', 'Join us for Triple-buffered local artificial intelligence Festival, a premier event in the heart of San Antonio! Reduce respond appear fast day chair perform.', '2027-04-14 13:48:11', '2027-04-14 16:48:11', 569, 'Published'),
    (1096, 232, 134, 'Polarized solution-oriented core Festival', 'Join us for Polarized solution-oriented core Festival, a premier event in the heart of San Antonio! Difference appear toward attack how role design continue recently draw give account build. Featuring', '2025-01-21 15:13:15', '2025-01-21 20:13:15', 6899, 'Completed'),
    (1097, 315, 111, 'Multi-tiered zero administration core Festival', 'Join us for Multi-tiered zero administration core Festival, a premier event in the heart of San Antonio! Positive task or game science. The stay often Mrs.', '2027-06-03 00:10:14', '2027-06-03 04:10:14', 4214, 'Draft'),
    (1098, 128, 117, 'Open-source 4thgeneration capability Festival', 'Join us for Open-source 4thgeneration capability Festival, a premier event in the heart of San Antonio! Immerse yourself in creativity with local artists, live performances, and stunning theatrical ac', '2026-10-04 23:46:35', '2026-10-05 07:46:35', 5387, 'Published'),
    (1099, 169, 128, 'Cloned global paradigm Festival', 'Join us for Cloned global paradigm Festival, a premier event in the heart of San Antonio! High-octane action! Cheer on your favorite team or participate in the city-wide fun run. All skill levels welc', '2026-01-13 23:00:47', '2026-01-14 07:00:47', 1458, 'Published'),
    (1100, 444, 111, 'Balanced leadingedge array Festival', 'Join us for Balanced leadingedge array Festival, a premier event in the heart of San Antonio! Day occur fact college third go stuff. Piece week news military the mind yes. Easy paper serious mouth rec', '2025-06-30 08:20:58', '2025-06-30 11:20:58', 2620, 'Completed'),
    (1101, 434, 134, 'Realigned executive encoding Festival', 'Join us for Realigned executive encoding Festival, a premier event in the heart of San Antonio! Immerse yourself in creativity with local artists, live performances, and stunning theatrical acts. Perf', '2027-05-11 15:14:18', '2027-05-11 20:14:18', 9022, 'Published'),
    (1102, 404, 149, 'Enterprise-wide transitional orchestration Festival', 'Join us for Enterprise-wide transitional orchestration Festival, a premier event in the heart of San Antonio! Happy task to president develop compare.', '2026-12-06 00:06:56', '2026-12-06 05:06:56', 3746, 'Draft'),
    (1103, 319, 146, 'Balanced multimedia synergy Festival', 'Join us for Balanced multimedia synergy Festival, a premier event in the heart of San Antonio! High-octane action! Cheer on your favorite team or participate in the city-wide fun run. All skill levels', '2025-03-07 18:57:14', '2025-03-08 00:57:14', 3386, 'Completed'),
    (1104, 1, 138, 'Future-proofed 3rdgeneration orchestration Festival', 'Join us for Future-proofed 3rdgeneration orchestration Festival, a premier event in the heart of San Antonio! Immerse yourself in creativity with local artists, live performances, and stunning theatri', '2026-07-15 19:28:28', '2026-07-16 02:28:28', 2817, 'Published'),
    (1105, 366, 141, 'Intuitive encompassing artificial intelligence Festival', 'Join us for Intuitive encompassing artificial intelligence Festival, a premier event in the heart of San Antonio! Many institution would major usually worry guy. If him picture subject property animal', '2027-04-21 15:22:40', '2027-04-21 17:22:40', 5315, 'Published'),
    (1106, 297, 144, 'Horizontal human-resource concept Festival', 'Join us for Horizontal human-resource concept Festival, a premier event in the heart of San Antonio! Boost your skills with our hands-on workshop focused on TV and digital marketing. Bring your laptop', '2027-05-24 20:04:32', '2027-05-25 01:04:32', 567, 'Published'),
    (1107, 154, 121, 'Ameliorated 24hour artificial intelligence Festival', 'Join us for Ameliorated 24hour artificial intelligence Festival, a premier event in the heart of San Antonio! Effort big medical. Treat itself per just activity heart.', '2027-02-11 18:02:12', '2027-02-12 01:02:12', 593, 'Published'),
    (1108, 319, 105, 'Grass-roots actuating structure Festival', 'Join us for Grass-roots actuating structure Festival, a premier event in the heart of San Antonio! Leader quite message country physical play young. Mind during style newspaper forget his. Build wife ', '2025-12-27 16:13:06', '2025-12-27 22:13:06', 5055, 'Published'),
    (1109, 353, 140, 'Mandatory needs-based product Festival', 'Join us for Mandatory needs-based product Festival, a premier event in the heart of San Antonio! Immerse yourself in creativity with local artists, live performances, and stunning theatrical acts. Per', '2026-03-30 02:03:45', '2026-03-30 06:03:45', 647, 'Canceled'),
    (1110, 434, 104, 'Operative value-added monitoring Festival', 'Join us for Operative value-added monitoring Festival, a premier event in the heart of San Antonio! Hospital hundred day. Again boy large me do economic resource phone. Center bad response religious.', '2025-12-27 17:59:21', '2025-12-27 22:59:21', 7745, 'Draft'),
    (1111, 244, 113, 'Virtual eco-centric archive Festival', 'Join us for Virtual eco-centric archive Festival, a premier event in the heart of San Antonio! Boost your skills with our hands-on workshop focused on pay and digital marketing. Bring your laptop and ', '2027-02-25 05:13:32', '2027-02-25 10:13:32', 6937, 'Published'),
    (1112, 376, 114, 'Business-focused optimizing artificial intelligence Festival', 'Join us for Business-focused optimizing artificial intelligence Festival, a premier event in the heart of San Antonio! Would that every occur field dream view point cell. Featuring local bands, rising', '2026-06-18 10:48:33', '2026-06-18 18:48:33', 3705, 'Published'),
    (1113, 219, 118, 'Vision-oriented responsive utilization Festival', 'Join us for Vision-oriented responsive utilization Festival, a premier event in the heart of San Antonio! A gastronomic journey awaits! Sample delicious offerings from the best local chefs and food tr', '2027-05-12 19:33:15', '2027-05-12 21:33:15', 10671, 'Published'),
    (1114, 434, 141, 'Multi-channeled national challenge Festival', 'Join us for Multi-channeled national challenge Festival, a premier event in the heart of San Antonio! Immerse yourself in creativity with local artists, live performances, and stunning theatrical acts', '2025-09-02 12:36:05', '2025-09-02 18:36:05', 6049, 'Draft'),
    (1115, 20, 133, 'Fundamental didactic intranet Festival', 'Join us for Fundamental didactic intranet Festival, a premier event in the heart of San Antonio! Improve we car low stuff goal second brother specific single. Featuring local bands, rising stars, and ', '2026-03-18 07:04:14', '2026-03-18 11:04:14', 166, 'Published'),
    (1116, 18, 114, 'Object-based motivating protocol Festival', 'Join us for Object-based motivating protocol Festival, a premier event in the heart of San Antonio! Color point stop alone can Republican. Wait fact relate give. Shoulder across threat resource total ', '2026-08-08 14:13:18', '2026-08-08 19:13:18', 3070, 'Canceled'),
    (1117, 8, 145, 'Synchronized heuristic moratorium Festival', 'Join us for Synchronized heuristic moratorium Festival, a premier event in the heart of San Antonio! Explore the future of technology with industry leaders and groundbreaking demonstrations. This year', '2025-01-10 23:07:10', '2025-01-11 03:07:10', 8458, 'Completed'),
    (1118, 281, 138, 'Re-contextualized empowering archive Festival', 'Join us for Re-contextualized empowering archive Festival, a premier event in the heart of San Antonio! Growth seat he collection such drive home process lawyer course many month use. Featuring local ', '2027-04-07 02:25:15', '2027-04-07 10:25:15', 5444, 'Published'),
    (1119, 500, 112, 'Innovative 6thgeneration knowledge user Festival', 'Join us for Innovative 6thgeneration knowledge user Festival, a premier event in the heart of San Antonio! Explore the future of technology with industry leaders and groundbreaking demonstrations. Thi', '2025-02-08 01:31:59', '2025-02-08 05:31:59', 7045, 'Completed'),
    (1120, 147, 142, 'Assimilated clear-thinking capacity Festival', 'Join us for Assimilated clear-thinking capacity Festival, a premier event in the heart of San Antonio! Explore the future of technology with industry leaders and groundbreaking demonstrations. This ye', '2025-04-28 11:08:08', '2025-04-28 16:08:08', 139, 'Draft'),
    (1121, 253, 111, 'Enhanced discrete neural-net Festival', 'Join us for Enhanced discrete neural-net Festival, a premier event in the heart of San Antonio! High-octane action! Cheer on your favorite team or participate in the city-wide fun run. All skill level', '2026-04-02 18:15:38', '2026-04-03 01:15:38', 6541, 'Published'),
    (1122, 156, 120, 'Cloned bandwidth-monitored installation Festival', 'Join us for Cloned bandwidth-monitored installation Festival, a premier event in the heart of San Antonio! Boost your skills with our hands-on workshop focused on just and digital marketing. Bring you', '2027-01-03 21:04:04', '2027-01-04 04:04:04', 1241, 'Published'),
    (1123, 125, 118, 'Quality-focused attitude-oriented leverage Festival', 'Join us for Quality-focused attitude-oriented leverage Festival, a premier event in the heart of San Antonio! A gastronomic journey awaits! Sample delicious offerings from the best local chefs and foo', '2027-07-25 11:38:22', '2027-07-25 16:38:22', 11807, 'Published'),
    (1124, 191, 108, 'Robust intermediate middleware Festival', 'Join us for Robust intermediate middleware Festival, a premier event in the heart of San Antonio! High-octane action! Cheer on your favorite team or participate in the city-wide fun run. All skill lev', '2025-08-08 09:44:31', '2025-08-08 11:44:31', 4318, 'Completed'),
    (1125, 330, 117, 'Extended bottom-line encoding Festival', 'Join us for Extended bottom-line encoding Festival, a premier event in the heart of San Antonio! High-octane action! Cheer on your favorite team or participate in the city-wide fun run. All skill leve', '2026-05-31 22:31:51', '2026-06-01 02:31:51', 520, 'Published'),
    (1126, 224, 137, 'Right-sized empowering superstructure Festival', 'Join us for Right-sized empowering superstructure Festival, a premier event in the heart of San Antonio! Boost your skills with our hands-on workshop focused on against and digital marketing. Bring yo', '2026-09-06 11:55:31', '2026-09-06 18:55:31', 9378, 'Draft'),
    (1127, 497, 148, 'Profit-focused grid-enabled attitude Festival', 'Join us for Profit-focused grid-enabled attitude Festival, a premier event in the heart of San Antonio! Boost your skills with our hands-on workshop focused on where and digital marketing. Bring your ', '2026-12-15 22:21:03', '2026-12-16 00:21:03', 4992, 'Published'),
    (1128, 147, 146, 'Monitored transitional instruction set Festival', 'Join us for Monitored transitional instruction set Festival, a premier event in the heart of San Antonio! High-octane action! Cheer on your favorite team or participate in the city-wide fun run. All s', '2026-10-21 06:07:31', '2026-10-21 14:07:31', 1058, 'Draft'),
    (1129, 269, 103, 'Face-to-face hybrid adapter Festival', 'Join us for Face-to-face hybrid adapter Festival, a premier event in the heart of San Antonio! High-octane action! Cheer on your favorite team or participate in the city-wide fun run. All skill levels', '2025-06-23 06:55:43', '2025-06-23 10:55:43', 2830, 'Completed'),
    (1130, 256, 113, 'Cross-platform tangible superstructure Festival', 'Join us for Cross-platform tangible superstructure Festival, a premier event in the heart of San Antonio! Explore the future of technology with industry leaders and groundbreaking demonstrations. This', '2027-03-01 15:12:38', '2027-03-01 19:12:38', 107, 'Published'),
    (1131, 245, 135, 'Innovative dedicated concept Festival', 'Join us for Innovative dedicated concept Festival, a premier event in the heart of San Antonio! Girl kind stop story fly feel trial. Loss finally reflect current must learn.', '2027-05-25 18:36:20', '2027-05-25 20:36:20', 10120, 'Canceled'),
    (1132, 114, 135, 'Proactive regional complexity Festival', 'Join us for Proactive regional complexity Festival, a premier event in the heart of San Antonio! Immerse yourself in creativity with local artists, live performances, and stunning theatrical acts. Per', '2025-07-20 20:26:57', '2025-07-20 23:26:57', 1585, 'Completed'),
    (1133, 44, 106, 'Team-oriented context-sensitive success Festival', 'Join us for Team-oriented context-sensitive success Festival, a premier event in the heart of San Antonio! Lay kid sure prepare. Surface local necessary specific rise.', '2026-02-20 05:34:34', '2026-02-20 12:34:34', 537, 'Draft'),
    (1134, 498, 115, 'Balanced leadingedge leverage Festival', 'Join us for Balanced leadingedge leverage Festival, a premier event in the heart of San Antonio! Boost your skills with our hands-on workshop focused on bag and digital marketing. Bring your laptop an', '2027-10-09 17:48:39', '2027-10-09 20:48:39', 10377, 'Draft'),
    (1135, 238, 126, 'Expanded foreground neural-net Festival', 'Join us for Expanded foreground neural-net Festival, a premier event in the heart of San Antonio! Action nothing rich mouth police light. Final thousand structure yeah seek even piece. Early say stati', '2027-09-27 16:43:06', '2027-09-27 18:43:06', 1193, 'Published'),
    (1136, 319, 106, 'Inverse executive pricing structure Festival', 'Join us for Inverse executive pricing structure Festival, a premier event in the heart of San Antonio! Identify wear right business charge business town surface film we seek hold despite. Featuring lo', '2026-02-02 03:17:18', '2026-02-02 05:17:18', 1359, 'Published'),
    (1137, 191, 123, 'Profit-focused fault-tolerant matrix Festival', 'Join us for Profit-focused fault-tolerant matrix Festival, a premier event in the heart of San Antonio! Immerse yourself in creativity with local artists, live performances, and stunning theatrical ac', '2026-07-31 20:13:49', '2026-07-31 23:13:49', 5082, 'Published'),
    (1138, 417, 140, 'Ergonomic methodical standardization Festival', 'Join us for Ergonomic methodical standardization Festival, a premier event in the heart of San Antonio! Boost your skills with our hands-on workshop focused on fact and digital marketing. Bring your l', '2026-01-18 03:12:19', '2026-01-18 07:12:19', 473, 'Published'),
    (1139, 411, 131, 'Robust even-keeled support Festival', 'Join us for Robust even-keeled support Festival, a premier event in the heart of San Antonio! Well American team company involve majority better.', '2027-01-11 14:34:53', '2027-01-11 16:34:53', 6543, 'Published'),
    (1140, 207, 148, 'Quality-focused asynchronous firmware Festival', 'Join us for Quality-focused asynchronous firmware Festival, a premier event in the heart of San Antonio! A gastronomic journey awaits! Sample delicious offerings from the best local chefs and food tru', '2024-12-05 23:36:24', '2024-12-06 03:36:24', 3702, 'Completed'),
    (1141, 208, 144, 'Proactive interactive time-frame Festival', 'Join us for Proactive interactive time-frame Festival, a premier event in the heart of San Antonio! Year against soldier order product yeah. Red nothing attention likely. Argue institution case.', '2026-10-16 23:43:15', '2026-10-17 07:43:15', 6043, 'Published'),
    (1142, 330, 134, 'Vision-oriented multi-state hardware Festival', 'Join us for Vision-oriented multi-state hardware Festival, a premier event in the heart of San Antonio! Immerse yourself in creativity with local artists, live performances, and stunning theatrical ac', '2026-02-21 15:01:14', '2026-02-21 19:01:14', 4440, 'Published'),
    (1143, 461, 137, 'Automated multi-tasking time-frame Festival', 'Join us for Automated multi-tasking time-frame Festival, a premier event in the heart of San Antonio! Where long rich under out bring what against everyone. Featuring local bands, rising stars, and a ', '2025-02-08 09:18:48', '2025-02-08 11:18:48', 6250, 'Canceled'),
    (1144, 330, 123, 'Persevering solution-oriented support Festival', 'Join us for Persevering solution-oriented support Festival, a premier event in the heart of San Antonio! High-octane action! Cheer on your favorite team or participate in the city-wide fun run. All sk', '2026-10-03 07:25:05', '2026-10-03 09:25:05', 9174, 'Published'),
    (1145, 34, 124, 'Synergistic intermediate analyzer Festival', 'Join us for Synergistic intermediate analyzer Festival, a premier event in the heart of San Antonio! Ask finish member their face be situation. Financial threat nearly model. Industry company success.', '2027-03-29 10:14:32', '2027-03-29 12:14:32', 2392, 'Draft'),
    (1146, 283, 141, 'Future-proofed web-enabled algorithm Festival', 'Join us for Future-proofed web-enabled algorithm Festival, a premier event in the heart of San Antonio! High-octane action! Cheer on your favorite team or participate in the city-wide fun run. All ski', '2025-01-09 11:21:44', '2025-01-09 17:21:44', 5361, 'Completed'),
    (1147, 177, 138, 'Optional value-added focus group Festival', 'Join us for Optional value-added focus group Festival, a premier event in the heart of San Antonio! Someone increase across international from parent of. Featuring local bands, rising stars, and a dyn', '2027-04-13 07:47:49', '2027-04-13 10:47:49', 4751, 'Published'),
    (1148, 366, 127, 'Re-contextualized empowering circuit Festival', 'Join us for Re-contextualized empowering circuit Festival, a premier event in the heart of San Antonio! A gastronomic journey awaits! Sample delicious offerings from the best local chefs and food truc', '2026-04-05 08:48:26', '2026-04-05 13:48:26', 4156, 'Draft'),
    (1149, 70, 116, 'Intuitive human-resource info-mediaries Festival', 'Join us for Intuitive human-resource info-mediaries Festival, a premier event in the heart of San Antonio! People safe air another pick beat. Radio others though heart. Draw note beautiful face there ', '2026-05-03 23:10:16', '2026-05-04 07:10:16', 1377, 'Draft'),
    (1150, 43, 103, 'Compatible empowering support Festival', 'Join us for Compatible empowering support Festival, a premier event in the heart of San Antonio! Boost your skills with our hands-on workshop focused on center and digital marketing. Bring your laptop', '2025-05-05 00:16:41', '2025-05-05 07:16:41', 966, 'Completed'),
    (1151, 495, 106, 'Fully-configurable secondary infrastructure Festival', 'Join us for Fully-configurable secondary infrastructure Festival, a premier event in the heart of San Antonio! Head allow push adult discuss. Action ground quite individual budget act perform. Traditi', '2027-06-15 02:45:45', '2027-06-15 09:45:45', 2256, 'Published'),
    (1152, 340, 142, 'Compatible intangible moderator Festival', 'Join us for Compatible intangible moderator Festival, a premier event in the heart of San Antonio! Boost your skills with our hands-on workshop focused on brother and digital marketing. Bring your lap', '2025-02-06 19:36:35', '2025-02-07 00:36:35', 2244, 'Completed'),
    (1153, 13, 143, 'Right-sized motivating projection Festival', 'Join us for Right-sized motivating projection Festival, a premier event in the heart of San Antonio! Immerse yourself in creativity with local artists, live performances, and stunning theatrical acts.', '2026-02-27 23:18:34', '2026-02-28 03:18:34', 1102, 'Published'),
    (1154, 282, 129, 'Multi-lateral encompassing help-desk Festival', 'Join us for Multi-lateral encompassing help-desk Festival, a premier event in the heart of San Antonio! Dream support between now white arrive food drive necessary number remember young. Featuring loc', '2024-12-07 15:01:28', '2024-12-07 22:01:28', 1939, 'Completed'),
    (1155, 108, 122, 'Persevering optimal productivity Festival', 'Join us for Persevering optimal productivity Festival, a premier event in the heart of San Antonio! Special state power here station. Three leave live nation.', '2025-08-20 06:22:52', '2025-08-20 11:22:52', 369, 'Completed'),
    (1156, 102, 141, 'Robust zero administration capacity Festival', 'Join us for Robust zero administration capacity Festival, a premier event in the heart of San Antonio! Series down million whether walk huge program laugh.', '2024-12-13 02:11:45', '2024-12-13 09:11:45', 5241, 'Completed'),
    (1157, 125, 145, 'Open-source regional frame Festival', 'Join us for Open-source regional frame Festival, a premier event in the heart of San Antonio! Voice provide organization behind. Way method fine bill much tough science. Line both focus.', '2026-08-29 12:55:52', '2026-08-29 18:55:52', 50, 'Published'),
    (1158, 420, 146, 'Business-focused intermediate capacity Festival', 'Join us for Business-focused intermediate capacity Festival, a premier event in the heart of San Antonio! High-octane action! Cheer on your favorite team or participate in the city-wide fun run. All s', '2026-01-20 09:01:32', '2026-01-20 15:01:32', 1302, 'Published'),
    (1159, 426, 111, 'Versatile national task-force Festival', 'Join us for Versatile national task-force Festival, a premier event in the heart of San Antonio! Explore the future of technology with industry leaders and groundbreaking demonstrations. This year''s f', '2025-06-26 05:33:06', '2025-06-26 09:33:06', 4031, 'Completed'),
    (1160, 154, 122, 'Inverse bottom-line infrastructure Festival', 'Join us for Inverse bottom-line infrastructure Festival, a premier event in the heart of San Antonio! Immerse yourself in creativity with local artists, live performances, and stunning theatrical acts', '2026-02-24 21:31:40', '2026-02-25 03:31:40', 6032, 'Canceled'),
    (1161, 415, 110, 'Fundamental demand-driven process improvement Festival', 'Join us for Fundamental demand-driven process improvement Festival, a premier event in the heart of San Antonio! Couple tend often industry then meet. Door commercial arm eat factor hospital. Free pos', '2027-08-12 16:05:49', '2027-08-12 21:05:49', 977, 'Published'),
    (1162, 201, 112, 'Quality-focused uniform collaboration Festival', 'Join us for Quality-focused uniform collaboration Festival, a premier event in the heart of San Antonio! Explore the future of technology with industry leaders and groundbreaking demonstrations. This ', '2025-07-21 20:03:07', '2025-07-22 02:03:07', 10532, 'Completed'),
    (1163, 253, 135, 'Multi-layered exuding initiative Festival', 'Join us for Multi-layered exuding initiative Festival, a premier event in the heart of San Antonio! Born they individual happy care affect new recognize middle. Featuring local bands, rising stars, an', '2026-05-07 07:46:25', '2026-05-07 10:46:25', 1784, 'Published'),
    (1164, 444, 126, 'Function-based even-keeled time-frame Festival', 'Join us for Function-based even-keeled time-frame Festival, a premier event in the heart of San Antonio! High-octane action! Cheer on your favorite team or participate in the city-wide fun run. All sk', '2025-02-01 00:52:50', '2025-02-01 05:52:50', 5865, 'Completed'),
    (1165, 191, 136, 'Visionary static workforce Festival', 'Join us for Visionary static workforce Festival, a premier event in the heart of San Antonio! Immerse yourself in creativity with local artists, live performances, and stunning theatrical acts. Perfec', '2026-01-13 01:54:24', '2026-01-13 07:54:24', 1439, 'Draft'),
    (1166, 444, 106, 'Operative context-sensitive infrastructure Festival', 'Join us for Operative context-sensitive infrastructure Festival, a premier event in the heart of San Antonio! Cover writer purpose oil those pick leader number three. Featuring local bands, rising sta', '2026-10-10 13:51:14', '2026-10-10 21:51:14', 2780, 'Draft'),
    (1167, 354, 129, 'Networked clear-thinking groupware Festival', 'Join us for Networked clear-thinking groupware Festival, a premier event in the heart of San Antonio! Alone foot star try television hit sure the whose recently bag hope. Featuring local bands, rising', '2026-09-11 10:07:26', '2026-09-11 14:07:26', 7399, 'Published'),
    (1168, 4, 120, 'Balanced tangible protocol Festival', 'Join us for Balanced tangible protocol Festival, a premier event in the heart of San Antonio! Boost your skills with our hands-on workshop focused on inside and digital marketing. Bring your laptop an', '2026-12-17 01:50:52', '2026-12-17 09:50:52', 2466, 'Draft'),
    (1169, 147, 141, 'Future-proofed object-oriented instruction set Festival', 'Join us for Future-proofed object-oriented instruction set Festival, a premier event in the heart of San Antonio! A gastronomic journey awaits! Sample delicious offerings from the best local chefs and', '2027-08-23 02:55:17', '2027-08-23 05:55:17', 1246, 'Published'),
    (1170, 98, 102, 'Pre-emptive well-modulated data-warehouse Festival', 'Join us for Pre-emptive well-modulated data-warehouse Festival, a premier event in the heart of San Antonio! Model reveal century civil approach when. On least them. Imagine news year different Americ', '2026-04-29 06:32:39', '2026-04-29 14:32:39', 779, 'Published'),
    (1171, 312, 137, 'Virtual empowering customer loyalty Festival', 'Join us for Virtual empowering customer loyalty Festival, a premier event in the heart of San Antonio! High-octane action! Cheer on your favorite team or participate in the city-wide fun run. All skil', '2025-02-27 09:39:33', '2025-02-27 17:39:33', 8696, 'Completed'),
    (1172, 354, 118, 'User-centric hybrid alliance Festival', 'Join us for User-centric hybrid alliance Festival, a premier event in the heart of San Antonio! Explore the future of technology with industry leaders and groundbreaking demonstrations. This year''s fo', '2026-12-20 13:27:27', '2026-12-20 15:27:27', 8456, 'Draft'),
    (1173, 444, 133, 'Universal encompassing matrices Festival', 'Join us for Universal encompassing matrices Festival, a premier event in the heart of San Antonio! Boost your skills with our hands-on workshop focused on push and digital marketing. Bring your laptop', '2025-05-30 03:54:28', '2025-05-30 08:54:28', 293, 'Completed'),
    (1174, 420, 111, 'Compatible asymmetric framework Festival', 'Join us for Compatible asymmetric framework Festival, a premier event in the heart of San Antonio! A gastronomic journey awaits! Sample delicious offerings from the best local chefs and food trucks. L', '2027-02-14 21:22:51', '2027-02-15 00:22:51', 2828, 'Published'),
    (1175, 224, 140, 'Distributed zero administration function Festival', 'Join us for Distributed zero administration function Festival, a premier event in the heart of San Antonio! Before hour manage story. System who person garden poor west. Remain kid detail everybody on', '2027-04-16 13:09:55', '2027-04-16 18:09:55', 1158, 'Draft'),
    (1176, 317, 119, 'Multi-layered fault-tolerant protocol Festival', 'Join us for Multi-layered fault-tolerant protocol Festival, a premier event in the heart of San Antonio! Worry talk while anything. Mind name east person.', '2025-09-28 06:38:18', '2025-09-28 12:38:18', 7386, 'Completed'),
    (1177, 351, 113, 'Multi-lateral maximized leverage Festival', 'Join us for Multi-lateral maximized leverage Festival, a premier event in the heart of San Antonio! Boost your skills with our hands-on workshop focused on similar and digital marketing. Bring your la', '2026-11-19 17:07:52', '2026-11-20 00:07:52', 3480, 'Published'),
    (1178, 147, 123, 'Streamlined hybrid initiative Festival', 'Join us for Streamlined hybrid initiative Festival, a premier event in the heart of San Antonio! Scene book national break continue indeed need drug.', '2026-07-22 21:24:30', '2026-07-23 03:24:30', 810, 'Canceled'),
    (1179, 348, 114, 'Automated needs-based algorithm Festival', 'Join us for Automated needs-based algorithm Festival, a premier event in the heart of San Antonio! Boost your skills with our hands-on workshop focused on full and digital marketing. Bring your laptop', '2025-10-09 00:04:57', '2025-10-09 03:04:57', 483, 'Completed'),
    (1180, 249, 131, 'Managed zero administration toolset Festival', 'Join us for Managed zero administration toolset Festival, a premier event in the heart of San Antonio! Boost your skills with our hands-on workshop focused on owner and digital marketing. Bring your l', '2027-11-14 11:50:33', '2027-11-14 15:50:33', 556, 'Draft'),
    (1181, 368, 136, 'Enterprise-wide executive moratorium Festival', 'Join us for Enterprise-wide executive moratorium Festival, a premier event in the heart of San Antonio! A gastronomic journey awaits! Sample delicious offerings from the best local chefs and food truc', '2027-09-29 21:51:20', '2027-09-30 00:51:20', 775, 'Published'),
    (1182, 348, 130, 'Optional regional projection Festival', 'Join us for Optional regional projection Festival, a premier event in the heart of San Antonio! Assume nearly might trip of manage current. Food might opportunity allow state for lead.', '2025-05-31 06:56:03', '2025-05-31 09:56:03', 10097, 'Completed'),
    (1183, 243, 134, 'Synchronized heuristic Graphic Interface Festival', 'Join us for Synchronized heuristic Graphic Interface Festival, a premier event in the heart of San Antonio! High-octane action! Cheer on your favorite team or participate in the city-wide fun run. All', '2025-04-07 08:39:40', '2025-04-07 15:39:40', 3902, 'Completed'),
    (1184, 348, 134, 'User-centric static initiative Festival', 'Join us for User-centric static initiative Festival, a premier event in the heart of San Antonio! A gastronomic journey awaits! Sample delicious offerings from the best local chefs and food trucks. Li', '2026-03-13 05:15:35', '2026-03-13 13:15:35', 51, 'Draft'),
    (1185, 317, 106, 'Face-to-face mobile analyzer Festival', 'Join us for Face-to-face mobile analyzer Festival, a premier event in the heart of San Antonio! Explore the future of technology with industry leaders and groundbreaking demonstrations. This year''s fo', '2026-06-05 12:18:38', '2026-06-05 15:18:38', 2011, 'Published'),
    (1186, 456, 130, 'Grass-roots well-modulated encoding Festival', 'Join us for Grass-roots well-modulated encoding Festival, a premier event in the heart of San Antonio! A gastronomic journey awaits! Sample delicious offerings from the best local chefs and food truck', '2027-01-02 20:38:22', '2027-01-03 03:38:22', 5341, 'Canceled'),
    (1187, 447, 105, 'Horizontal even-keeled intranet Festival', 'Join us for Horizontal even-keeled intranet Festival, a premier event in the heart of San Antonio! Pass color when us. Floor candidate key recent people natural walk. Thousand collection lay action st', '2025-10-13 22:06:26', '2025-10-14 03:06:26', 4442, 'Completed'),
    (1188, 486, 118, 'Robust even-keeled productivity Festival', 'Join us for Robust even-keeled productivity Festival, a premier event in the heart of San Antonio! Explore the future of technology with industry leaders and groundbreaking demonstrations. This year''s', '2025-12-31 11:36:32', '2025-12-31 18:36:32', 8935, 'Published'),
    (1189, 65, 123, 'Assimilated modular flexibility Festival', 'Join us for Assimilated modular flexibility Festival, a premier event in the heart of San Antonio! Quickly explain forward worry for three not develop possible race cell. Featuring local bands, rising', '2026-12-08 06:10:33', '2026-12-08 13:10:33', 4992, 'Published'),
    (1190, 320, 119, 'Enterprise-wide discrete challenge Festival', 'Join us for Enterprise-wide discrete challenge Festival, a premier event in the heart of San Antonio! Boost your skills with our hands-on workshop focused on truth and digital marketing. Bring your la', '2027-08-18 17:50:36', '2027-08-18 21:50:36', 1510, 'Published'),
    (1191, 207, 123, 'Self-enabling motivating time-frame Festival', 'Join us for Self-enabling motivating time-frame Festival, a premier event in the heart of San Antonio! Open cup while walk once when will. Yet enter piece responsibility realize.', '2025-01-23 09:30:54', '2025-01-23 15:30:54', 6382, 'Completed'),
    (1192, 404, 125, 'Expanded systemic adapter Festival', 'Join us for Expanded systemic adapter Festival, a premier event in the heart of San Antonio! High-octane action! Cheer on your favorite team or participate in the city-wide fun run. All skill levels w', '2027-07-31 15:19:40', '2027-07-31 23:19:40', 2456, 'Published'),
    (1193, 18, 108, 'Profit-focused scalable frame Festival', 'Join us for Profit-focused scalable frame Festival, a premier event in the heart of San Antonio! High-octane action! Cheer on your favorite team or participate in the city-wide fun run. All skill leve', '2027-07-16 07:47:29', '2027-07-16 10:47:29', 520, 'Draft'),
    (1194, 350, 107, 'Automated web-enabled data-warehouse Festival', 'Join us for Automated web-enabled data-warehouse Festival, a premier event in the heart of San Antonio! A gastronomic journey awaits! Sample delicious offerings from the best local chefs and food truc', '2027-03-25 08:24:56', '2027-03-25 10:24:56', 747, 'Published'),
    (1195, 64, 129, 'Robust national help-desk Festival', 'Join us for Robust national help-desk Festival, a premier event in the heart of San Antonio! Boost your skills with our hands-on workshop focused on world and digital marketing. Bring your laptop and ', '2026-07-01 18:51:14', '2026-07-02 02:51:14', 10521, 'Published'),
    (1196, 243, 148, 'Reactive holistic system engine Festival', 'Join us for Reactive holistic system engine Festival, a premier event in the heart of San Antonio! Boost your skills with our hands-on workshop focused on member and digital marketing. Bring your lapt', '2026-12-05 05:18:28', '2026-12-05 07:18:28', 4025, 'Draft'),
    (1197, 385, 105, 'Implemented heuristic monitoring Festival', 'Join us for Implemented heuristic monitoring Festival, a premier event in the heart of San Antonio! Citizen Mrs statement discover speak miss. Featuring local bands, rising stars, and a dynamic sound ', '2025-09-15 07:30:28', '2025-09-15 15:30:28', 3325, 'Canceled'),
    (1198, 354, 123, 'Seamless asynchronous concept Festival', 'Join us for Seamless asynchronous concept Festival, a premier event in the heart of San Antonio! His necessary if. Right spend story foreign.', '2026-10-11 18:36:56', '2026-10-11 22:36:56', 7197, 'Published'),
    (1199, 265, 143, 'Optimized local help-desk Festival', 'Join us for Optimized local help-desk Festival, a premier event in the heart of San Antonio! Immerse yourself in creativity with local artists, live performances, and stunning theatrical acts. Perfect', '2026-10-28 15:14:39', '2026-10-28 19:14:39', 2701, 'Published'),
    (1200, 164, 123, 'Persistent static Graphical User Interface Festival', 'Join us for Persistent static Graphical User Interface Festival, a premier event in the heart of San Antonio! Receive organization successful individual positive. Meeting president cell paper trip.', '2027-07-17 03:03:40', '2027-07-17 05:03:40', 5092, 'Draft');

INSERT INTO `event_category` (`event_id`, `category_id`) VALUES
    (1001, 5),
    (1001, 7),
    (1002, 1),
    (1002, 6),
    (1003, 4),
    (1003, 6),
    (1004, 4),
    (1004, 3),
    (1005, 5),
    (1005, 8),
    (1008, 1),
    (1008, 4),
    (1010, 3),
    (1010, 7),
    (1011, 5),
    (1011, 2),
    (1012, 2),
    (1012, 5),
    (1013, 3),
    (1014, 1),
    (1015, 2),
    (1016, 1),
    (1017, 7),
    (1018, 2),
    (1019, 4),
    (1019, 2),
    (1020, 7),
    (1021, 3),
    (1022, 3),
    (1023, 3),
    (1023, 5),
    (1024, 6),
    (1025, 4),
    (1026, 6),
    (1027, 1),
    (1029, 1),
    (1029, 2),
    (1032, 2),
    (1033, 4),
    (1033, 5),
    (1034, 6),
    (1034, 8),
    (1035, 8),
    (1036, 4),
    (1037, 6),
    (1038, 4),
    (1039, 3),
    (1040, 8),
    (1040, 4),
    (1041, 5),
    (1041, 7),
    (1042, 3),
    (1042, 4),
    (1043, 2),
    (1044, 7),
    (1044, 2),
    (1048, 4),
    (1048, 1),
    (1050, 5),
    (1051, 5),
    (1052, 6),
    (1053, 4),
    (1053, 1),
    (1054, 2),
    (1056, 6),
    (1058, 8),
    (1058, 7),
    (1060, 6),
    (1060, 5),
    (1061, 1),
    (1062, 8),
    (1063, 1),
    (1064, 5),
    (1066, 1),
    (1067, 1),
    (1067, 5),
    (1068, 8),
    (1068, 1),
    (1069, 8),
    (1070, 3),
    (1072, 2),
    (1074, 6),
    (1075, 8),
    (1075, 3),
    (1076, 8),
    (1076, 4),
    (1077, 7),
    (1078, 1),
    (1079, 6),
    (1079, 4),
    (1080, 5),
    (1080, 7),
    (1082, 6),
    (1082, 4),
    (1083, 6),
    (1083, 8),
    (1084, 7),
    (1084, 6),
    (1085, 3),
    (1086, 6),
    (1086, 2),
    (1090, 7),
    (1091, 6),
    (1091, 3),
    (1092, 3),
    (1094, 7),
    (1095, 7),
    (1097, 5),
    (1097, 7),
    (1098, 8),
    (1099, 6),
    (1100, 1),
    (1100, 7),
    (1101, 6),
    (1101, 7),
    (1102, 1),
    (1103, 1),
    (1103, 5),
    (1104, 3),
    (1105, 7),
    (1105, 2),
    (1106, 1),
    (1107, 3),
    (1108, 4),
    (1108, 7),
    (1109, 2),
    (1109, 6),
    (1110, 2),
    (1110, 3),
    (1111, 7),
    (1112, 1),
    (1112, 3),
    (1113, 5),
    (1113, 3),
    (1114, 2),
    (1114, 1),
    (1115, 3),
    (1115, 2),
    (1116, 2),
    (1116, 1),
    (1118, 4),
    (1120, 4),
    (1120, 1),
    (1121, 7),
    (1121, 6),
    (1122, 1),
    (1123, 2),
    (1123, 8),
    (1124, 7),
    (1124, 6),
    (1125, 6),
    (1126, 3),
    (1127, 6),
    (1128, 3),
    (1128, 4),
    (1130, 8),
    (1130, 6),
    (1133, 8),
    (1134, 7),
    (1134, 5),
    (1135, 1),
    (1136, 8),
    (1137, 2),
    (1137, 1),
    (1138, 4),
    (1138, 1),
    (1139, 3),
    (1139, 4),
    (1141, 6),
    (1142, 3),
    (1143, 1),
    (1144, 8),
    (1145, 2),
    (1146, 7),
    (1146, 4),
    (1147, 6),
    (1148, 1),
    (1148, 5),
    (1149, 1),
    (1149, 6),
    (1151, 5),
    (1153, 4),
    (1153, 6),
    (1154, 7),
    (1155, 4),
    (1156, 3),
    (1156, 2),
    (1157, 2),
    (1157, 5),
    (1158, 2),
    (1160, 3),
    (1160, 2),
    (1161, 6),
    (1162, 4),
    (1162, 3),
    (1163, 1),
    (1163, 8),
    (1165, 8),
    (1166, 3),
    (1167, 3),
    (1169, 7),
    (1169, 4),
    (1170, 3),
    (1171, 4),
    (1171, 7),
    (1172, 4),
    (1172, 2),
    (1174, 8),
    (1176, 4),
    (1176, 3),
    (1177, 2),
    (1177, 1),
    (1178, 4),
    (1178, 5),
    (1179, 8),
    (1179, 5),
    (1181, 7),
    (1182, 1),
    (1182, 4),
    (1183, 8),
    (1183, 5),
    (1184, 1),
    (1184, 2),
    (1185, 5),
    (1186, 8),
    (1187, 5),
    (1188, 5),
    (1188, 4),
    (1189, 5),
    (1189, 8),
    (1190, 8),
    (1190, 6),
    (1191, 8),
    (1192, 3),
    (1194, 5),
    (1194, 4),
    (1195, 4),
    (1196, 8),
    (1197, 5),
    (1198, 8),
    (1199, 4),
    (1199, 1),
    (1200, 7);

INSERT INTO `orders` (`order_id`, `user_id`, `total_amount`, `order_date`, `status`) VALUES
    (5001, 274, 23.33, '2025-11-17 15:36:52', 'Completed'),
    (5002, 198, 73.6, '2025-11-17 15:40:16', 'Completed'),
    (5003, 378, 63.11, '2025-11-17 15:40:33', 'Pending'),
    (5004, 92, 236.38, '2025-11-17 15:36:15', 'Completed'),
    (5005, 40, 371.13, '2025-11-17 15:39:11', 'Completed'),
    (5006, 86, 430.29, '2025-11-17 15:37:13', 'Pending'),
    (5007, 139, 101.96, '2025-11-17 15:35:50', 'Completed'),
    (5008, 360, 206.05, '2025-11-17 15:39:55', 'Pending'),
    (5009, 401, 125.56, '2025-11-17 15:38:54', 'Completed'),
    (5010, 29, 204.49, '2025-11-17 15:39:51', 'Completed'),
    (5011, 27, 113.99, '2025-11-17 15:37:35', 'Completed'),
    (5012, 199, 451.37, '2025-11-17 15:37:04', 'Completed'),
    (5013, 105, 482.58, '2025-11-17 15:39:54', 'Completed'),
    (5014, 372, 373.55, '2025-11-17 15:39:35', 'Completed'),
    (5015, 211, 321.31, '2025-11-17 15:39:05', 'Completed'),
    (5016, 465, 317.46, '2025-11-17 15:35:05', 'Completed'),
    (5017, 386, 236.79, '2025-11-17 15:35:36', 'Completed'),
    (5018, 405, 483.35, '2025-11-17 15:40:30', 'Completed'),
    (5019, 176, 64.56, '2025-11-17 15:37:42', 'Completed'),
    (5020, 474, 443.76, '2025-11-17 15:37:03', 'Completed'),
    (5021, 189, 456.71, '2025-11-17 15:39:26', 'Completed'),
    (5022, 464, 39.39, '2025-11-17 15:38:14', 'Completed'),
    (5023, 205, 232.89, '2025-11-17 15:38:16', 'Pending'),
    (5024, 458, 51.81, '2025-11-17 15:36:55', 'Completed'),
    (5025, 86, 256.72, '2025-11-17 15:39:57', 'Completed'),
    (5026, 213, 207.18, '2025-11-17 15:40:24', 'Completed'),
    (5027, 301, 447.46, '2025-11-17 15:39:11', 'Pending'),
    (5028, 277, 394.23, '2025-11-17 15:35:31', 'Completed'),
    (5029, 116, 453.91, '2025-11-17 15:39:57', 'Completed'),
    (5030, 92, 476.99, '2025-11-17 15:36:33', 'Completed'),
    (5031, 443, 39.77, '2025-11-17 15:36:43', 'Completed'),
    (5032, 206, 417.92, '2025-11-17 15:35:01', 'Completed'),
    (5033, 37, 262.14, '2025-11-17 15:40:44', 'Completed'),
    (5034, 179, 403.18, '2025-11-17 15:39:21', 'Completed'),
    (5035, 46, 167.22, '2025-11-17 15:40:02', 'Completed'),
    (5036, 378, 224.9, '2025-11-17 15:38:20', 'Pending'),
    (5037, 423, 365.43, '2025-11-17 15:36:57', 'Completed'),
    (5038, 179, 329.39, '2025-11-17 15:35:07', 'Pending'),
    (5039, 262, 168.37, '2025-11-17 15:40:26', 'Refunded'),
    (5040, 433, 498.29, '2025-11-17 15:35:28', 'Refunded'),
    (5041, 206, 263.1, '2025-11-17 15:36:59', 'Completed'),
    (5042, 433, 301.34, '2025-11-17 15:40:01', 'Completed'),
    (5043, 458, 270.93, '2025-11-17 15:38:45', 'Completed'),
    (5044, 436, 354.28, '2025-11-17 15:39:22', 'Completed'),
    (5045, 310, 52.48, '2025-11-17 15:35:19', 'Completed'),
    (5046, 344, 182.02, '2025-11-17 15:38:14', 'Refunded'),
    (5047, 383, 233.6, '2025-11-17 15:39:31', 'Completed'),
    (5048, 31, 185.8, '2025-11-17 15:39:06', 'Completed'),
    (5049, 413, 408.16, '2025-11-17 15:37:37', 'Completed'),
    (5050, 474, 86.88, '2025-11-17 15:40:55', 'Pending'),
    (5051, 75, 287.76, '2025-11-17 15:36:48', 'Completed'),
    (5052, 410, 385.34, '2025-11-17 15:39:28', 'Completed'),
    (5053, 494, 495.14, '2025-11-17 15:37:07', 'Pending'),
    (5054, 301, 34.57, '2025-11-17 15:38:51', 'Completed'),
    (5055, 204, 424.84, '2025-11-17 15:37:14', 'Completed'),
    (5056, 106, 112.25, '2025-11-17 15:37:52', 'Pending'),
    (5057, 479, 212.26, '2025-11-17 15:36:24', 'Refunded'),
    (5058, 176, 340.61, '2025-11-17 15:36:17', 'Completed'),
    (5059, 331, 375.03, '2025-11-17 15:38:36', 'Pending'),
    (5060, 414, 219.37, '2025-11-17 15:37:35', 'Completed'),
    (5061, 115, 375.32, '2025-11-17 15:35:00', 'Completed'),
    (5062, 344, 137.23, '2025-11-17 15:40:34', 'Refunded'),
    (5063, 75, 447.19, '2025-11-17 15:36:16', 'Refunded'),
    (5064, 106, 60.65, '2025-11-17 15:37:16', 'Completed'),
    (5065, 141, 463.17, '2025-11-17 15:38:20', 'Completed'),
    (5066, 155, 312.77, '2025-11-17 15:39:04', 'Completed'),
    (5067, 110, 108.1, '2025-11-17 15:35:08', 'Completed'),
    (5068, 122, 436.46, '2025-11-17 15:39:59', 'Completed'),
    (5069, 440, 248.12, '2025-11-17 15:37:48', 'Completed'),
    (5070, 105, 470.66, '2025-11-17 15:38:54', 'Completed'),
    (5071, 24, 183.05, '2025-11-17 15:36:58', 'Pending'),
    (5072, 176, 181.25, '2025-11-17 15:36:22', 'Completed'),
    (5073, 440, 372.45, '2025-11-17 15:35:06', 'Pending'),
    (5074, 199, 467.98, '2025-11-17 15:39:59', 'Pending'),
    (5075, 407, 434.01, '2025-11-17 15:39:37', 'Completed'),
    (5076, 387, 56.8, '2025-11-17 15:37:08', 'Pending'),
    (5077, 183, 193.46, '2025-11-17 15:37:40', 'Completed'),
    (5078, 299, 86.48, '2025-11-17 15:39:20', 'Completed'),
    (5079, 242, 306.89, '2025-11-17 15:37:02', 'Completed'),
    (5080, 212, 74.69, '2025-11-17 15:37:02', 'Completed'),
    (5081, 159, 455.36, '2025-11-17 15:35:10', 'Completed'),
    (5082, 310, 454.09, '2025-11-17 15:36:05', 'Refunded'),
    (5083, 62, 174.62, '2025-11-17 15:38:57', 'Completed'),
    (5084, 54, 296.08, '2025-11-17 15:37:23', 'Completed'),
    (5085, 499, 360.76, '2025-11-17 15:40:07', 'Completed'),
    (5086, 448, 499.41, '2025-11-17 15:36:38', 'Completed'),
    (5087, 387, 53.19, '2025-11-17 15:35:50', 'Refunded'),
    (5088, 51, 125.72, '2025-11-17 15:34:56', 'Completed'),
    (5089, 100, 303.12, '2025-11-17 15:37:13', 'Completed'),
    (5090, 28, 370.18, '2025-11-17 15:36:11', 'Refunded'),
    (5091, 458, 467.7, '2025-11-17 15:40:46', 'Completed'),
    (5092, 299, 163.85, '2025-11-17 15:36:16', 'Pending'),
    (5093, 14, 26.11, '2025-11-17 15:35:18', 'Completed'),
    (5094, 126, 69.92, '2025-11-17 15:39:21', 'Pending'),
    (5095, 110, 205.52, '2025-11-17 15:39:54', 'Completed'),
    (5096, 170, 285.9, '2025-11-17 15:39:08', 'Completed'),
    (5097, 277, 45.63, '2025-11-17 15:36:55', 'Refunded'),
    (5098, 246, 199.83, '2025-11-17 15:35:23', 'Completed'),
    (5099, 474, 393.96, '2025-11-17 15:38:36', 'Refunded'),
    (5100, 479, 130.74, '2025-11-17 15:38:47', 'Pending'),
    (5101, 151, 234.62, '2025-11-17 15:35:25', 'Pending'),
    (5102, 313, 114.01, '2025-11-17 15:40:50', 'Completed'),
    (5103, 29, 280.66, '2025-11-17 15:39:29', 'Completed'),
    (5104, 190, 27.84, '2025-11-17 15:39:36', 'Completed'),
    (5105, 378, 196.05, '2025-11-17 15:38:55', 'Completed'),
    (5106, 433, 180.53, '2025-11-17 15:40:17', 'Refunded'),
    (5107, 473, 152.61, '2025-11-17 15:40:29', 'Pending'),
    (5108, 443, 237.21, '2025-11-17 15:38:02', 'Pending'),
    (5109, 126, 450.99, '2025-11-17 15:36:56', 'Completed'),
    (5110, 85, 220.42, '2025-11-17 15:35:53', 'Completed'),
    (5111, 216, 474.76, '2025-11-17 15:39:07', 'Completed'),
    (5112, 222, 92.55, '2025-11-17 15:37:45', 'Pending'),
    (5113, 113, 284.0, '2025-11-17 15:38:28', 'Completed'),
    (5114, 67, 402.39, '2025-11-17 15:37:21', 'Pending'),
    (5115, 159, 248.86, '2025-11-17 15:40:48', 'Refunded'),
    (5116, 378, 25.14, '2025-11-17 15:36:54', 'Completed'),
    (5117, 468, 288.53, '2025-11-17 15:38:22', 'Completed'),
    (5118, 467, 41.12, '2025-11-17 15:35:30', 'Completed'),
    (5119, 122, 463.86, '2025-11-17 15:35:08', 'Completed'),
    (5120, 410, 325.08, '2025-11-17 15:36:16', 'Completed'),
    (5121, 118, 240.47, '2025-11-17 15:35:08', 'Pending'),
    (5122, 407, 389.56, '2025-11-17 15:36:58', 'Completed'),
    (5123, 155, 240.41, '2025-11-17 15:37:39', 'Pending'),
    (5124, 291, 310.8, '2025-11-17 15:38:16', 'Completed'),
    (5125, 76, 154.24, '2025-11-17 15:39:24', 'Completed'),
    (5126, 343, 286.64, '2025-11-17 15:40:47', 'Completed'),
    (5127, 159, 96.28, '2025-11-17 15:38:56', 'Completed'),
    (5128, 183, 85.58, '2025-11-17 15:35:15', 'Pending'),
    (5129, 159, 296.9, '2025-11-17 15:39:33', 'Completed'),
    (5130, 100, 361.64, '2025-11-17 15:39:52', 'Completed'),
    (5131, 140, 92.19, '2025-11-17 15:37:33', 'Completed'),
    (5132, 32, 52.38, '2025-11-17 15:37:28', 'Completed'),
    (5133, 394, 392.84, '2025-11-17 15:35:47', 'Completed'),
    (5134, 24, 299.21, '2025-11-17 15:39:00', 'Completed'),
    (5135, 26, 63.52, '2025-11-17 15:40:52', 'Completed'),
    (5136, 203, 40.55, '2025-11-17 15:35:46', 'Completed'),
    (5137, 410, 210.3, '2025-11-17 15:37:36', 'Pending'),
    (5138, 179, 193.48, '2025-11-17 15:37:31', 'Completed'),
    (5139, 378, 282.64, '2025-11-17 15:35:39', 'Completed'),
    (5140, 139, 391.99, '2025-11-17 15:35:45', 'Completed'),
    (5141, 380, 445.52, '2025-11-17 15:38:03', 'Refunded'),
    (5142, 427, 373.83, '2025-11-17 15:36:49', 'Completed'),
    (5143, 110, 56.13, '2025-11-17 15:40:47', 'Pending'),
    (5144, 152, 426.14, '2025-11-17 15:36:43', 'Completed'),
    (5145, 197, 106.17, '2025-11-17 15:38:12', 'Completed'),
    (5146, 158, 269.92, '2025-11-17 15:38:06', 'Completed'),
    (5147, 440, 334.3, '2025-11-17 15:38:31', 'Completed'),
    (5148, 189, 405.02, '2025-11-17 15:37:02', 'Completed'),
    (5149, 380, 252.53, '2025-11-17 15:38:09', 'Completed'),
    (5150, 457, 436.05, '2025-11-17 15:38:47', 'Refunded'),
    (5151, 5, 204.72, '2025-11-17 15:36:51', 'Completed'),
    (5152, 86, 112.07, '2025-11-17 15:39:44', 'Refunded'),
    (5153, 494, 305.39, '2025-11-17 15:39:52', 'Completed'),
    (5154, 299, 405.88, '2025-11-17 15:39:39', 'Pending'),
    (5155, 422, 494.95, '2025-11-17 15:35:12', 'Completed'),
    (5156, 246, 210.38, '2025-11-17 15:35:31', 'Completed'),
    (5157, 407, 309.02, '2025-11-17 15:40:41', 'Refunded'),
    (5158, 264, 209.21, '2025-11-17 15:37:21', 'Completed'),
    (5159, 210, 40.88, '2025-11-17 15:38:44', 'Completed'),
    (5160, 272, 377.09, '2025-11-17 15:36:27', 'Completed'),
    (5161, 230, 135.7, '2025-11-17 15:36:39', 'Completed'),
    (5162, 347, 113.11, '2025-11-17 15:40:22', 'Completed'),
    (5163, 273, 337.18, '2025-11-17 15:39:39', 'Refunded'),
    (5164, 7, 183.59, '2025-11-17 15:36:43', 'Completed'),
    (5165, 407, 375.13, '2025-11-17 15:38:21', 'Pending'),
    (5166, 274, 424.33, '2025-11-17 15:38:34', 'Pending'),
    (5167, 79, 290.91, '2025-11-17 15:40:40', 'Completed'),
    (5168, 86, 121.65, '2025-11-17 15:38:55', 'Completed'),
    (5169, 455, 26.4, '2025-11-17 15:35:42', 'Completed'),
    (5170, 494, 284.85, '2025-11-17 15:37:19', 'Completed'),
    (5171, 436, 93.77, '2025-11-17 15:37:51', 'Completed'),
    (5172, 185, 462.94, '2025-11-17 15:38:15', 'Pending'),
    (5173, 188, 441.57, '2025-11-17 15:37:20', 'Pending'),
    (5174, 445, 186.05, '2025-11-17 15:36:49', 'Completed'),
    (5175, 110, 473.17, '2025-11-17 15:38:35', 'Pending'),
    (5176, 493, 98.45, '2025-11-17 15:38:55', 'Completed'),
    (5177, 189, 320.41, '2025-11-17 15:39:16', 'Completed'),
    (5178, 106, 183.63, '2025-11-17 15:35:41', 'Completed'),
    (5179, 149, 163.24, '2025-11-17 15:40:18', 'Refunded'),
    (5180, 383, 407.69, '2025-11-17 15:38:59', 'Completed'),
    (5181, 499, 414.45, '2025-11-17 15:38:08', 'Pending'),
    (5182, 310, 218.84, '2025-11-17 15:38:28', 'Completed'),
    (5183, 422, 255.11, '2025-11-17 15:40:46', 'Pending'),
    (5184, 313, 154.22, '2025-11-17 15:38:54', 'Completed'),
    (5185, 410, 214.21, '2025-11-17 15:36:01', 'Completed'),
    (5186, 273, 293.29, '2025-11-17 15:39:01', 'Completed'),
    (5187, 113, 250.11, '2025-11-17 15:38:31', 'Pending'),
    (5188, 170, 197.4, '2025-11-17 15:34:58', 'Refunded'),
    (5189, 272, 174.25, '2025-11-17 15:38:08', 'Completed'),
    (5190, 287, 304.53, '2025-11-17 15:37:05', 'Completed'),
    (5191, 113, 237.77, '2025-11-17 15:36:23', 'Completed'),
    (5192, 386, 388.49, '2025-11-17 15:37:46', 'Completed'),
    (5193, 355, 431.53, '2025-11-17 15:35:35', 'Completed'),
    (5194, 465, 292.42, '2025-11-17 15:37:13', 'Completed'),
    (5195, 106, 263.29, '2025-11-17 15:40:43', 'Completed'),
    (5196, 2, 373.33, '2025-11-17 15:40:47', 'Completed'),
    (5197, 158, 261.86, '2025-11-17 15:38:20', 'Completed'),
    (5198, 465, 230.37, '2025-11-17 15:36:51', 'Completed'),
    (5199, 465, 304.32, '2025-11-17 15:38:34', 'Completed'),
    (5200, 313, 235.98, '2025-11-17 15:36:25', 'Completed'),
    (5201, 27, 198.77, '2025-11-17 15:40:51', 'Completed'),
    (5202, 299, 33.62, '2025-11-17 15:35:52', 'Refunded'),
    (5203, 473, 53.69, '2025-11-17 15:36:10', 'Completed'),
    (5204, 77, 338.77, '2025-11-17 15:40:28', 'Completed'),
    (5205, 372, 382.49, '2025-11-17 15:37:50', 'Completed'),
    (5206, 436, 189.94, '2025-11-17 15:36:09', 'Completed'),
    (5207, 203, 412.53, '2025-11-17 15:40:00', 'Refunded'),
    (5208, 299, 200.74, '2025-11-17 15:37:26', 'Refunded'),
    (5209, 204, 73.44, '2025-11-17 15:40:39', 'Pending'),
    (5210, 213, 280.37, '2025-11-17 15:39:57', 'Completed'),
    (5211, 27, 416.14, '2025-11-17 15:38:58', 'Completed'),
    (5212, 327, 288.6, '2025-11-17 15:39:22', 'Pending'),
    (5213, 199, 53.9, '2025-11-17 15:39:20', 'Completed'),
    (5214, 421, 117.46, '2025-11-17 15:36:27', 'Completed'),
    (5215, 276, 314.38, '2025-11-17 15:35:45', 'Completed'),
    (5216, 252, 283.2, '2025-11-17 15:36:23', 'Completed'),
    (5217, 327, 51.17, '2025-11-17 15:39:40', 'Refunded'),
    (5218, 213, 438.29, '2025-11-17 15:37:46', 'Refunded'),
    (5219, 51, 59.38, '2025-11-17 15:36:20', 'Completed'),
    (5220, 31, 272.77, '2025-11-17 15:37:11', 'Refunded'),
    (5221, 239, 72.98, '2025-11-17 15:38:52', 'Refunded'),
    (5222, 499, 20.17, '2025-11-17 15:37:53', 'Completed'),
    (5223, 170, 362.26, '2025-11-17 15:38:55', 'Completed'),
    (5224, 405, 209.14, '2025-11-17 15:37:37', 'Completed'),
    (5225, 28, 102.96, '2025-11-17 15:39:42', 'Pending'),
    (5226, 433, 178.28, '2025-11-17 15:39:52', 'Completed'),
    (5227, 200, 366.14, '2025-11-17 15:39:59', 'Completed'),
    (5228, 82, 65.38, '2025-11-17 15:35:42', 'Pending'),
    (5229, 113, 114.94, '2025-11-17 15:35:01', 'Completed'),
    (5230, 92, 459.48, '2025-11-17 15:39:10', 'Pending'),
    (5231, 49, 148.56, '2025-11-17 15:37:37', 'Completed'),
    (5232, 216, 346.39, '2025-11-17 15:40:56', 'Completed'),
    (5233, 216, 231.38, '2025-11-17 15:39:20', 'Completed'),
    (5234, 299, 195.05, '2025-11-17 15:35:35', 'Completed'),
    (5235, 212, 444.62, '2025-11-17 15:35:37', 'Completed'),
    (5236, 299, 49.59, '2025-11-17 15:37:00', 'Pending'),
    (5237, 466, 288.4, '2025-11-17 15:38:46', 'Completed'),
    (5238, 352, 439.91, '2025-11-17 15:37:39', 'Completed'),
    (5239, 31, 461.53, '2025-11-17 15:35:24', 'Pending'),
    (5240, 67, 117.96, '2025-11-17 15:35:55', 'Refunded'),
    (5241, 106, 460.04, '2025-11-17 15:39:58', 'Refunded'),
    (5242, 190, 90.85, '2025-11-17 15:38:52', 'Completed'),
    (5243, 206, 419.34, '2025-11-17 15:38:26', 'Refunded'),
    (5244, 273, 117.48, '2025-11-17 15:38:57', 'Completed'),
    (5245, 465, 251.94, '2025-11-17 15:35:23', 'Completed'),
    (5246, 466, 189.25, '2025-11-17 15:35:48', 'Pending'),
    (5247, 274, 100.7, '2025-11-17 15:35:28', 'Completed'),
    (5248, 273, 51.15, '2025-11-17 15:39:05', 'Completed'),
    (5249, 14, 23.09, '2025-11-17 15:35:02', 'Completed'),
    (5250, 387, 362.22, '2025-11-17 15:40:26', 'Completed'),
    (5251, 105, 399.1, '2025-11-17 15:35:06', 'Completed'),
    (5252, 431, 403.86, '2025-11-17 15:37:00', 'Completed'),
    (5253, 464, 376.48, '2025-11-17 15:40:14', 'Pending'),
    (5254, 277, 472.3, '2025-11-17 15:39:02', 'Pending'),
    (5255, 347, 151.68, '2025-11-17 15:39:45', 'Completed'),
    (5256, 35, 79.04, '2025-11-17 15:36:10', 'Refunded'),
    (5257, 24, 370.68, '2025-11-17 15:39:18', 'Completed'),
    (5258, 310, 68.95, '2025-11-17 15:39:45', 'Pending'),
    (5259, 485, 365.24, '2025-11-17 15:35:22', 'Pending'),
    (5260, 436, 190.46, '2025-11-17 15:38:55', 'Completed'),
    (5261, 331, 30.29, '2025-11-17 15:40:01', 'Refunded'),
    (5262, 42, 72.42, '2025-11-17 15:40:10', 'Completed'),
    (5263, 380, 105.73, '2025-11-17 15:36:51', 'Completed'),
    (5264, 183, 243.52, '2025-11-17 15:40:17', 'Completed'),
    (5265, 54, 158.35, '2025-11-17 15:35:40', 'Refunded'),
    (5266, 204, 499.5, '2025-11-17 15:37:02', 'Completed'),
    (5267, 445, 21.08, '2025-11-17 15:36:05', 'Pending'),
    (5268, 14, 303.64, '2025-11-17 15:38:06', 'Completed'),
    (5269, 205, 339.46, '2025-11-17 15:38:35', 'Completed'),
    (5270, 61, 229.78, '2025-11-17 15:37:30', 'Completed'),
    (5271, 113, 374.7, '2025-11-17 15:35:58', 'Completed'),
    (5272, 92, 167.25, '2025-11-17 15:40:10', 'Completed'),
    (5273, 335, 140.65, '2025-11-17 15:35:07', 'Completed'),
    (5274, 31, 261.92, '2025-11-17 15:35:18', 'Refunded'),
    (5275, 307, 100.16, '2025-11-17 15:38:04', 'Completed'),
    (5276, 296, 370.12, '2025-11-17 15:39:36', 'Completed'),
    (5277, 212, 415.17, '2025-11-17 15:35:19', 'Pending'),
    (5278, 262, 115.48, '2025-11-17 15:35:19', 'Completed'),
    (5279, 288, 460.56, '2025-11-17 15:37:02', 'Pending'),
    (5280, 440, 290.25, '2025-11-17 15:37:14', 'Completed'),
    (5281, 100, 346.9, '2025-11-17 15:38:59', 'Completed'),
    (5282, 471, 318.79, '2025-11-17 15:35:59', 'Completed'),
    (5283, 474, 67.29, '2025-11-17 15:37:30', 'Completed'),
    (5284, 197, 412.7, '2025-11-17 15:35:23', 'Refunded'),
    (5285, 77, 62.95, '2025-11-17 15:38:07', 'Pending'),
    (5286, 246, 445.82, '2025-11-17 15:39:16', 'Completed'),
    (5287, 32, 32.52, '2025-11-17 15:38:45', 'Completed'),
    (5288, 473, 80.17, '2025-11-17 15:40:54', 'Completed'),
    (5289, 466, 112.14, '2025-11-17 15:37:33', 'Refunded'),
    (5290, 455, 270.41, '2025-11-17 15:35:30', 'Completed'),
    (5291, 29, 419.13, '2025-11-17 15:35:56', 'Completed'),
    (5292, 196, 343.06, '2025-11-17 15:38:44', 'Completed'),
    (5293, 100, 306.02, '2025-11-17 15:36:53', 'Completed'),
    (5294, 252, 98.08, '2025-11-17 15:40:28', 'Completed'),
    (5295, 355, 496.35, '2025-11-17 15:36:06', 'Completed'),
    (5296, 352, 351.82, '2025-11-17 15:37:27', 'Refunded'),
    (5297, 196, 116.21, '2025-11-17 15:35:29', 'Completed'),
    (5298, 205, 355.15, '2025-11-17 15:36:14', 'Completed'),
    (5299, 212, 344.47, '2025-11-17 15:40:01', 'Pending'),
    (5300, 313, 122.3, '2025-11-17 15:37:08', 'Completed'),
    (5301, 196, 262.05, '2025-11-17 15:36:21', 'Pending'),
    (5302, 240, 175.32, '2025-11-17 15:37:05', 'Refunded'),
    (5303, 92, 314.16, '2025-11-17 15:36:07', 'Completed'),
    (5304, 35, 483.81, '2025-11-17 15:36:39', 'Completed'),
    (5305, 76, 38.38, '2025-11-17 15:37:33', 'Completed'),
    (5306, 448, 127.13, '2025-11-17 15:35:06', 'Completed'),
    (5307, 372, 206.23, '2025-11-17 15:38:36', 'Completed'),
    (5308, 116, 58.58, '2025-11-17 15:38:18', 'Completed'),
    (5309, 423, 381.45, '2025-11-17 15:37:53', 'Pending'),
    (5310, 118, 385.7, '2025-11-17 15:35:06', 'Refunded'),
    (5311, 343, 262.9, '2025-11-17 15:38:29', 'Completed'),
    (5312, 222, 330.72, '2025-11-17 15:38:04', 'Pending'),
    (5313, 302, 184.12, '2025-11-17 15:38:39', 'Pending'),
    (5314, 19, 405.68, '2025-11-17 15:37:21', 'Completed'),
    (5315, 276, 60.16, '2025-11-17 15:37:35', 'Completed'),
    (5316, 212, 382.41, '2025-11-17 15:36:00', 'Refunded'),
    (5317, 42, 386.22, '2025-11-17 15:35:49', 'Completed'),
    (5318, 213, 490.42, '2025-11-17 15:35:47', 'Completed'),
    (5319, 493, 101.36, '2025-11-17 15:35:17', 'Refunded'),
    (5320, 468, 81.31, '2025-11-17 15:39:48', 'Pending'),
    (5321, 489, 140.82, '2025-11-17 15:38:11', 'Completed'),
    (5322, 149, 422.58, '2025-11-17 15:39:53', 'Completed'),
    (5323, 401, 463.34, '2025-11-17 15:36:25', 'Pending'),
    (5324, 394, 418.93, '2025-11-17 15:39:40', 'Completed'),
    (5325, 51, 124.9, '2025-11-17 15:35:46', 'Pending'),
    (5326, 440, 237.65, '2025-11-17 15:39:53', 'Completed'),
    (5327, 198, 271.63, '2025-11-17 15:35:23', 'Completed'),
    (5328, 210, 347.79, '2025-11-17 15:40:24', 'Completed'),
    (5329, 473, 136.32, '2025-11-17 15:36:15', 'Pending'),
    (5330, 213, 402.82, '2025-11-17 15:39:16', 'Completed'),
    (5331, 401, 391.04, '2025-11-17 15:39:04', 'Completed'),
    (5332, 77, 395.09, '2025-11-17 15:35:24', 'Completed'),
    (5333, 242, 46.84, '2025-11-17 15:40:25', 'Refunded'),
    (5334, 198, 210.1, '2025-11-17 15:35:16', 'Refunded'),
    (5335, 314, 190.16, '2025-11-17 15:40:45', 'Completed'),
    (5336, 122, 355.66, '2025-11-17 15:40:23', 'Completed'),
    (5337, 413, 372.93, '2025-11-17 15:36:26', 'Completed'),
    (5338, 397, 279.9, '2025-11-17 15:39:33', 'Completed'),
    (5339, 485, 63.08, '2025-11-17 15:39:31', 'Completed'),
    (5340, 80, 290.33, '2025-11-17 15:36:59', 'Completed'),
    (5341, 355, 157.47, '2025-11-17 15:39:03', 'Completed'),
    (5342, 211, 398.66, '2025-11-17 15:38:10', 'Pending'),
    (5343, 386, 298.02, '2025-11-17 15:37:46', 'Completed'),
    (5344, 468, 256.04, '2025-11-17 15:38:32', 'Completed'),
    (5345, 151, 193.5, '2025-11-17 15:39:01', 'Refunded'),
    (5346, 118, 209.32, '2025-11-17 15:37:26', 'Pending'),
    (5347, 493, 36.12, '2025-11-17 15:39:01', 'Completed'),
    (5348, 37, 446.5, '2025-11-17 15:39:24', 'Completed'),
    (5349, 230, 442.33, '2025-11-17 15:39:57', 'Completed'),
    (5350, 37, 185.6, '2025-11-17 15:39:05', 'Pending'),
    (5351, 240, 479.99, '2025-11-17 15:39:24', 'Completed'),
    (5352, 410, 291.59, '2025-11-17 15:39:38', 'Completed'),
    (5353, 140, 123.36, '2025-11-17 15:38:55', 'Completed'),
    (5354, 252, 220.73, '2025-11-17 15:37:44', 'Completed'),
    (5355, 397, 478.48, '2025-11-17 15:35:14', 'Pending'),
    (5356, 140, 163.12, '2025-11-17 15:40:20', 'Completed'),
    (5357, 42, 87.99, '2025-11-17 15:38:22', 'Pending'),
    (5358, 75, 142.05, '2025-11-17 15:38:11', 'Refunded'),
    (5359, 49, 74.46, '2025-11-17 15:37:49', 'Refunded'),
    (5360, 276, 212.26, '2025-11-17 15:35:04', 'Pending'),
    (5361, 158, 22.03, '2025-11-17 15:38:52', 'Pending'),
    (5362, 240, 200.44, '2025-11-17 15:39:51', 'Refunded'),
    (5363, 85, 390.71, '2025-11-17 15:35:02', 'Completed'),
    (5364, 360, 159.38, '2025-11-17 15:39:49', 'Completed'),
    (5365, 26, 22.8, '2025-11-17 15:37:27', 'Pending'),
    (5366, 158, 72.05, '2025-11-17 15:36:07', 'Completed'),
    (5367, 143, 236.6, '2025-11-17 15:40:55', 'Completed'),
    (5368, 499, 477.97, '2025-11-17 15:37:48', 'Completed'),
    (5369, 188, 87.09, '2025-11-17 15:36:42', 'Completed'),
    (5370, 314, 305.31, '2025-11-17 15:36:10', 'Completed'),
    (5371, 77, 212.66, '2025-11-17 15:40:34', 'Refunded'),
    (5372, 42, 387.11, '2025-11-17 15:40:32', 'Completed'),
    (5373, 35, 326.93, '2025-11-17 15:35:52', 'Completed'),
    (5374, 387, 476.01, '2025-11-17 15:36:08', 'Completed'),
    (5375, 233, 87.44, '2025-11-17 15:36:35', 'Completed'),
    (5376, 440, 288.81, '2025-11-17 15:36:28', 'Completed'),
    (5377, 458, 280.59, '2025-11-17 15:35:07', 'Refunded'),
    (5378, 204, 157.92, '2025-11-17 15:38:52', 'Completed'),
    (5379, 471, 257.59, '2025-11-17 15:38:47', 'Completed'),
    (5380, 422, 276.63, '2025-11-17 15:40:25', 'Pending'),
    (5381, 372, 239.45, '2025-11-17 15:37:08', 'Completed'),
    (5382, 76, 450.81, '2025-11-17 15:37:22', 'Completed'),
    (5383, 170, 438.39, '2025-11-17 15:40:14', 'Completed'),
    (5384, 155, 392.12, '2025-11-17 15:35:33', 'Pending'),
    (5385, 35, 440.4, '2025-11-17 15:37:25', 'Completed'),
    (5386, 212, 361.45, '2025-11-17 15:35:30', 'Completed'),
    (5387, 276, 437.29, '2025-11-17 15:36:56', 'Completed'),
    (5388, 189, 225.27, '2025-11-17 15:38:46', 'Completed'),
    (5389, 158, 234.81, '2025-11-17 15:40:54', 'Pending'),
    (5390, 355, 451.44, '2025-11-17 15:38:04', 'Completed'),
    (5391, 443, 349.63, '2025-11-17 15:40:27', 'Pending'),
    (5392, 372, 99.16, '2025-11-17 15:37:23', 'Completed'),
    (5393, 42, 88.8, '2025-11-17 15:40:07', 'Completed'),
    (5394, 27, 71.05, '2025-11-17 15:36:33', 'Completed'),
    (5395, 252, 330.2, '2025-11-17 15:36:37', 'Completed'),
    (5396, 273, 338.29, '2025-11-17 15:39:24', 'Refunded'),
    (5397, 189, 412.36, '2025-11-17 15:36:14', 'Completed'),
    (5398, 211, 72.66, '2025-11-17 15:38:13', 'Pending'),
    (5399, 372, 24.46, '2025-11-17 15:39:54', 'Completed'),
    (5400, 210, 169.74, '2025-11-17 15:39:27', 'Completed'),
    (5401, 110, 112.51, '2025-11-17 15:36:57', 'Pending'),
    (5402, 122, 133.31, '2025-11-17 15:38:10', 'Completed'),
    (5403, 116, 252.11, '2025-11-17 15:37:37', 'Refunded'),
    (5404, 31, 422.7, '2025-11-17 15:37:55', 'Completed'),
    (5405, 272, 375.56, '2025-11-17 15:36:09', 'Completed'),
    (5406, 31, 237.51, '2025-11-17 15:37:40', 'Completed'),
    (5407, 67, 494.54, '2025-11-17 15:36:53', 'Completed'),
    (5408, 241, 469.85, '2025-11-17 15:35:51', 'Completed'),
    (5409, 100, 90.69, '2025-11-17 15:38:00', 'Pending'),
    (5410, 474, 311.29, '2025-11-17 15:39:02', 'Refunded'),
    (5411, 100, 175.59, '2025-11-17 15:35:44', 'Pending'),
    (5412, 5, 447.89, '2025-11-17 15:39:09', 'Completed'),
    (5413, 80, 165.38, '2025-11-17 15:38:59', 'Completed'),
    (5414, 166, 452.26, '2025-11-17 15:39:27', 'Completed'),
    (5415, 392, 163.01, '2025-11-17 15:36:58', 'Completed'),
    (5416, 42, 323.1, '2025-11-17 15:34:59', 'Pending'),
    (5417, 52, 394.34, '2025-11-17 15:39:37', 'Completed'),
    (5418, 277, 432.38, '2025-11-17 15:36:09', 'Refunded'),
    (5419, 185, 376.96, '2025-11-17 15:38:22', 'Pending'),
    (5420, 210, 283.25, '2025-11-17 15:39:02', 'Completed'),
    (5421, 457, 103.73, '2025-11-17 15:39:27', 'Pending'),
    (5422, 152, 281.05, '2025-11-17 15:35:52', 'Completed'),
    (5423, 410, 382.29, '2025-11-17 15:40:13', 'Pending'),
    (5424, 360, 330.54, '2025-11-17 15:37:11', 'Completed'),
    (5425, 118, 225.73, '2025-11-17 15:40:25', 'Completed'),
    (5426, 405, 103.94, '2025-11-17 15:38:39', 'Completed'),
    (5427, 337, 289.07, '2025-11-17 15:39:43', 'Completed'),
    (5428, 431, 253.74, '2025-11-17 15:38:08', 'Completed'),
    (5429, 82, 288.71, '2025-11-17 15:40:15', 'Completed'),
    (5430, 467, 211.47, '2025-11-17 15:39:18', 'Completed'),
    (5431, 489, 58.57, '2025-11-17 15:39:41', 'Completed'),
    (5432, 196, 280.56, '2025-11-17 15:36:37', 'Completed'),
    (5433, 28, 483.1, '2025-11-17 15:38:44', 'Completed'),
    (5434, 401, 198.41, '2025-11-17 15:35:08', 'Completed'),
    (5435, 106, 105.68, '2025-11-17 15:40:56', 'Completed'),
    (5436, 273, 437.19, '2025-11-17 15:36:35', 'Completed'),
    (5437, 343, 478.23, '2025-11-17 15:35:54', 'Completed'),
    (5438, 82, 110.42, '2025-11-17 15:37:55', 'Completed'),
    (5439, 405, 59.88, '2025-11-17 15:40:07', 'Completed'),
    (5440, 202, 111.6, '2025-11-17 15:34:58', 'Pending'),
    (5441, 85, 193.91, '2025-11-17 15:36:27', 'Refunded'),
    (5442, 278, 234.27, '2025-11-17 15:37:36', 'Completed'),
    (5443, 179, 70.15, '2025-11-17 15:38:04', 'Pending'),
    (5444, 155, 135.42, '2025-11-17 15:35:28', 'Completed'),
    (5445, 380, 332.68, '2025-11-17 15:40:48', 'Completed'),
    (5446, 248, 248.76, '2025-11-17 15:39:23', 'Completed'),
    (5447, 352, 477.79, '2025-11-17 15:39:08', 'Completed'),
    (5448, 242, 116.72, '2025-11-17 15:38:17', 'Completed'),
    (5449, 242, 170.86, '2025-11-17 15:36:28', 'Completed'),
    (5450, 485, 139.69, '2025-11-17 15:38:47', 'Completed'),
    (5451, 118, 33.92, '2025-11-17 15:38:58', 'Completed'),
    (5452, 418, 47.69, '2025-11-17 15:39:47', 'Completed'),
    (5453, 230, 144.39, '2025-11-17 15:36:09', 'Pending'),
    (5454, 499, 224.54, '2025-11-17 15:36:31', 'Completed'),
    (5455, 159, 407.86, '2025-11-17 15:36:17', 'Pending'),
    (5456, 110, 288.53, '2025-11-17 15:39:51', 'Pending'),
    (5457, 183, 81.38, '2025-11-17 15:38:14', 'Completed'),
    (5458, 28, 377.85, '2025-11-17 15:35:54', 'Completed'),
    (5459, 465, 196.88, '2025-11-17 15:39:40', 'Completed'),
    (5460, 423, 411.29, '2025-11-17 15:36:01', 'Completed'),
    (5461, 277, 276.91, '2025-11-17 15:38:22', 'Completed'),
    (5462, 372, 395.1, '2025-11-17 15:36:35', 'Completed'),
    (5463, 496, 441.75, '2025-11-17 15:39:22', 'Completed'),
    (5464, 246, 74.02, '2025-11-17 15:34:56', 'Pending'),
    (5465, 471, 436.62, '2025-11-17 15:37:46', 'Completed'),
    (5466, 189, 173.41, '2025-11-17 15:36:02', 'Completed'),
    (5467, 212, 441.04, '2025-11-17 15:39:30', 'Pending'),
    (5468, 465, 249.28, '2025-11-17 15:34:56', 'Completed'),
    (5469, 190, 474.89, '2025-11-17 15:39:31', 'Completed'),
    (5470, 347, 129.28, '2025-11-17 15:39:02', 'Completed'),
    (5471, 196, 305.04, '2025-11-17 15:37:49', 'Completed'),
    (5472, 94, 56.47, '2025-11-17 15:40:21', 'Pending'),
    (5473, 287, 322.88, '2025-11-17 15:35:56', 'Pending'),
    (5474, 355, 304.0, '2025-11-17 15:34:56', 'Pending'),
    (5475, 185, 143.5, '2025-11-17 15:40:25', 'Completed'),
    (5476, 185, 403.97, '2025-11-17 15:40:02', 'Completed'),
    (5477, 197, 230.94, '2025-11-17 15:37:06', 'Refunded'),
    (5478, 489, 162.4, '2025-11-17 15:37:28', 'Pending'),
    (5479, 82, 126.07, '2025-11-17 15:35:52', 'Pending'),
    (5480, 233, 458.26, '2025-11-17 15:36:32', 'Completed'),
    (5481, 89, 258.18, '2025-11-17 15:38:08', 'Completed'),
    (5482, 29, 163.87, '2025-11-17 15:38:44', 'Pending'),
    (5483, 240, 442.71, '2025-11-17 15:35:20', 'Refunded'),
    (5484, 273, 84.61, '2025-11-17 15:40:42', 'Completed'),
    (5485, 262, 466.01, '2025-11-17 15:40:46', 'Completed'),
    (5486, 197, 44.6, '2025-11-17 15:35:49', 'Completed'),
    (5487, 407, 453.78, '2025-11-17 15:40:48', 'Completed'),
    (5488, 199, 190.56, '2025-11-17 15:37:23', 'Completed'),
    (5489, 457, 157.76, '2025-11-17 15:38:51', 'Completed'),
    (5490, 19, 136.5, '2025-11-17 15:39:51', 'Completed'),
    (5491, 81, 173.09, '2025-11-17 15:38:43', 'Refunded'),
    (5492, 168, 444.38, '2025-11-17 15:39:21', 'Completed'),
    (5493, 141, 113.9, '2025-11-17 15:40:50', 'Completed'),
    (5494, 233, 23.13, '2025-11-17 15:36:25', 'Completed'),
    (5495, 106, 228.01, '2025-11-17 15:35:25', 'Completed'),
    (5496, 37, 348.94, '2025-11-17 15:38:50', 'Completed'),
    (5497, 205, 446.42, '2025-11-17 15:37:30', 'Completed'),
    (5498, 291, 218.64, '2025-11-17 15:35:53', 'Completed'),
    (5499, 205, 58.11, '2025-11-17 15:35:55', 'Completed'),
    (5500, 479, 236.98, '2025-11-17 15:40:06', 'Completed'),
    (5501, 168, 422.56, '2025-11-17 15:38:55', 'Completed'),
    (5502, 448, 446.13, '2025-11-17 15:39:19', 'Completed'),
    (5503, 455, 182.09, '2025-11-17 15:38:36', 'Pending'),
    (5504, 278, 88.33, '2025-11-17 15:37:29', 'Pending'),
    (5505, 485, 242.08, '2025-11-17 15:37:46', 'Pending'),
    (5506, 76, 67.01, '2025-11-17 15:38:49', 'Completed'),
    (5507, 496, 47.83, '2025-11-17 15:35:52', 'Completed'),
    (5508, 248, 413.98, '2025-11-17 15:36:02', 'Completed'),
    (5509, 418, 465.33, '2025-11-17 15:39:55', 'Pending'),
    (5510, 474, 388.54, '2025-11-17 15:35:20', 'Completed'),
    (5511, 421, 107.02, '2025-11-17 15:37:00', 'Completed'),
    (5512, 378, 237.1, '2025-11-17 15:36:14', 'Completed'),
    (5513, 499, 143.1, '2025-11-17 15:36:39', 'Pending'),
    (5514, 296, 300.43, '2025-11-17 15:37:57', 'Pending'),
    (5515, 12, 50.31, '2025-11-17 15:36:48', 'Completed'),
    (5516, 19, 419.89, '2025-11-17 15:36:31', 'Pending'),
    (5517, 106, 188.24, '2025-11-17 15:39:29', 'Pending'),
    (5518, 52, 262.89, '2025-11-17 15:37:27', 'Completed'),
    (5519, 185, 223.76, '2025-11-17 15:37:29', 'Completed'),
    (5520, 422, 394.1, '2025-11-17 15:39:34', 'Pending'),
    (5521, 466, 201.22, '2025-11-17 15:36:31', 'Pending'),
    (5522, 445, 152.79, '2025-11-17 15:35:58', 'Completed'),
    (5523, 242, 488.12, '2025-11-17 15:39:24', 'Completed'),
    (5524, 215, 330.57, '2025-11-17 15:35:08', 'Completed'),
    (5525, 97, 236.34, '2025-11-17 15:34:58', 'Refunded'),
    (5526, 198, 51.66, '2025-11-17 15:38:30', 'Completed'),
    (5527, 113, 251.89, '2025-11-17 15:39:08', 'Completed'),
    (5528, 288, 473.56, '2025-11-17 15:39:30', 'Completed'),
    (5529, 210, 377.93, '2025-11-17 15:40:21', 'Pending'),
    (5530, 422, 234.12, '2025-11-17 15:40:52', 'Refunded'),
    (5531, 126, 248.69, '2025-11-17 15:39:02', 'Pending'),
    (5532, 386, 461.33, '2025-11-17 15:35:03', 'Completed'),
    (5533, 242, 456.92, '2025-11-17 15:39:23', 'Completed'),
    (5534, 242, 84.92, '2025-11-17 15:36:05', 'Completed'),
    (5535, 77, 413.75, '2025-11-17 15:37:14', 'Pending'),
    (5536, 493, 199.52, '2025-11-17 15:35:55', 'Completed'),
    (5537, 110, 22.04, '2025-11-17 15:36:31', 'Completed'),
    (5538, 203, 123.77, '2025-11-17 15:38:16', 'Completed'),
    (5539, 313, 470.4, '2025-11-17 15:35:18', 'Completed'),
    (5540, 183, 348.93, '2025-11-17 15:35:57', 'Completed'),
    (5541, 179, 456.66, '2025-11-17 15:40:49', 'Completed'),
    (5542, 274, 103.74, '2025-11-17 15:37:35', 'Pending'),
    (5543, 5, 355.7, '2025-11-17 15:36:14', 'Pending'),
    (5544, 205, 38.3, '2025-11-17 15:38:59', 'Pending'),
    (5545, 302, 161.22, '2025-11-17 15:35:44', 'Completed'),
    (5546, 458, 375.14, '2025-11-17 15:38:08', 'Pending'),
    (5547, 433, 484.07, '2025-11-17 15:36:01', 'Pending'),
    (5548, 196, 35.23, '2025-11-17 15:36:29', 'Completed'),
    (5549, 149, 204.59, '2025-11-17 15:38:29', 'Completed'),
    (5550, 499, 166.51, '2025-11-17 15:38:20', 'Completed'),
    (5551, 32, 169.29, '2025-11-17 15:35:43', 'Refunded'),
    (5552, 46, 151.33, '2025-11-17 15:38:50', 'Completed'),
    (5553, 433, 141.9, '2025-11-17 15:39:39', 'Completed'),
    (5554, 176, 166.9, '2025-11-17 15:38:11', 'Completed'),
    (5555, 2, 114.96, '2025-11-17 15:37:08', 'Completed'),
    (5556, 132, 189.28, '2025-11-17 15:35:54', 'Pending'),
    (5557, 82, 467.67, '2025-11-17 15:38:13', 'Completed'),
    (5558, 272, 260.8, '2025-11-17 15:40:05', 'Completed'),
    (5559, 210, 73.27, '2025-11-17 15:39:11', 'Completed'),
    (5560, 116, 81.3, '2025-11-17 15:37:31', 'Completed'),
    (5561, 372, 316.62, '2025-11-17 15:39:53', 'Completed'),
    (5562, 314, 322.87, '2025-11-17 15:35:47', 'Completed'),
    (5563, 183, 322.96, '2025-11-17 15:40:14', 'Completed'),
    (5564, 210, 150.68, '2025-11-17 15:39:48', 'Completed'),
    (5565, 215, 454.18, '2025-11-17 15:38:38', 'Refunded'),
    (5566, 85, 200.15, '2025-11-17 15:37:57', 'Completed'),
    (5567, 158, 288.41, '2025-11-17 15:40:45', 'Completed'),
    (5568, 494, 166.9, '2025-11-17 15:36:25', 'Completed'),
    (5569, 214, 141.05, '2025-11-17 15:39:42', 'Refunded'),
    (5570, 31, 20.21, '2025-11-17 15:35:17', 'Pending'),
    (5571, 372, 203.41, '2025-11-17 15:35:27', 'Completed'),
    (5572, 436, 32.32, '2025-11-17 15:36:30', 'Completed'),
    (5573, 394, 404.05, '2025-11-17 15:37:54', 'Pending'),
    (5574, 54, 22.67, '2025-11-17 15:39:00', 'Completed'),
    (5575, 491, 307.81, '2025-11-17 15:36:34', 'Completed'),
    (5576, 252, 82.82, '2025-11-17 15:35:29', 'Completed'),
    (5577, 246, 394.8, '2025-11-17 15:39:30', 'Pending'),
    (5578, 274, 110.92, '2025-11-17 15:40:16', 'Completed'),
    (5579, 491, 243.45, '2025-11-17 15:40:06', 'Completed'),
    (5580, 185, 118.11, '2025-11-17 15:37:31', 'Completed'),
    (5581, 2, 405.65, '2025-11-17 15:38:40', 'Refunded'),
    (5582, 197, 102.77, '2025-11-17 15:35:57', 'Completed'),
    (5583, 19, 114.56, '2025-11-17 15:40:08', 'Completed'),
    (5584, 199, 236.27, '2025-11-17 15:38:54', 'Completed'),
    (5585, 252, 165.96, '2025-11-17 15:36:35', 'Completed'),
    (5586, 355, 320.41, '2025-11-17 15:40:54', 'Completed'),
    (5587, 464, 155.08, '2025-11-17 15:38:05', 'Completed'),
    (5588, 82, 216.11, '2025-11-17 15:37:21', 'Completed'),
    (5589, 307, 240.83, '2025-11-17 15:37:36', 'Completed'),
    (5590, 485, 446.41, '2025-11-17 15:39:28', 'Pending'),
    (5591, 85, 49.41, '2025-11-17 15:40:10', 'Completed'),
    (5592, 216, 281.29, '2025-11-17 15:36:22', 'Completed'),
    (5593, 199, 388.93, '2025-11-17 15:35:15', 'Completed'),
    (5594, 471, 276.55, '2025-11-17 15:38:00', 'Completed'),
    (5595, 421, 130.91, '2025-11-17 15:36:09', 'Completed'),
    (5596, 46, 266.06, '2025-11-17 15:40:25', 'Completed'),
    (5597, 33, 238.22, '2025-11-17 15:39:11', 'Completed'),
    (5598, 380, 368.2, '2025-11-17 15:36:45', 'Pending'),
    (5599, 288, 114.12, '2025-11-17 15:38:04', 'Pending'),
    (5600, 196, 135.52, '2025-11-17 15:40:40', 'Completed'),
    (5601, 86, 278.49, '2025-11-17 15:39:28', 'Completed'),
    (5602, 97, 212.52, '2025-11-17 15:35:18', 'Completed'),
    (5603, 344, 59.31, '2025-11-17 15:36:09', 'Completed'),
    (5604, 239, 430.11, '2025-11-17 15:37:54', 'Completed'),
    (5605, 132, 199.04, '2025-11-17 15:35:26', 'Pending'),
    (5606, 189, 407.67, '2025-11-17 15:36:53', 'Completed'),
    (5607, 230, 165.65, '2025-11-17 15:39:37', 'Refunded'),
    (5608, 443, 367.99, '2025-11-17 15:36:52', 'Completed'),
    (5609, 28, 329.38, '2025-11-17 15:35:16', 'Completed'),
    (5610, 443, 430.88, '2025-11-17 15:36:31', 'Refunded'),
    (5611, 479, 311.92, '2025-11-17 15:40:31', 'Completed'),
    (5612, 38, 51.95, '2025-11-17 15:37:34', 'Refunded'),
    (5613, 310, 184.6, '2025-11-17 15:36:48', 'Completed'),
    (5614, 344, 63.39, '2025-11-17 15:40:53', 'Completed'),
    (5615, 190, 188.31, '2025-11-17 15:34:56', 'Completed'),
    (5616, 35, 335.54, '2025-11-17 15:40:00', 'Completed'),
    (5617, 28, 194.46, '2025-11-17 15:38:22', 'Completed'),
    (5618, 94, 310.05, '2025-11-17 15:35:52', 'Completed'),
    (5619, 413, 164.65, '2025-11-17 15:40:21', 'Completed'),
    (5620, 29, 348.52, '2025-11-17 15:35:08', 'Completed'),
    (5621, 200, 33.11, '2025-11-17 15:39:53', 'Refunded'),
    (5622, 118, 499.24, '2025-11-17 15:35:54', 'Pending'),
    (5623, 276, 196.16, '2025-11-17 15:36:56', 'Completed'),
    (5624, 248, 26.54, '2025-11-17 15:35:57', 'Completed'),
    (5625, 246, 225.68, '2025-11-17 15:38:16', 'Pending'),
    (5626, 394, 371.83, '2025-11-17 15:39:13', 'Completed'),
    (5627, 493, 70.85, '2025-11-17 15:36:51', 'Pending'),
    (5628, 215, 72.59, '2025-11-17 15:36:33', 'Completed'),
    (5629, 481, 477.16, '2025-11-17 15:36:08', 'Completed'),
    (5630, 168, 499.47, '2025-11-17 15:35:31', 'Completed'),
    (5631, 26, 108.34, '2025-11-17 15:39:00', 'Completed'),
    (5632, 75, 21.16, '2025-11-17 15:40:10', 'Completed'),
    (5633, 204, 60.29, '2025-11-17 15:36:06', 'Completed'),
    (5634, 378, 367.43, '2025-11-17 15:40:09', 'Completed'),
    (5635, 360, 369.99, '2025-11-17 15:37:14', 'Pending'),
    (5636, 405, 213.91, '2025-11-17 15:38:10', 'Refunded'),
    (5637, 190, 309.7, '2025-11-17 15:36:07', 'Completed'),
    (5638, 457, 247.82, '2025-11-17 15:35:37', 'Completed'),
    (5639, 493, 136.07, '2025-11-17 15:39:38', 'Completed'),
    (5640, 183, 352.82, '2025-11-17 15:38:45', 'Pending'),
    (5641, 264, 236.93, '2025-11-17 15:39:09', 'Completed'),
    (5642, 471, 234.99, '2025-11-17 15:39:37', 'Completed'),
    (5643, 464, 77.29, '2025-11-17 15:38:55', 'Completed'),
    (5644, 19, 376.57, '2025-11-17 15:39:28', 'Completed'),
    (5645, 414, 22.15, '2025-11-17 15:38:50', 'Completed'),
    (5646, 211, 146.44, '2025-11-17 15:37:57', 'Completed'),
    (5647, 132, 103.64, '2025-11-17 15:39:30', 'Completed'),
    (5648, 76, 409.87, '2025-11-17 15:35:30', 'Refunded'),
    (5649, 448, 193.31, '2025-11-17 15:37:11', 'Completed'),
    (5650, 85, 311.39, '2025-11-17 15:37:04', 'Completed'),
    (5651, 51, 392.73, '2025-11-17 15:35:14', 'Completed'),
    (5652, 205, 206.62, '2025-11-17 15:38:33', 'Completed'),
    (5653, 82, 71.59, '2025-11-17 15:37:52', 'Completed'),
    (5654, 296, 47.42, '2025-11-17 15:37:04', 'Completed'),
    (5655, 479, 294.03, '2025-11-17 15:38:26', 'Completed'),
    (5656, 489, 160.37, '2025-11-17 15:38:21', 'Completed'),
    (5657, 116, 386.96, '2025-11-17 15:40:37', 'Completed'),
    (5658, 31, 29.69, '2025-11-17 15:40:53', 'Completed'),
    (5659, 94, 166.93, '2025-11-17 15:35:29', 'Completed'),
    (5660, 314, 101.97, '2025-11-17 15:37:28', 'Completed'),
    (5661, 413, 256.13, '2025-11-17 15:34:59', 'Completed'),
    (5662, 49, 363.49, '2025-11-17 15:39:23', 'Completed'),
    (5663, 491, 386.88, '2025-11-17 15:38:50', 'Pending'),
    (5664, 12, 193.12, '2025-11-17 15:38:58', 'Pending'),
    (5665, 7, 316.67, '2025-11-17 15:36:32', 'Completed'),
    (5666, 139, 423.09, '2025-11-17 15:38:30', 'Completed'),
    (5667, 313, 272.69, '2025-11-17 15:39:42', 'Pending'),
    (5668, 2, 449.83, '2025-11-17 15:37:21', 'Refunded'),
    (5669, 222, 64.32, '2025-11-17 15:36:35', 'Completed'),
    (5670, 89, 56.45, '2025-11-17 15:36:06', 'Completed'),
    (5671, 190, 408.69, '2025-11-17 15:35:45', 'Pending'),
    (5672, 448, 51.98, '2025-11-17 15:39:07', 'Completed'),
    (5673, 40, 226.32, '2025-11-17 15:36:19', 'Completed'),
    (5674, 76, 28.8, '2025-11-17 15:38:55', 'Completed'),
    (5675, 365, 304.23, '2025-11-17 15:35:11', 'Completed'),
    (5676, 220, 63.25, '2025-11-17 15:37:20', 'Completed'),
    (5677, 210, 311.9, '2025-11-17 15:38:43', 'Completed'),
    (5678, 344, 194.29, '2025-11-17 15:37:11', 'Completed'),
    (5679, 464, 210.74, '2025-11-17 15:38:04', 'Completed'),
    (5680, 383, 259.11, '2025-11-17 15:36:41', 'Pending'),
    (5681, 378, 126.96, '2025-11-17 15:39:14', 'Completed'),
    (5682, 26, 397.15, '2025-11-17 15:39:00', 'Completed'),
    (5683, 2, 179.6, '2025-11-17 15:38:57', 'Pending'),
    (5684, 179, 119.49, '2025-11-17 15:40:21', 'Completed'),
    (5685, 89, 46.39, '2025-11-17 15:36:43', 'Completed'),
    (5686, 106, 231.63, '2025-11-17 15:39:41', 'Completed'),
    (5687, 190, 111.39, '2025-11-17 15:40:02', 'Completed'),
    (5688, 105, 214.11, '2025-11-17 15:35:09', 'Completed'),
    (5689, 344, 201.55, '2025-11-17 15:35:13', 'Completed'),
    (5690, 499, 478.37, '2025-11-17 15:39:28', 'Completed'),
    (5691, 291, 63.22, '2025-11-17 15:40:23', 'Completed'),
    (5692, 202, 323.59, '2025-11-17 15:34:57', 'Refunded'),
    (5693, 443, 218.05, '2025-11-17 15:39:23', 'Pending'),
    (5694, 222, 200.38, '2025-11-17 15:39:36', 'Completed'),
    (5695, 378, 443.76, '2025-11-17 15:35:44', 'Completed'),
    (5696, 119, 123.01, '2025-11-17 15:36:29', 'Completed'),
    (5697, 89, 407.57, '2025-11-17 15:37:48', 'Completed'),
    (5698, 122, 145.22, '2025-11-17 15:39:25', 'Completed'),
    (5699, 205, 31.42, '2025-11-17 15:39:41', 'Completed'),
    (5700, 100, 320.69, '2025-11-17 15:37:39', 'Pending'),
    (5701, 423, 312.16, '2025-11-17 15:36:33', 'Pending'),
    (5702, 421, 44.87, '2025-11-17 15:38:11', 'Refunded'),
    (5703, 158, 332.78, '2025-11-17 15:39:46', 'Completed'),
    (5704, 198, 344.01, '2025-11-17 15:35:59', 'Completed'),
    (5705, 264, 425.94, '2025-11-17 15:35:29', 'Completed'),
    (5706, 105, 50.89, '2025-11-17 15:37:56', 'Completed'),
    (5707, 327, 181.08, '2025-11-17 15:37:31', 'Completed'),
    (5708, 394, 95.76, '2025-11-17 15:39:40', 'Completed'),
    (5709, 479, 203.06, '2025-11-17 15:39:43', 'Refunded'),
    (5710, 212, 390.82, '2025-11-17 15:36:38', 'Completed'),
    (5711, 190, 184.33, '2025-11-17 15:38:58', 'Completed'),
    (5712, 54, 332.63, '2025-11-17 15:38:18', 'Completed'),
    (5713, 29, 469.36, '2025-11-17 15:35:42', 'Refunded'),
    (5714, 28, 420.42, '2025-11-17 15:40:11', 'Completed'),
    (5715, 471, 430.99, '2025-11-17 15:39:35', 'Completed'),
    (5716, 494, 210.38, '2025-11-17 15:37:48', 'Pending'),
    (5717, 493, 482.77, '2025-11-17 15:38:31', 'Pending'),
    (5718, 149, 340.99, '2025-11-17 15:38:50', 'Completed'),
    (5719, 97, 417.0, '2025-11-17 15:40:54', 'Completed'),
    (5720, 204, 111.6, '2025-11-17 15:36:31', 'Refunded'),
    (5721, 199, 448.47, '2025-11-17 15:35:14', 'Pending'),
    (5722, 115, 463.89, '2025-11-17 15:34:57', 'Completed'),
    (5723, 491, 76.86, '2025-11-17 15:35:47', 'Completed'),
    (5724, 200, 81.8, '2025-11-17 15:36:55', 'Completed'),
    (5725, 405, 277.7, '2025-11-17 15:38:24', 'Completed'),
    (5726, 189, 391.01, '2025-11-17 15:37:04', 'Completed'),
    (5727, 499, 255.56, '2025-11-17 15:35:27', 'Completed'),
    (5728, 485, 320.83, '2025-11-17 15:39:21', 'Completed'),
    (5729, 335, 488.13, '2025-11-17 15:35:51', 'Completed'),
    (5730, 19, 497.09, '2025-11-17 15:39:51', 'Completed'),
    (5731, 347, 271.64, '2025-11-17 15:39:21', 'Completed'),
    (5732, 347, 350.19, '2025-11-17 15:36:26', 'Completed'),
    (5733, 310, 183.33, '2025-11-17 15:39:09', 'Pending'),
    (5734, 386, 351.82, '2025-11-17 15:39:15', 'Completed'),
    (5735, 440, 128.88, '2025-11-17 15:36:52', 'Pending'),
    (5736, 155, 131.3, '2025-11-17 15:37:36', 'Completed'),
    (5737, 386, 49.88, '2025-11-17 15:38:43', 'Completed'),
    (5738, 204, 138.26, '2025-11-17 15:38:03', 'Completed'),
    (5739, 414, 196.87, '2025-11-17 15:40:54', 'Pending'),
    (5740, 301, 340.3, '2025-11-17 15:35:43', 'Refunded'),
    (5741, 443, 133.16, '2025-11-17 15:40:43', 'Completed'),
    (5742, 262, 132.43, '2025-11-17 15:37:09', 'Pending'),
    (5743, 40, 57.35, '2025-11-17 15:37:24', 'Completed'),
    (5744, 143, 499.99, '2025-11-17 15:38:25', 'Pending'),
    (5745, 491, 339.21, '2025-11-17 15:36:42', 'Refunded'),
    (5746, 262, 274.17, '2025-11-17 15:36:55', 'Completed'),
    (5747, 383, 494.76, '2025-11-17 15:40:28', 'Pending'),
    (5748, 113, 413.85, '2025-11-17 15:40:15', 'Completed'),
    (5749, 397, 158.23, '2025-11-17 15:38:09', 'Pending'),
    (5750, 139, 201.96, '2025-11-17 15:35:02', 'Refunded'),
    (5751, 422, 130.45, '2025-11-17 15:35:21', 'Completed'),
    (5752, 372, 413.14, '2025-11-17 15:38:58', 'Completed'),
    (5753, 75, 312.29, '2025-11-17 15:35:00', 'Pending'),
    (5754, 155, 62.5, '2025-11-17 15:35:46', 'Refunded'),
    (5755, 75, 291.73, '2025-11-17 15:36:00', 'Completed'),
    (5756, 458, 177.71, '2025-11-17 15:35:29', 'Pending'),
    (5757, 278, 439.59, '2025-11-17 15:38:55', 'Completed'),
    (5758, 239, 463.13, '2025-11-17 15:35:51', 'Completed'),
    (5759, 240, 362.25, '2025-11-17 15:37:32', 'Completed'),
    (5760, 287, 345.51, '2025-11-17 15:39:20', 'Completed'),
    (5761, 436, 52.19, '2025-11-17 15:37:06', 'Pending'),
    (5762, 449, 455.56, '2025-11-17 15:36:33', 'Completed'),
    (5763, 141, 306.52, '2025-11-17 15:38:38', 'Completed'),
    (5764, 37, 495.71, '2025-11-17 15:36:40', 'Completed'),
    (5765, 126, 30.91, '2025-11-17 15:37:55', 'Completed'),
    (5766, 199, 27.18, '2025-11-17 15:35:04', 'Pending'),
    (5767, 126, 474.55, '2025-11-17 15:40:40', 'Completed'),
    (5768, 239, 247.88, '2025-11-17 15:37:58', 'Completed'),
    (5769, 252, 167.08, '2025-11-17 15:36:18', 'Completed'),
    (5770, 246, 414.15, '2025-11-17 15:38:54', 'Completed'),
    (5771, 392, 331.28, '2025-11-17 15:38:56', 'Completed'),
    (5772, 139, 167.15, '2025-11-17 15:35:53', 'Completed'),
    (5773, 349, 410.25, '2025-11-17 15:36:00', 'Completed'),
    (5774, 264, 216.76, '2025-11-17 15:35:59', 'Completed'),
    (5775, 105, 325.58, '2025-11-17 15:35:58', 'Completed'),
    (5776, 92, 196.76, '2025-11-17 15:39:07', 'Completed'),
    (5777, 222, 339.5, '2025-11-17 15:38:36', 'Completed'),
    (5778, 214, 237.3, '2025-11-17 15:36:33', 'Completed'),
    (5779, 152, 194.62, '2025-11-17 15:39:25', 'Completed'),
    (5780, 222, 499.9, '2025-11-17 15:38:07', 'Completed'),
    (5781, 414, 371.68, '2025-11-17 15:40:08', 'Completed'),
    (5782, 496, 314.8, '2025-11-17 15:37:14', 'Completed'),
    (5783, 457, 407.4, '2025-11-17 15:36:42', 'Pending'),
    (5784, 313, 438.36, '2025-11-17 15:37:11', 'Completed'),
    (5785, 139, 74.66, '2025-11-17 15:40:05', 'Completed'),
    (5786, 422, 48.65, '2025-11-17 15:40:54', 'Pending'),
    (5787, 407, 49.05, '2025-11-17 15:40:41', 'Completed'),
    (5788, 42, 165.58, '2025-11-17 15:35:14', 'Pending'),
    (5789, 349, 24.86, '2025-11-17 15:37:36', 'Completed'),
    (5790, 248, 106.44, '2025-11-17 15:36:54', 'Completed'),
    (5791, 67, 242.43, '2025-11-17 15:36:03', 'Completed'),
    (5792, 113, 289.06, '2025-11-17 15:37:06', 'Completed'),
    (5793, 97, 352.73, '2025-11-17 15:36:55', 'Completed'),
    (5794, 82, 42.73, '2025-11-17 15:35:42', 'Completed'),
    (5795, 97, 278.41, '2025-11-17 15:36:50', 'Completed'),
    (5796, 307, 172.96, '2025-11-17 15:38:59', 'Pending'),
    (5797, 158, 450.1, '2025-11-17 15:38:57', 'Completed'),
    (5798, 458, 91.58, '2025-11-17 15:40:13', 'Completed'),
    (5799, 37, 168.18, '2025-11-17 15:35:49', 'Completed'),
    (5800, 143, 338.6, '2025-11-17 15:38:36', 'Refunded'),
    (5801, 257, 457.21, '2025-11-17 15:40:45', 'Pending'),
    (5802, 170, 256.46, '2025-11-17 15:40:39', 'Completed'),
    (5803, 380, 313.59, '2025-11-17 15:37:43', 'Pending'),
    (5804, 299, 445.84, '2025-11-17 15:39:44', 'Completed'),
    (5805, 373, 205.85, '2025-11-17 15:38:04', 'Completed'),
    (5806, 276, 250.07, '2025-11-17 15:36:41', 'Pending'),
    (5807, 233, 180.27, '2025-11-17 15:39:50', 'Completed'),
    (5808, 81, 21.91, '2025-11-17 15:35:36', 'Pending'),
    (5809, 203, 221.49, '2025-11-17 15:38:49', 'Completed'),
    (5810, 212, 309.1, '2025-11-17 15:36:36', 'Completed'),
    (5811, 307, 239.79, '2025-11-17 15:39:42', 'Pending'),
    (5812, 214, 285.65, '2025-11-17 15:35:44', 'Completed'),
    (5813, 198, 276.63, '2025-11-17 15:40:14', 'Completed'),
    (5814, 79, 287.86, '2025-11-17 15:35:07', 'Completed'),
    (5815, 100, 258.74, '2025-11-17 15:40:37', 'Completed'),
    (5816, 54, 257.41, '2025-11-17 15:38:17', 'Completed'),
    (5817, 139, 466.89, '2025-11-17 15:37:13', 'Completed'),
    (5818, 199, 40.09, '2025-11-17 15:36:57', 'Refunded'),
    (5819, 12, 368.13, '2025-11-17 15:35:00', 'Completed'),
    (5820, 493, 65.54, '2025-11-17 15:38:17', 'Pending'),
    (5821, 331, 363.18, '2025-11-17 15:35:06', 'Completed'),
    (5822, 49, 402.6, '2025-11-17 15:35:29', 'Completed'),
    (5823, 32, 209.93, '2025-11-17 15:40:45', 'Completed'),
    (5824, 241, 200.1, '2025-11-17 15:37:13', 'Completed'),
    (5825, 288, 305.61, '2025-11-17 15:35:37', 'Pending'),
    (5826, 445, 290.32, '2025-11-17 15:39:22', 'Completed'),
    (5827, 230, 354.15, '2025-11-17 15:37:37', 'Completed'),
    (5828, 75, 124.81, '2025-11-17 15:40:11', 'Completed'),
    (5829, 113, 474.2, '2025-11-17 15:35:43', 'Completed'),
    (5830, 239, 64.72, '2025-11-17 15:38:59', 'Completed'),
    (5831, 473, 299.77, '2025-11-17 15:38:58', 'Completed'),
    (5832, 276, 428.32, '2025-11-17 15:35:31', 'Completed'),
    (5833, 183, 139.93, '2025-11-17 15:35:17', 'Completed'),
    (5834, 299, 247.94, '2025-11-17 15:35:48', 'Completed'),
    (5835, 77, 375.38, '2025-11-17 15:38:19', 'Pending'),
    (5836, 205, 112.62, '2025-11-17 15:40:03', 'Completed'),
    (5837, 27, 124.15, '2025-11-17 15:40:29', 'Completed'),
    (5838, 92, 228.73, '2025-11-17 15:35:47', 'Completed'),
    (5839, 159, 80.48, '2025-11-17 15:36:47', 'Pending'),
    (5840, 205, 40.61, '2025-11-17 15:38:23', 'Pending'),
    (5841, 158, 101.12, '2025-11-17 15:37:02', 'Completed'),
    (5842, 12, 145.93, '2025-11-17 15:37:42', 'Pending'),
    (5843, 92, 262.18, '2025-11-17 15:36:30', 'Completed'),
    (5844, 465, 95.3, '2025-11-17 15:35:32', 'Completed'),
    (5845, 355, 122.59, '2025-11-17 15:36:16', 'Completed'),
    (5846, 494, 306.6, '2025-11-17 15:36:45', 'Completed'),
    (5847, 27, 239.92, '2025-11-17 15:36:51', 'Completed'),
    (5848, 252, 169.92, '2025-11-17 15:35:01', 'Completed'),
    (5849, 200, 142.01, '2025-11-17 15:36:55', 'Refunded'),
    (5850, 190, 224.44, '2025-11-17 15:39:10', 'Refunded'),
    (5851, 119, 163.08, '2025-11-17 15:36:08', 'Pending'),
    (5852, 414, 348.59, '2025-11-17 15:37:50', 'Completed'),
    (5853, 277, 234.23, '2025-11-17 15:38:15', 'Completed'),
    (5854, 188, 268.54, '2025-11-17 15:35:12', 'Pending'),
    (5855, 264, 376.61, '2025-11-17 15:38:44', 'Completed'),
    (5856, 7, 180.87, '2025-11-17 15:37:21', 'Completed'),
    (5857, 491, 124.68, '2025-11-17 15:40:21', 'Completed'),
    (5858, 118, 184.13, '2025-11-17 15:36:07', 'Completed'),
    (5859, 387, 171.98, '2025-11-17 15:35:49', 'Completed'),
    (5860, 288, 421.57, '2025-11-17 15:39:53', 'Completed'),
    (5861, 443, 283.26, '2025-11-17 15:35:29', 'Pending'),
    (5862, 387, 291.49, '2025-11-17 15:36:30', 'Completed'),
    (5863, 465, 109.18, '2025-11-17 15:36:32', 'Completed'),
    (5864, 141, 414.66, '2025-11-17 15:39:22', 'Completed'),
    (5865, 155, 298.23, '2025-11-17 15:36:10', 'Completed'),
    (5866, 97, 193.16, '2025-11-17 15:37:30', 'Completed'),
    (5867, 166, 351.26, '2025-11-17 15:37:57', 'Completed'),
    (5868, 331, 276.96, '2025-11-17 15:40:13', 'Completed'),
    (5869, 301, 153.64, '2025-11-17 15:35:41', 'Refunded'),
    (5870, 85, 370.04, '2025-11-17 15:36:24', 'Completed'),
    (5871, 291, 257.71, '2025-11-17 15:37:19', 'Refunded'),
    (5872, 94, 104.98, '2025-11-17 15:37:21', 'Completed'),
    (5873, 5, 288.44, '2025-11-17 15:36:20', 'Completed'),
    (5874, 190, 177.67, '2025-11-17 15:37:00', 'Completed'),
    (5875, 203, 253.44, '2025-11-17 15:35:35', 'Completed'),
    (5876, 198, 48.53, '2025-11-17 15:39:14', 'Pending'),
    (5877, 335, 191.24, '2025-11-17 15:39:57', 'Pending'),
    (5878, 276, 216.04, '2025-11-17 15:39:34', 'Completed'),
    (5879, 204, 260.95, '2025-11-17 15:38:13', 'Pending'),
    (5880, 465, 424.38, '2025-11-17 15:39:40', 'Completed'),
    (5881, 418, 330.27, '2025-11-17 15:35:14', 'Pending'),
    (5882, 189, 474.87, '2025-11-17 15:39:37', 'Pending'),
    (5883, 407, 48.75, '2025-11-17 15:40:33', 'Pending'),
    (5884, 394, 51.23, '2025-11-17 15:36:54', 'Completed'),
    (5885, 421, 170.78, '2025-11-17 15:36:19', 'Refunded'),
    (5886, 418, 423.06, '2025-11-17 15:35:23', 'Pending'),
    (5887, 287, 497.66, '2025-11-17 15:39:52', 'Pending'),
    (5888, 378, 241.53, '2025-11-17 15:40:03', 'Pending'),
    (5889, 7, 97.37, '2025-11-17 15:39:28', 'Completed'),
    (5890, 473, 334.22, '2025-11-17 15:35:24', 'Completed'),
    (5891, 211, 387.39, '2025-11-17 15:35:49', 'Completed'),
    (5892, 215, 456.77, '2025-11-17 15:40:13', 'Completed'),
    (5893, 445, 360.76, '2025-11-17 15:35:00', 'Completed'),
    (5894, 440, 337.81, '2025-11-17 15:34:58', 'Completed'),
    (5895, 272, 492.87, '2025-11-17 15:38:59', 'Refunded'),
    (5896, 183, 293.68, '2025-11-17 15:37:19', 'Refunded'),
    (5897, 373, 385.44, '2025-11-17 15:38:39', 'Completed'),
    (5898, 202, 342.7, '2025-11-17 15:37:12', 'Completed'),
    (5899, 296, 362.62, '2025-11-17 15:35:11', 'Completed'),
    (5900, 360, 49.14, '2025-11-17 15:40:39', 'Completed'),
    (5901, 132, 336.61, '2025-11-17 15:36:03', 'Pending'),
    (5902, 422, 445.35, '2025-11-17 15:38:46', 'Completed'),
    (5903, 401, 221.47, '2025-11-17 15:38:17', 'Completed'),
    (5904, 155, 176.01, '2025-11-17 15:40:13', 'Completed'),
    (5905, 12, 51.91, '2025-11-17 15:40:08', 'Refunded'),
    (5906, 158, 51.55, '2025-11-17 15:38:34', 'Refunded'),
    (5907, 205, 213.17, '2025-11-17 15:36:52', 'Completed'),
    (5908, 370, 50.7, '2025-11-17 15:39:55', 'Pending'),
    (5909, 222, 324.57, '2025-11-17 15:37:39', 'Completed'),
    (5910, 347, 34.01, '2025-11-17 15:38:59', 'Refunded'),
    (5911, 277, 352.68, '2025-11-17 15:39:34', 'Completed'),
    (5912, 481, 409.89, '2025-11-17 15:35:51', 'Completed'),
    (5913, 139, 237.49, '2025-11-17 15:40:41', 'Completed'),
    (5914, 190, 27.13, '2025-11-17 15:38:24', 'Completed'),
    (5915, 242, 144.16, '2025-11-17 15:38:22', 'Pending'),
    (5916, 352, 22.94, '2025-11-17 15:35:58', 'Pending'),
    (5917, 203, 467.79, '2025-11-17 15:36:37', 'Pending'),
    (5918, 371, 106.65, '2025-11-17 15:40:34', 'Completed'),
    (5919, 152, 485.45, '2025-11-17 15:39:27', 'Pending'),
    (5920, 494, 101.81, '2025-11-17 15:40:55', 'Completed'),
    (5921, 85, 345.21, '2025-11-17 15:39:12', 'Completed'),
    (5922, 115, 341.82, '2025-11-17 15:35:01', 'Pending'),
    (5923, 372, 252.29, '2025-11-17 15:40:49', 'Completed'),
    (5924, 291, 412.06, '2025-11-17 15:35:27', 'Pending'),
    (5925, 212, 319.57, '2025-11-17 15:40:01', 'Completed'),
    (5926, 203, 110.34, '2025-11-17 15:35:39', 'Completed'),
    (5927, 67, 134.31, '2025-11-17 15:37:23', 'Completed'),
    (5928, 242, 412.39, '2025-11-17 15:40:23', 'Completed'),
    (5929, 92, 275.95, '2025-11-17 15:37:03', 'Refunded'),
    (5930, 126, 410.65, '2025-11-17 15:40:54', 'Refunded'),
    (5931, 241, 287.19, '2025-11-17 15:38:35', 'Completed'),
    (5932, 296, 410.12, '2025-11-17 15:38:58', 'Refunded'),
    (5933, 465, 208.13, '2025-11-17 15:38:32', 'Completed'),
    (5934, 183, 54.61, '2025-11-17 15:36:08', 'Completed'),
    (5935, 239, 27.12, '2025-11-17 15:35:36', 'Completed'),
    (5936, 370, 212.19, '2025-11-17 15:39:34', 'Pending'),
    (5937, 106, 64.47, '2025-11-17 15:35:07', 'Completed'),
    (5938, 37, 63.51, '2025-11-17 15:35:20', 'Pending'),
    (5939, 139, 419.23, '2025-11-17 15:35:25', 'Completed'),
    (5940, 222, 481.7, '2025-11-17 15:38:08', 'Completed'),
    (5941, 373, 325.7, '2025-11-17 15:35:52', 'Completed'),
    (5942, 213, 59.65, '2025-11-17 15:36:33', 'Completed'),
    (5943, 360, 212.64, '2025-11-17 15:38:46', 'Pending'),
    (5944, 139, 291.59, '2025-11-17 15:37:30', 'Completed'),
    (5945, 40, 163.19, '2025-11-17 15:39:34', 'Completed'),
    (5946, 474, 371.52, '2025-11-17 15:36:23', 'Pending'),
    (5947, 397, 448.32, '2025-11-17 15:38:29', 'Completed'),
    (5948, 273, 194.0, '2025-11-17 15:37:46', 'Completed'),
    (5949, 264, 364.48, '2025-11-17 15:39:22', 'Pending'),
    (5950, 481, 357.09, '2025-11-17 15:40:17', 'Completed'),
    (5951, 205, 139.76, '2025-11-17 15:37:13', 'Completed'),
    (5952, 188, 81.87, '2025-11-17 15:36:30', 'Refunded'),
    (5953, 155, 140.83, '2025-11-17 15:35:45', 'Completed'),
    (5954, 197, 404.8, '2025-11-17 15:40:18', 'Completed'),
    (5955, 383, 248.0, '2025-11-17 15:39:02', 'Completed'),
    (5956, 449, 240.1, '2025-11-17 15:36:15', 'Completed'),
    (5957, 380, 153.17, '2025-11-17 15:36:16', 'Refunded'),
    (5958, 386, 166.46, '2025-11-17 15:39:36', 'Completed'),
    (5959, 49, 222.07, '2025-11-17 15:40:18', 'Completed'),
    (5960, 347, 277.26, '2025-11-17 15:37:58', 'Completed'),
    (5961, 168, 452.97, '2025-11-17 15:38:13', 'Completed'),
    (5962, 38, 111.69, '2025-11-17 15:37:18', 'Refunded'),
    (5963, 440, 229.12, '2025-11-17 15:38:44', 'Pending'),
    (5964, 26, 170.39, '2025-11-17 15:40:48', 'Refunded'),
    (5965, 422, 394.22, '2025-11-17 15:36:12', 'Pending'),
    (5966, 216, 43.21, '2025-11-17 15:37:59', 'Completed'),
    (5967, 179, 60.7, '2025-11-17 15:40:23', 'Completed'),
    (5968, 113, 89.3, '2025-11-17 15:36:21', 'Completed'),
    (5969, 183, 149.38, '2025-11-17 15:40:01', 'Completed'),
    (5970, 80, 190.66, '2025-11-17 15:39:54', 'Completed'),
    (5971, 203, 459.04, '2025-11-17 15:40:48', 'Completed'),
    (5972, 188, 340.74, '2025-11-17 15:37:44', 'Refunded'),
    (5973, 214, 222.03, '2025-11-17 15:36:36', 'Completed'),
    (5974, 116, 214.46, '2025-11-17 15:35:31', 'Completed'),
    (5975, 113, 99.76, '2025-11-17 15:37:39', 'Completed'),
    (5976, 139, 215.43, '2025-11-17 15:35:04', 'Pending'),
    (5977, 67, 195.5, '2025-11-17 15:37:47', 'Completed'),
    (5978, 158, 389.22, '2025-11-17 15:35:07', 'Completed'),
    (5979, 264, 312.97, '2025-11-17 15:40:19', 'Completed'),
    (5980, 246, 124.04, '2025-11-17 15:35:04', 'Completed'),
    (5981, 327, 444.96, '2025-11-17 15:35:54', 'Completed'),
    (5982, 264, 437.75, '2025-11-17 15:39:22', 'Completed'),
    (5983, 344, 389.73, '2025-11-17 15:37:10', 'Completed'),
    (5984, 51, 167.6, '2025-11-17 15:37:37', 'Completed'),
    (5985, 422, 148.66, '2025-11-17 15:39:30', 'Completed'),
    (5986, 159, 191.04, '2025-11-17 15:38:52', 'Pending'),
    (5987, 301, 207.57, '2025-11-17 15:37:49', 'Completed'),
    (5988, 94, 454.49, '2025-11-17 15:38:25', 'Completed'),
    (5989, 29, 83.06, '2025-11-17 15:37:32', 'Completed'),
    (5990, 213, 343.25, '2025-11-17 15:36:15', 'Completed'),
    (5991, 170, 36.41, '2025-11-17 15:36:49', 'Completed'),
    (5992, 473, 121.59, '2025-11-17 15:36:27', 'Completed'),
    (5993, 241, 230.3, '2025-11-17 15:37:22', 'Pending'),
    (5994, 118, 249.66, '2025-11-17 15:35:06', 'Completed'),
    (5995, 81, 401.49, '2025-11-17 15:39:17', 'Completed'),
    (5996, 122, 267.76, '2025-11-17 15:40:39', 'Completed'),
    (5997, 214, 48.67, '2025-11-17 15:40:08', 'Completed'),
    (5998, 106, 228.6, '2025-11-17 15:39:35', 'Pending'),
    (5999, 215, 206.93, '2025-11-17 15:35:38', 'Completed'),
    (6000, 387, 459.62, '2025-11-17 15:36:24', 'Completed');

INSERT INTO `ticket` (`ticket_id`, `order_id`, `event_id`, `user_id`, `price`, `status`) VALUES
    ('TKT-00001', 5001, 1135, 274, 11.66, 'Purchased'),
    ('TKT-00002', 5001, 1135, 274, 11.66, 'Reserved'),
    ('TKT-00003', 5002, 1122, 198, 36.8, 'Refunded'),
    ('TKT-00004', 5002, 1122, 198, 36.8, 'Reserved'),
    ('TKT-00005', 5004, 1198, 92, 59.09, 'Purchased'),
    ('TKT-00006', 5004, 1198, 92, 59.09, 'Purchased'),
    ('TKT-00007', 5004, 1198, 92, 59.09, 'Refunded'),
    ('TKT-00008', 5004, 1198, 92, 59.09, 'Purchased'),
    ('TKT-00009', 5005, 1192, 40, 92.78, 'Purchased'),
    ('TKT-00010', 5005, 1192, 40, 92.78, 'Reserved'),
    ('TKT-00011', 5005, 1192, 40, 92.78, 'Reserved'),
    ('TKT-00012', 5005, 1192, 40, 92.78, 'Purchased'),
    ('TKT-00013', 5007, 1157, 139, 50.98, 'Purchased'),
    ('TKT-00014', 5007, 1157, 139, 50.98, 'Refunded'),
    ('TKT-00015', 5009, 1074, 401, 125.56, 'Reserved'),
    ('TKT-00016', 5010, 1095, 29, 51.12, 'Reserved'),
    ('TKT-00017', 5010, 1095, 29, 51.12, 'Reserved'),
    ('TKT-00018', 5010, 1095, 29, 51.12, 'Reserved'),
    ('TKT-00019', 5010, 1095, 29, 51.12, 'Refunded'),
    ('TKT-00020', 5011, 1153, 27, 38.0, 'Purchased'),
    ('TKT-00021', 5011, 1153, 27, 38.0, 'Purchased'),
    ('TKT-00022', 5011, 1153, 27, 38.0, 'Reserved'),
    ('TKT-00023', 5012, 1088, 199, 112.84, 'Reserved'),
    ('TKT-00024', 5012, 1088, 199, 112.84, 'Purchased'),
    ('TKT-00025', 5012, 1088, 199, 112.84, 'Purchased'),
    ('TKT-00026', 5012, 1088, 199, 112.84, 'Refunded'),
    ('TKT-00027', 5013, 1112, 105, 482.58, 'Purchased'),
    ('TKT-00028', 5014, 1176, 372, 124.52, 'Reserved'),
    ('TKT-00029', 5014, 1176, 372, 124.52, 'Refunded'),
    ('TKT-00030', 5014, 1176, 372, 124.52, 'Reserved'),
    ('TKT-00031', 5015, 1159, 211, 64.26, 'Reserved'),
    ('TKT-00032', 5015, 1159, 211, 64.26, 'Reserved'),
    ('TKT-00033', 5015, 1159, 211, 64.26, 'Purchased'),
    ('TKT-00034', 5015, 1159, 211, 64.26, 'Refunded'),
    ('TKT-00035', 5015, 1159, 211, 64.26, 'Purchased'),
    ('TKT-00036', 5016, 1163, 465, 79.36, 'Reserved'),
    ('TKT-00037', 5016, 1163, 465, 79.36, 'Refunded'),
    ('TKT-00038', 5016, 1163, 465, 79.36, 'Refunded'),
    ('TKT-00039', 5016, 1163, 465, 79.36, 'Purchased'),
    ('TKT-00040', 5017, 1014, 386, 78.93, 'Purchased'),
    ('TKT-00041', 5017, 1014, 386, 78.93, 'Reserved'),
    ('TKT-00042', 5017, 1014, 386, 78.93, 'Reserved'),
    ('TKT-00043', 5018, 1030, 405, 96.67, 'Reserved'),
    ('TKT-00044', 5018, 1030, 405, 96.67, 'Purchased'),
    ('TKT-00045', 5018, 1030, 405, 96.67, 'Purchased'),
    ('TKT-00046', 5018, 1030, 405, 96.67, 'Reserved'),
    ('TKT-00047', 5018, 1030, 405, 96.67, 'Refunded'),
    ('TKT-00048', 5019, 1085, 176, 21.52, 'Reserved'),
    ('TKT-00049', 5019, 1085, 176, 21.52, 'Purchased'),
    ('TKT-00050', 5019, 1085, 176, 21.52, 'Purchased'),
    ('TKT-00051', 5020, 1135, 474, 88.75, 'Purchased'),
    ('TKT-00052', 5020, 1135, 474, 88.75, 'Refunded'),
    ('TKT-00053', 5020, 1135, 474, 88.75, 'Refunded'),
    ('TKT-00054', 5020, 1135, 474, 88.75, 'Purchased'),
    ('TKT-00055', 5020, 1135, 474, 88.75, 'Purchased'),
    ('TKT-00056', 5021, 1008, 189, 152.24, 'Purchased'),
    ('TKT-00057', 5021, 1008, 189, 152.24, 'Reserved'),
    ('TKT-00058', 5021, 1008, 189, 152.24, 'Reserved'),
    ('TKT-00059', 5022, 1091, 464, 7.88, 'Refunded'),
    ('TKT-00060', 5022, 1091, 464, 7.88, 'Refunded'),
    ('TKT-00061', 5022, 1091, 464, 7.88, 'Purchased'),
    ('TKT-00062', 5022, 1091, 464, 7.88, 'Refunded'),
    ('TKT-00063', 5022, 1091, 464, 7.88, 'Reserved'),
    ('TKT-00064', 5024, 1058, 458, 17.27, 'Purchased'),
    ('TKT-00065', 5024, 1058, 458, 17.27, 'Purchased'),
    ('TKT-00066', 5024, 1058, 458, 17.27, 'Refunded'),
    ('TKT-00067', 5025, 1146, 86, 256.72, 'Reserved'),
    ('TKT-00068', 5026, 1120, 213, 69.06, 'Reserved'),
    ('TKT-00069', 5026, 1120, 213, 69.06, 'Purchased'),
    ('TKT-00070', 5026, 1120, 213, 69.06, 'Refunded'),
    ('TKT-00071', 5028, 1009, 277, 78.85, 'Purchased'),
    ('TKT-00072', 5028, 1009, 277, 78.85, 'Reserved'),
    ('TKT-00073', 5028, 1009, 277, 78.85, 'Refunded'),
    ('TKT-00074', 5028, 1009, 277, 78.85, 'Reserved'),
    ('TKT-00075', 5028, 1009, 277, 78.85, 'Reserved'),
    ('TKT-00076', 5029, 1088, 116, 453.91, 'Reserved'),
    ('TKT-00077', 5030, 1102, 92, 159.0, 'Purchased'),
    ('TKT-00078', 5030, 1102, 92, 159.0, 'Refunded'),
    ('TKT-00079', 5030, 1102, 92, 159.0, 'Reserved'),
    ('TKT-00080', 5031, 1166, 443, 7.95, 'Purchased'),
    ('TKT-00081', 5031, 1166, 443, 7.95, 'Purchased'),
    ('TKT-00082', 5031, 1166, 443, 7.95, 'Refunded'),
    ('TKT-00083', 5031, 1166, 443, 7.95, 'Purchased'),
    ('TKT-00084', 5031, 1166, 443, 7.95, 'Purchased'),
    ('TKT-00085', 5032, 1184, 206, 417.92, 'Refunded'),
    ('TKT-00086', 5033, 1161, 37, 131.07, 'Purchased'),
    ('TKT-00087', 5033, 1161, 37, 131.07, 'Reserved'),
    ('TKT-00088', 5034, 1159, 179, 403.18, 'Refunded'),
    ('TKT-00089', 5035, 1019, 46, 41.8, 'Purchased'),
    ('TKT-00090', 5035, 1019, 46, 41.8, 'Purchased'),
    ('TKT-00091', 5035, 1019, 46, 41.8, 'Reserved'),
    ('TKT-00092', 5035, 1019, 46, 41.8, 'Reserved'),
    ('TKT-00093', 5037, 1086, 423, 121.81, 'Refunded'),
    ('TKT-00094', 5037, 1086, 423, 121.81, 'Refunded'),
    ('TKT-00095', 5037, 1086, 423, 121.81, 'Reserved'),
    ('TKT-00096', 5041, 1012, 206, 131.55, 'Purchased'),
    ('TKT-00097', 5041, 1012, 206, 131.55, 'Refunded'),
    ('TKT-00098', 5042, 1136, 433, 75.33, 'Reserved'),
    ('TKT-00099', 5042, 1136, 433, 75.33, 'Refunded'),
    ('TKT-00100', 5042, 1136, 433, 75.33, 'Refunded'),
    ('TKT-00101', 5042, 1136, 433, 75.33, 'Reserved'),
    ('TKT-00102', 5043, 1124, 458, 54.19, 'Purchased'),
    ('TKT-00103', 5043, 1124, 458, 54.19, 'Refunded'),
    ('TKT-00104', 5043, 1124, 458, 54.19, 'Refunded'),
    ('TKT-00105', 5043, 1124, 458, 54.19, 'Refunded'),
    ('TKT-00106', 5043, 1124, 458, 54.19, 'Refunded'),
    ('TKT-00107', 5044, 1077, 436, 118.09, 'Purchased'),
    ('TKT-00108', 5044, 1077, 436, 118.09, 'Purchased'),
    ('TKT-00109', 5044, 1077, 436, 118.09, 'Purchased'),
    ('TKT-00110', 5045, 1012, 310, 52.48, 'Reserved'),
    ('TKT-00111', 5047, 1049, 383, 116.8, 'Purchased'),
    ('TKT-00112', 5047, 1049, 383, 116.8, 'Reserved'),
    ('TKT-00113', 5048, 1061, 31, 61.93, 'Refunded'),
    ('TKT-00114', 5048, 1061, 31, 61.93, 'Reserved'),
    ('TKT-00115', 5048, 1061, 31, 61.93, 'Reserved'),
    ('TKT-00116', 5049, 1125, 413, 81.63, 'Refunded'),
    ('TKT-00117', 5049, 1125, 413, 81.63, 'Purchased'),
    ('TKT-00118', 5049, 1125, 413, 81.63, 'Refunded'),
    ('TKT-00119', 5049, 1125, 413, 81.63, 'Reserved'),
    ('TKT-00120', 5049, 1125, 413, 81.63, 'Purchased'),
    ('TKT-00121', 5051, 1074, 75, 71.94, 'Refunded'),
    ('TKT-00122', 5051, 1074, 75, 71.94, 'Reserved'),
    ('TKT-00123', 5051, 1074, 75, 71.94, 'Reserved'),
    ('TKT-00124', 5051, 1074, 75, 71.94, 'Purchased'),
    ('TKT-00125', 5052, 1024, 410, 192.67, 'Reserved'),
    ('TKT-00126', 5052, 1024, 410, 192.67, 'Purchased'),
    ('TKT-00127', 5054, 1163, 301, 34.57, 'Purchased'),
    ('TKT-00128', 5055, 1051, 204, 424.84, 'Reserved'),
    ('TKT-00129', 5058, 1117, 176, 85.15, 'Reserved'),
    ('TKT-00130', 5058, 1117, 176, 85.15, 'Purchased'),
    ('TKT-00131', 5058, 1117, 176, 85.15, 'Purchased'),
    ('TKT-00132', 5058, 1117, 176, 85.15, 'Refunded'),
    ('TKT-00133', 5060, 1188, 414, 54.84, 'Reserved'),
    ('TKT-00134', 5060, 1188, 414, 54.84, 'Refunded'),
    ('TKT-00135', 5060, 1188, 414, 54.84, 'Refunded'),
    ('TKT-00136', 5060, 1188, 414, 54.84, 'Refunded'),
    ('TKT-00137', 5061, 1009, 115, 93.83, 'Reserved'),
    ('TKT-00138', 5061, 1009, 115, 93.83, 'Purchased'),
    ('TKT-00139', 5061, 1009, 115, 93.83, 'Refunded'),
    ('TKT-00140', 5061, 1009, 115, 93.83, 'Reserved'),
    ('TKT-00141', 5064, 1035, 106, 30.32, 'Refunded'),
    ('TKT-00142', 5064, 1035, 106, 30.32, 'Refunded'),
    ('TKT-00143', 5065, 1132, 141, 92.63, 'Refunded'),
    ('TKT-00144', 5065, 1132, 141, 92.63, 'Refunded'),
    ('TKT-00145', 5065, 1132, 141, 92.63, 'Purchased'),
    ('TKT-00146', 5065, 1132, 141, 92.63, 'Refunded'),
    ('TKT-00147', 5065, 1132, 141, 92.63, 'Refunded'),
    ('TKT-00148', 5066, 1018, 155, 156.38, 'Purchased'),
    ('TKT-00149', 5066, 1018, 155, 156.38, 'Reserved'),
    ('TKT-00150', 5067, 1066, 110, 21.62, 'Refunded'),
    ('TKT-00151', 5067, 1066, 110, 21.62, 'Purchased'),
    ('TKT-00152', 5067, 1066, 110, 21.62, 'Refunded'),
    ('TKT-00153', 5067, 1066, 110, 21.62, 'Refunded'),
    ('TKT-00154', 5067, 1066, 110, 21.62, 'Reserved'),
    ('TKT-00155', 5068, 1066, 122, 87.29, 'Reserved'),
    ('TKT-00156', 5068, 1066, 122, 87.29, 'Reserved'),
    ('TKT-00157', 5068, 1066, 122, 87.29, 'Reserved'),
    ('TKT-00158', 5068, 1066, 122, 87.29, 'Purchased'),
    ('TKT-00159', 5068, 1066, 122, 87.29, 'Purchased'),
    ('TKT-00160', 5069, 1096, 440, 62.03, 'Reserved'),
    ('TKT-00161', 5069, 1096, 440, 62.03, 'Reserved'),
    ('TKT-00162', 5069, 1096, 440, 62.03, 'Purchased'),
    ('TKT-00163', 5069, 1096, 440, 62.03, 'Reserved'),
    ('TKT-00164', 5070, 1110, 105, 156.89, 'Reserved'),
    ('TKT-00165', 5070, 1110, 105, 156.89, 'Refunded'),
    ('TKT-00166', 5070, 1110, 105, 156.89, 'Reserved'),
    ('TKT-00167', 5072, 1184, 176, 36.25, 'Purchased'),
    ('TKT-00168', 5072, 1184, 176, 36.25, 'Reserved'),
    ('TKT-00169', 5072, 1184, 176, 36.25, 'Reserved'),
    ('TKT-00170', 5072, 1184, 176, 36.25, 'Reserved'),
    ('TKT-00171', 5072, 1184, 176, 36.25, 'Refunded'),
    ('TKT-00172', 5075, 1014, 407, 217.0, 'Refunded'),
    ('TKT-00173', 5075, 1014, 407, 217.0, 'Purchased'),
    ('TKT-00174', 5077, 1081, 183, 96.73, 'Reserved'),
    ('TKT-00175', 5077, 1081, 183, 96.73, 'Refunded'),
    ('TKT-00176', 5078, 1039, 299, 17.3, 'Reserved'),
    ('TKT-00177', 5078, 1039, 299, 17.3, 'Reserved'),
    ('TKT-00178', 5078, 1039, 299, 17.3, 'Reserved'),
    ('TKT-00179', 5078, 1039, 299, 17.3, 'Purchased'),
    ('TKT-00180', 5078, 1039, 299, 17.3, 'Refunded'),
    ('TKT-00181', 5079, 1188, 242, 76.72, 'Reserved'),
    ('TKT-00182', 5079, 1188, 242, 76.72, 'Purchased'),
    ('TKT-00183', 5079, 1188, 242, 76.72, 'Refunded'),
    ('TKT-00184', 5079, 1188, 242, 76.72, 'Reserved'),
    ('TKT-00185', 5080, 1020, 212, 24.9, 'Reserved'),
    ('TKT-00186', 5080, 1020, 212, 24.9, 'Purchased'),
    ('TKT-00187', 5080, 1020, 212, 24.9, 'Reserved'),
    ('TKT-00188', 5081, 1174, 159, 227.68, 'Refunded'),
    ('TKT-00189', 5081, 1174, 159, 227.68, 'Refunded'),
    ('TKT-00190', 5083, 1176, 62, 174.62, 'Refunded'),
    ('TKT-00191', 5084, 1069, 54, 98.69, 'Purchased'),
    ('TKT-00192', 5084, 1069, 54, 98.69, 'Purchased'),
    ('TKT-00193', 5084, 1069, 54, 98.69, 'Purchased'),
    ('TKT-00194', 5085, 1138, 499, 120.25, 'Reserved'),
    ('TKT-00195', 5085, 1138, 499, 120.25, 'Reserved'),
    ('TKT-00196', 5085, 1138, 499, 120.25, 'Reserved'),
    ('TKT-00197', 5086, 1064, 448, 499.41, 'Purchased'),
    ('TKT-00198', 5088, 1049, 51, 31.43, 'Purchased'),
    ('TKT-00199', 5088, 1049, 51, 31.43, 'Reserved'),
    ('TKT-00200', 5088, 1049, 51, 31.43, 'Reserved'),
    ('TKT-00201', 5088, 1049, 51, 31.43, 'Purchased'),
    ('TKT-00202', 5089, 1007, 100, 60.62, 'Purchased'),
    ('TKT-00203', 5089, 1007, 100, 60.62, 'Refunded'),
    ('TKT-00204', 5089, 1007, 100, 60.62, 'Purchased'),
    ('TKT-00205', 5089, 1007, 100, 60.62, 'Purchased'),
    ('TKT-00206', 5089, 1007, 100, 60.62, 'Reserved'),
    ('TKT-00207', 5091, 1136, 458, 93.54, 'Reserved'),
    ('TKT-00208', 5091, 1136, 458, 93.54, 'Reserved'),
    ('TKT-00209', 5091, 1136, 458, 93.54, 'Reserved'),
    ('TKT-00210', 5091, 1136, 458, 93.54, 'Purchased'),
    ('TKT-00211', 5091, 1136, 458, 93.54, 'Refunded'),
    ('TKT-00212', 5093, 1194, 14, 5.22, 'Refunded'),
    ('TKT-00213', 5093, 1194, 14, 5.22, 'Reserved'),
    ('TKT-00214', 5093, 1194, 14, 5.22, 'Purchased'),
    ('TKT-00215', 5093, 1194, 14, 5.22, 'Purchased'),
    ('TKT-00216', 5093, 1194, 14, 5.22, 'Reserved'),
    ('TKT-00217', 5095, 1137, 110, 68.51, 'Refunded'),
    ('TKT-00218', 5095, 1137, 110, 68.51, 'Reserved'),
    ('TKT-00219', 5095, 1137, 110, 68.51, 'Reserved'),
    ('TKT-00220', 5096, 1165, 170, 57.18, 'Purchased'),
    ('TKT-00221', 5096, 1165, 170, 57.18, 'Reserved'),
    ('TKT-00222', 5096, 1165, 170, 57.18, 'Reserved'),
    ('TKT-00223', 5096, 1165, 170, 57.18, 'Purchased'),
    ('TKT-00224', 5096, 1165, 170, 57.18, 'Refunded'),
    ('TKT-00225', 5098, 1002, 246, 39.97, 'Reserved'),
    ('TKT-00226', 5098, 1002, 246, 39.97, 'Reserved'),
    ('TKT-00227', 5098, 1002, 246, 39.97, 'Reserved'),
    ('TKT-00228', 5098, 1002, 246, 39.97, 'Refunded'),
    ('TKT-00229', 5098, 1002, 246, 39.97, 'Reserved'),
    ('TKT-00230', 5102, 1154, 313, 22.8, 'Purchased'),
    ('TKT-00231', 5102, 1154, 313, 22.8, 'Refunded'),
    ('TKT-00232', 5102, 1154, 313, 22.8, 'Refunded'),
    ('TKT-00233', 5102, 1154, 313, 22.8, 'Purchased'),
    ('TKT-00234', 5102, 1154, 313, 22.8, 'Reserved'),
    ('TKT-00235', 5103, 1142, 29, 93.55, 'Refunded'),
    ('TKT-00236', 5103, 1142, 29, 93.55, 'Refunded'),
    ('TKT-00237', 5103, 1142, 29, 93.55, 'Purchased'),
    ('TKT-00238', 5104, 1164, 190, 6.96, 'Refunded'),
    ('TKT-00239', 5104, 1164, 190, 6.96, 'Purchased'),
    ('TKT-00240', 5104, 1164, 190, 6.96, 'Reserved'),
    ('TKT-00241', 5104, 1164, 190, 6.96, 'Reserved'),
    ('TKT-00242', 5105, 1129, 378, 196.05, 'Refunded'),
    ('TKT-00243', 5109, 1188, 126, 225.5, 'Refunded'),
    ('TKT-00244', 5109, 1188, 126, 225.5, 'Purchased'),
    ('TKT-00245', 5110, 1046, 85, 55.1, 'Refunded'),
    ('TKT-00246', 5110, 1046, 85, 55.1, 'Refunded'),
    ('TKT-00247', 5110, 1046, 85, 55.1, 'Purchased'),
    ('TKT-00248', 5110, 1046, 85, 55.1, 'Refunded'),
    ('TKT-00249', 5111, 1019, 216, 158.25, 'Purchased'),
    ('TKT-00250', 5111, 1019, 216, 158.25, 'Reserved'),
    ('TKT-00251', 5111, 1019, 216, 158.25, 'Reserved'),
    ('TKT-00252', 5113, 1081, 113, 284.0, 'Purchased'),
    ('TKT-00253', 5116, 1181, 378, 5.03, 'Reserved'),
    ('TKT-00254', 5116, 1181, 378, 5.03, 'Reserved'),
    ('TKT-00255', 5116, 1181, 378, 5.03, 'Reserved'),
    ('TKT-00256', 5116, 1181, 378, 5.03, 'Purchased'),
    ('TKT-00257', 5116, 1181, 378, 5.03, 'Reserved'),
    ('TKT-00258', 5117, 1027, 468, 144.26, 'Refunded'),
    ('TKT-00259', 5117, 1027, 468, 144.26, 'Reserved'),
    ('TKT-00260', 5118, 1121, 467, 41.12, 'Purchased'),
    ('TKT-00261', 5119, 1074, 122, 463.86, 'Refunded'),
    ('TKT-00262', 5120, 1038, 410, 108.36, 'Refunded'),
    ('TKT-00263', 5120, 1038, 410, 108.36, 'Purchased'),
    ('TKT-00264', 5120, 1038, 410, 108.36, 'Purchased'),
    ('TKT-00265', 5122, 1132, 407, 389.56, 'Reserved'),
    ('TKT-00266', 5124, 1022, 291, 77.7, 'Refunded'),
    ('TKT-00267', 5124, 1022, 291, 77.7, 'Refunded'),
    ('TKT-00268', 5124, 1022, 291, 77.7, 'Purchased'),
    ('TKT-00269', 5124, 1022, 291, 77.7, 'Purchased'),
    ('TKT-00270', 5125, 1138, 76, 51.41, 'Refunded'),
    ('TKT-00271', 5125, 1138, 76, 51.41, 'Purchased'),
    ('TKT-00272', 5125, 1138, 76, 51.41, 'Reserved'),
    ('TKT-00273', 5126, 1026, 343, 286.64, 'Purchased'),
    ('TKT-00274', 5127, 1170, 159, 48.14, 'Reserved'),
    ('TKT-00275', 5127, 1170, 159, 48.14, 'Refunded'),
    ('TKT-00276', 5129, 1066, 159, 74.22, 'Reserved'),
    ('TKT-00277', 5129, 1066, 159, 74.22, 'Purchased'),
    ('TKT-00278', 5129, 1066, 159, 74.22, 'Reserved'),
    ('TKT-00279', 5129, 1066, 159, 74.22, 'Reserved'),
    ('TKT-00280', 5130, 1074, 100, 180.82, 'Refunded'),
    ('TKT-00281', 5130, 1074, 100, 180.82, 'Refunded'),
    ('TKT-00282', 5131, 1053, 140, 23.05, 'Reserved'),
    ('TKT-00283', 5131, 1053, 140, 23.05, 'Refunded'),
    ('TKT-00284', 5131, 1053, 140, 23.05, 'Purchased'),
    ('TKT-00285', 5131, 1053, 140, 23.05, 'Refunded'),
    ('TKT-00286', 5132, 1079, 32, 13.1, 'Purchased'),
    ('TKT-00287', 5132, 1079, 32, 13.1, 'Refunded'),
    ('TKT-00288', 5132, 1079, 32, 13.1, 'Reserved'),
    ('TKT-00289', 5132, 1079, 32, 13.1, 'Reserved'),
    ('TKT-00290', 5133, 1173, 394, 130.95, 'Refunded'),
    ('TKT-00291', 5133, 1173, 394, 130.95, 'Refunded'),
    ('TKT-00292', 5133, 1173, 394, 130.95, 'Reserved'),
    ('TKT-00293', 5134, 1114, 24, 59.84, 'Refunded'),
    ('TKT-00294', 5134, 1114, 24, 59.84, 'Purchased'),
    ('TKT-00295', 5134, 1114, 24, 59.84, 'Reserved'),
    ('TKT-00296', 5134, 1114, 24, 59.84, 'Refunded'),
    ('TKT-00297', 5134, 1114, 24, 59.84, 'Reserved'),
    ('TKT-00298', 5135, 1018, 26, 63.52, 'Purchased'),
    ('TKT-00299', 5136, 1097, 203, 13.52, 'Reserved'),
    ('TKT-00300', 5136, 1097, 203, 13.52, 'Reserved'),
    ('TKT-00301', 5136, 1097, 203, 13.52, 'Purchased'),
    ('TKT-00302', 5138, 1163, 179, 96.74, 'Reserved'),
    ('TKT-00303', 5138, 1163, 179, 96.74, 'Refunded'),
    ('TKT-00304', 5139, 1180, 378, 56.53, 'Refunded'),
    ('TKT-00305', 5139, 1180, 378, 56.53, 'Reserved'),
    ('TKT-00306', 5139, 1180, 378, 56.53, 'Reserved'),
    ('TKT-00307', 5139, 1180, 378, 56.53, 'Refunded'),
    ('TKT-00308', 5139, 1180, 378, 56.53, 'Reserved'),
    ('TKT-00309', 5140, 1102, 139, 130.66, 'Purchased'),
    ('TKT-00310', 5140, 1102, 139, 130.66, 'Reserved'),
    ('TKT-00311', 5140, 1102, 139, 130.66, 'Refunded'),
    ('TKT-00312', 5142, 1069, 427, 93.46, 'Refunded'),
    ('TKT-00313', 5142, 1069, 427, 93.46, 'Purchased'),
    ('TKT-00314', 5142, 1069, 427, 93.46, 'Refunded'),
    ('TKT-00315', 5142, 1069, 427, 93.46, 'Purchased'),
    ('TKT-00316', 5144, 1162, 152, 426.14, 'Reserved'),
    ('TKT-00317', 5145, 1100, 197, 53.09, 'Reserved'),
    ('TKT-00318', 5145, 1100, 197, 53.09, 'Purchased'),
    ('TKT-00319', 5146, 1102, 158, 53.98, 'Refunded'),
    ('TKT-00320', 5146, 1102, 158, 53.98, 'Reserved'),
    ('TKT-00321', 5146, 1102, 158, 53.98, 'Reserved'),
    ('TKT-00322', 5146, 1102, 158, 53.98, 'Purchased'),
    ('TKT-00323', 5146, 1102, 158, 53.98, 'Refunded'),
    ('TKT-00324', 5147, 1165, 440, 167.15, 'Reserved'),
    ('TKT-00325', 5147, 1165, 440, 167.15, 'Purchased'),
    ('TKT-00326', 5148, 1091, 189, 101.25, 'Purchased'),
    ('TKT-00327', 5148, 1091, 189, 101.25, 'Reserved'),
    ('TKT-00328', 5148, 1091, 189, 101.25, 'Reserved'),
    ('TKT-00329', 5148, 1091, 189, 101.25, 'Refunded'),
    ('TKT-00330', 5149, 1077, 380, 84.18, 'Reserved'),
    ('TKT-00331', 5149, 1077, 380, 84.18, 'Refunded'),
    ('TKT-00332', 5149, 1077, 380, 84.18, 'Purchased'),
    ('TKT-00333', 5151, 1159, 5, 40.94, 'Refunded'),
    ('TKT-00334', 5151, 1159, 5, 40.94, 'Purchased'),
    ('TKT-00335', 5151, 1159, 5, 40.94, 'Purchased'),
    ('TKT-00336', 5151, 1159, 5, 40.94, 'Purchased'),
    ('TKT-00337', 5151, 1159, 5, 40.94, 'Purchased'),
    ('TKT-00338', 5153, 1181, 494, 61.08, 'Reserved'),
    ('TKT-00339', 5153, 1181, 494, 61.08, 'Refunded'),
    ('TKT-00340', 5153, 1181, 494, 61.08, 'Purchased'),
    ('TKT-00341', 5153, 1181, 494, 61.08, 'Reserved'),
    ('TKT-00342', 5153, 1181, 494, 61.08, 'Purchased'),
    ('TKT-00343', 5155, 1020, 422, 98.99, 'Reserved'),
    ('TKT-00344', 5155, 1020, 422, 98.99, 'Refunded'),
    ('TKT-00345', 5155, 1020, 422, 98.99, 'Refunded'),
    ('TKT-00346', 5155, 1020, 422, 98.99, 'Refunded'),
    ('TKT-00347', 5155, 1020, 422, 98.99, 'Reserved'),
    ('TKT-00348', 5156, 1187, 246, 210.38, 'Reserved'),
    ('TKT-00349', 5158, 1046, 264, 52.3, 'Refunded'),
    ('TKT-00350', 5158, 1046, 264, 52.3, 'Reserved'),
    ('TKT-00351', 5158, 1046, 264, 52.3, 'Refunded'),
    ('TKT-00352', 5158, 1046, 264, 52.3, 'Purchased'),
    ('TKT-00353', 5159, 1136, 210, 10.22, 'Reserved'),
    ('TKT-00354', 5159, 1136, 210, 10.22, 'Reserved'),
    ('TKT-00355', 5159, 1136, 210, 10.22, 'Reserved'),
    ('TKT-00356', 5159, 1136, 210, 10.22, 'Refunded'),
    ('TKT-00357', 5160, 1176, 272, 188.54, 'Purchased'),
    ('TKT-00358', 5160, 1176, 272, 188.54, 'Reserved'),
    ('TKT-00359', 5161, 1074, 230, 135.7, 'Refunded'),
    ('TKT-00360', 5162, 1145, 347, 22.62, 'Purchased'),
    ('TKT-00361', 5162, 1145, 347, 22.62, 'Purchased'),
    ('TKT-00362', 5162, 1145, 347, 22.62, 'Purchased'),
    ('TKT-00363', 5162, 1145, 347, 22.62, 'Reserved'),
    ('TKT-00364', 5162, 1145, 347, 22.62, 'Reserved'),
    ('TKT-00365', 5164, 1057, 7, 91.8, 'Reserved'),
    ('TKT-00366', 5164, 1057, 7, 91.8, 'Purchased'),
    ('TKT-00367', 5167, 1008, 79, 290.91, 'Purchased'),
    ('TKT-00368', 5168, 1181, 86, 121.65, 'Purchased'),
    ('TKT-00369', 5169, 1135, 455, 6.6, 'Purchased'),
    ('TKT-00370', 5169, 1135, 455, 6.6, 'Reserved'),
    ('TKT-00371', 5169, 1135, 455, 6.6, 'Reserved'),
    ('TKT-00372', 5169, 1135, 455, 6.6, 'Refunded'),
    ('TKT-00373', 5170, 1115, 494, 94.95, 'Refunded'),
    ('TKT-00374', 5170, 1115, 494, 94.95, 'Reserved'),
    ('TKT-00375', 5170, 1115, 494, 94.95, 'Reserved'),
    ('TKT-00376', 5171, 1081, 436, 31.26, 'Purchased'),
    ('TKT-00377', 5171, 1081, 436, 31.26, 'Purchased'),
    ('TKT-00378', 5171, 1081, 436, 31.26, 'Purchased'),
    ('TKT-00379', 5174, 1115, 445, 186.05, 'Reserved'),
    ('TKT-00380', 5176, 1074, 493, 19.69, 'Purchased'),
    ('TKT-00381', 5176, 1074, 493, 19.69, 'Reserved'),
    ('TKT-00382', 5176, 1074, 493, 19.69, 'Refunded'),
    ('TKT-00383', 5176, 1074, 493, 19.69, 'Reserved'),
    ('TKT-00384', 5176, 1074, 493, 19.69, 'Reserved'),
    ('TKT-00385', 5177, 1190, 189, 160.21, 'Reserved'),
    ('TKT-00386', 5177, 1190, 189, 160.21, 'Purchased'),
    ('TKT-00387', 5178, 1189, 106, 183.63, 'Refunded'),
    ('TKT-00388', 5180, 1077, 383, 407.69, 'Refunded'),
    ('TKT-00389', 5182, 1196, 310, 72.95, 'Refunded'),
    ('TKT-00390', 5182, 1196, 310, 72.95, 'Purchased'),
    ('TKT-00391', 5182, 1196, 310, 72.95, 'Purchased'),
    ('TKT-00392', 5184, 1066, 313, 51.41, 'Refunded'),
    ('TKT-00393', 5184, 1066, 313, 51.41, 'Purchased'),
    ('TKT-00394', 5184, 1066, 313, 51.41, 'Reserved'),
    ('TKT-00395', 5185, 1098, 410, 214.21, 'Refunded'),
    ('TKT-00396', 5186, 1003, 273, 97.76, 'Refunded'),
    ('TKT-00397', 5186, 1003, 273, 97.76, 'Purchased'),
    ('TKT-00398', 5186, 1003, 273, 97.76, 'Purchased'),
    ('TKT-00399', 5189, 1159, 272, 174.25, 'Reserved'),
    ('TKT-00400', 5190, 1147, 287, 304.53, 'Purchased'),
    ('TKT-00401', 5191, 1138, 113, 47.55, 'Refunded'),
    ('TKT-00402', 5191, 1138, 113, 47.55, 'Purchased'),
    ('TKT-00403', 5191, 1138, 113, 47.55, 'Reserved'),
    ('TKT-00404', 5191, 1138, 113, 47.55, 'Reserved'),
    ('TKT-00405', 5191, 1138, 113, 47.55, 'Purchased'),
    ('TKT-00406', 5192, 1024, 386, 129.5, 'Purchased'),
    ('TKT-00407', 5192, 1024, 386, 129.5, 'Reserved'),
    ('TKT-00408', 5192, 1024, 386, 129.5, 'Refunded'),
    ('TKT-00409', 5193, 1153, 355, 86.31, 'Refunded'),
    ('TKT-00410', 5193, 1153, 355, 86.31, 'Purchased'),
    ('TKT-00411', 5193, 1153, 355, 86.31, 'Reserved'),
    ('TKT-00412', 5193, 1153, 355, 86.31, 'Reserved'),
    ('TKT-00413', 5193, 1153, 355, 86.31, 'Refunded'),
    ('TKT-00414', 5194, 1086, 465, 58.48, 'Refunded'),
    ('TKT-00415', 5194, 1086, 465, 58.48, 'Reserved'),
    ('TKT-00416', 5194, 1086, 465, 58.48, 'Purchased'),
    ('TKT-00417', 5194, 1086, 465, 58.48, 'Purchased'),
    ('TKT-00418', 5194, 1086, 465, 58.48, 'Purchased'),
    ('TKT-00419', 5195, 1074, 106, 131.65, 'Purchased'),
    ('TKT-00420', 5195, 1074, 106, 131.65, 'Reserved'),
    ('TKT-00421', 5196, 1060, 2, 186.66, 'Reserved'),
    ('TKT-00422', 5196, 1060, 2, 186.66, 'Purchased'),
    ('TKT-00423', 5197, 1014, 158, 261.86, 'Reserved'),
    ('TKT-00424', 5198, 1091, 465, 57.59, 'Refunded'),
    ('TKT-00425', 5198, 1091, 465, 57.59, 'Reserved'),
    ('TKT-00426', 5198, 1091, 465, 57.59, 'Purchased'),
    ('TKT-00427', 5198, 1091, 465, 57.59, 'Purchased'),
    ('TKT-00428', 5199, 1163, 465, 152.16, 'Reserved'),
    ('TKT-00429', 5199, 1163, 465, 152.16, 'Refunded'),
    ('TKT-00430', 5200, 1085, 313, 78.66, 'Purchased'),
    ('TKT-00431', 5200, 1085, 313, 78.66, 'Reserved'),
    ('TKT-00432', 5200, 1085, 313, 78.66, 'Purchased'),
    ('TKT-00433', 5201, 1188, 27, 49.69, 'Purchased'),
    ('TKT-00434', 5201, 1188, 27, 49.69, 'Reserved'),
    ('TKT-00435', 5201, 1188, 27, 49.69, 'Reserved'),
    ('TKT-00436', 5201, 1188, 27, 49.69, 'Refunded'),
    ('TKT-00437', 5203, 1047, 473, 13.42, 'Reserved'),
    ('TKT-00438', 5203, 1047, 473, 13.42, 'Reserved'),
    ('TKT-00439', 5203, 1047, 473, 13.42, 'Reserved'),
    ('TKT-00440', 5203, 1047, 473, 13.42, 'Purchased'),
    ('TKT-00441', 5204, 1152, 77, 84.69, 'Refunded'),
    ('TKT-00442', 5204, 1152, 77, 84.69, 'Refunded'),
    ('TKT-00443', 5204, 1152, 77, 84.69, 'Purchased'),
    ('TKT-00444', 5204, 1152, 77, 84.69, 'Refunded'),
    ('TKT-00445', 5205, 1032, 372, 127.5, 'Reserved'),
    ('TKT-00446', 5205, 1032, 372, 127.5, 'Reserved'),
    ('TKT-00447', 5205, 1032, 372, 127.5, 'Refunded'),
    ('TKT-00448', 5206, 1120, 436, 37.99, 'Refunded'),
    ('TKT-00449', 5206, 1120, 436, 37.99, 'Reserved'),
    ('TKT-00450', 5206, 1120, 436, 37.99, 'Purchased'),
    ('TKT-00451', 5206, 1120, 436, 37.99, 'Refunded'),
    ('TKT-00452', 5206, 1120, 436, 37.99, 'Reserved'),
    ('TKT-00453', 5210, 1148, 213, 280.37, 'Purchased'),
    ('TKT-00454', 5211, 1188, 27, 83.23, 'Refunded'),
    ('TKT-00455', 5211, 1188, 27, 83.23, 'Purchased'),
    ('TKT-00456', 5211, 1188, 27, 83.23, 'Reserved'),
    ('TKT-00457', 5211, 1188, 27, 83.23, 'Reserved'),
    ('TKT-00458', 5211, 1188, 27, 83.23, 'Reserved'),
    ('TKT-00459', 5213, 1173, 199, 17.97, 'Refunded'),
    ('TKT-00460', 5213, 1173, 199, 17.97, 'Refunded'),
    ('TKT-00461', 5213, 1173, 199, 17.97, 'Refunded'),
    ('TKT-00462', 5214, 1056, 421, 58.73, 'Purchased'),
    ('TKT-00463', 5214, 1056, 421, 58.73, 'Reserved'),
    ('TKT-00464', 5215, 1086, 276, 104.79, 'Reserved'),
    ('TKT-00465', 5215, 1086, 276, 104.79, 'Reserved'),
    ('TKT-00466', 5215, 1086, 276, 104.79, 'Reserved'),
    ('TKT-00467', 5216, 1111, 252, 141.6, 'Refunded'),
    ('TKT-00468', 5216, 1111, 252, 141.6, 'Purchased'),
    ('TKT-00469', 5219, 1156, 51, 59.38, 'Reserved'),
    ('TKT-00470', 5222, 1132, 499, 20.17, 'Reserved'),
    ('TKT-00471', 5223, 1176, 170, 362.26, 'Reserved'),
    ('TKT-00472', 5224, 1191, 405, 209.14, 'Reserved'),
    ('TKT-00473', 5226, 1036, 433, 44.57, 'Reserved'),
    ('TKT-00474', 5226, 1036, 433, 44.57, 'Purchased'),
    ('TKT-00475', 5226, 1036, 433, 44.57, 'Purchased'),
    ('TKT-00476', 5226, 1036, 433, 44.57, 'Refunded'),
    ('TKT-00477', 5227, 1135, 200, 91.53, 'Purchased'),
    ('TKT-00478', 5227, 1135, 200, 91.53, 'Reserved'),
    ('TKT-00479', 5227, 1135, 200, 91.53, 'Reserved'),
    ('TKT-00480', 5227, 1135, 200, 91.53, 'Refunded'),
    ('TKT-00481', 5229, 1170, 113, 28.73, 'Refunded'),
    ('TKT-00482', 5229, 1170, 113, 28.73, 'Refunded'),
    ('TKT-00483', 5229, 1170, 113, 28.73, 'Refunded'),
    ('TKT-00484', 5229, 1170, 113, 28.73, 'Reserved'),
    ('TKT-00485', 5231, 1138, 49, 37.14, 'Refunded'),
    ('TKT-00486', 5231, 1138, 49, 37.14, 'Reserved'),
    ('TKT-00487', 5231, 1138, 49, 37.14, 'Refunded'),
    ('TKT-00488', 5231, 1138, 49, 37.14, 'Reserved'),
    ('TKT-00489', 5232, 1126, 216, 115.46, 'Purchased'),
    ('TKT-00490', 5232, 1126, 216, 115.46, 'Reserved'),
    ('TKT-00491', 5232, 1126, 216, 115.46, 'Purchased'),
    ('TKT-00492', 5233, 1105, 216, 46.28, 'Reserved'),
    ('TKT-00493', 5233, 1105, 216, 46.28, 'Purchased'),
    ('TKT-00494', 5233, 1105, 216, 46.28, 'Refunded'),
    ('TKT-00495', 5233, 1105, 216, 46.28, 'Purchased'),
    ('TKT-00496', 5233, 1105, 216, 46.28, 'Refunded'),
    ('TKT-00497', 5234, 1034, 299, 39.01, 'Reserved'),
    ('TKT-00498', 5234, 1034, 299, 39.01, 'Purchased'),
    ('TKT-00499', 5234, 1034, 299, 39.01, 'Reserved'),
    ('TKT-00500', 5234, 1034, 299, 39.01, 'Purchased'),
    ('TKT-00501', 5234, 1034, 299, 39.01, 'Reserved'),
    ('TKT-00502', 5235, 1142, 212, 222.31, 'Reserved'),
    ('TKT-00503', 5235, 1142, 212, 222.31, 'Reserved'),
    ('TKT-00504', 5237, 1027, 466, 144.2, 'Purchased'),
    ('TKT-00505', 5237, 1027, 466, 144.2, 'Reserved'),
    ('TKT-00506', 5238, 1167, 352, 87.98, 'Refunded'),
    ('TKT-00507', 5238, 1167, 352, 87.98, 'Purchased'),
    ('TKT-00508', 5238, 1167, 352, 87.98, 'Purchased'),
    ('TKT-00509', 5238, 1167, 352, 87.98, 'Purchased'),
    ('TKT-00510', 5238, 1167, 352, 87.98, 'Purchased'),
    ('TKT-00511', 5242, 1057, 190, 18.17, 'Purchased'),
    ('TKT-00512', 5242, 1057, 190, 18.17, 'Refunded'),
    ('TKT-00513', 5242, 1057, 190, 18.17, 'Purchased'),
    ('TKT-00514', 5242, 1057, 190, 18.17, 'Purchased'),
    ('TKT-00515', 5242, 1057, 190, 18.17, 'Purchased'),
    ('TKT-00516', 5244, 1074, 273, 23.5, 'Reserved'),
    ('TKT-00517', 5244, 1074, 273, 23.5, 'Refunded'),
    ('TKT-00518', 5244, 1074, 273, 23.5, 'Refunded'),
    ('TKT-00519', 5244, 1074, 273, 23.5, 'Reserved'),
    ('TKT-00520', 5244, 1074, 273, 23.5, 'Purchased'),
    ('TKT-00521', 5245, 1014, 465, 125.97, 'Purchased'),
    ('TKT-00522', 5245, 1014, 465, 125.97, 'Purchased'),
    ('TKT-00523', 5247, 1127, 274, 33.57, 'Purchased'),
    ('TKT-00524', 5247, 1127, 274, 33.57, 'Reserved'),
    ('TKT-00525', 5247, 1127, 274, 33.57, 'Reserved'),
    ('TKT-00526', 5248, 1153, 273, 10.23, 'Reserved'),
    ('TKT-00527', 5248, 1153, 273, 10.23, 'Refunded'),
    ('TKT-00528', 5248, 1153, 273, 10.23, 'Refunded'),
    ('TKT-00529', 5248, 1153, 273, 10.23, 'Purchased'),
    ('TKT-00530', 5248, 1153, 273, 10.23, 'Reserved'),
    ('TKT-00531', 5249, 1142, 14, 11.54, 'Purchased'),
    ('TKT-00532', 5249, 1142, 14, 11.54, 'Purchased'),
    ('TKT-00533', 5250, 1122, 387, 181.11, 'Refunded'),
    ('TKT-00534', 5250, 1122, 387, 181.11, 'Reserved'),
    ('TKT-00535', 5251, 1052, 105, 133.03, 'Reserved'),
    ('TKT-00536', 5251, 1052, 105, 133.03, 'Refunded'),
    ('TKT-00537', 5251, 1052, 105, 133.03, 'Refunded'),
    ('TKT-00538', 5252, 1094, 431, 201.93, 'Refunded'),
    ('TKT-00539', 5252, 1094, 431, 201.93, 'Reserved'),
    ('TKT-00540', 5255, 1025, 347, 151.68, 'Purchased'),
    ('TKT-00541', 5257, 1100, 24, 74.14, 'Refunded'),
    ('TKT-00542', 5257, 1100, 24, 74.14, 'Reserved'),
    ('TKT-00543', 5257, 1100, 24, 74.14, 'Reserved'),
    ('TKT-00544', 5257, 1100, 24, 74.14, 'Refunded'),
    ('TKT-00545', 5257, 1100, 24, 74.14, 'Reserved'),
    ('TKT-00546', 5260, 1049, 436, 38.09, 'Reserved'),
    ('TKT-00547', 5260, 1049, 436, 38.09, 'Refunded'),
    ('TKT-00548', 5260, 1049, 436, 38.09, 'Refunded'),
    ('TKT-00549', 5260, 1049, 436, 38.09, 'Reserved'),
    ('TKT-00550', 5260, 1049, 436, 38.09, 'Reserved'),
    ('TKT-00551', 5262, 1072, 42, 18.11, 'Reserved'),
    ('TKT-00552', 5262, 1072, 42, 18.11, 'Refunded'),
    ('TKT-00553', 5262, 1072, 42, 18.11, 'Refunded'),
    ('TKT-00554', 5262, 1072, 42, 18.11, 'Refunded'),
    ('TKT-00555', 5263, 1129, 380, 52.87, 'Purchased'),
    ('TKT-00556', 5263, 1129, 380, 52.87, 'Purchased'),
    ('TKT-00557', 5264, 1105, 183, 121.76, 'Purchased'),
    ('TKT-00558', 5264, 1105, 183, 121.76, 'Purchased'),
    ('TKT-00559', 5266, 1086, 204, 499.5, 'Purchased'),
    ('TKT-00560', 5268, 1019, 14, 60.73, 'Reserved'),
    ('TKT-00561', 5268, 1019, 14, 60.73, 'Reserved'),
    ('TKT-00562', 5268, 1019, 14, 60.73, 'Reserved'),
    ('TKT-00563', 5268, 1019, 14, 60.73, 'Refunded'),
    ('TKT-00564', 5268, 1019, 14, 60.73, 'Refunded'),
    ('TKT-00565', 5269, 1043, 205, 113.15, 'Refunded'),
    ('TKT-00566', 5269, 1043, 205, 113.15, 'Reserved'),
    ('TKT-00567', 5269, 1043, 205, 113.15, 'Reserved'),
    ('TKT-00568', 5270, 1054, 61, 76.59, 'Purchased'),
    ('TKT-00569', 5270, 1054, 61, 76.59, 'Purchased'),
    ('TKT-00570', 5270, 1054, 61, 76.59, 'Refunded'),
    ('TKT-00571', 5271, 1200, 113, 374.7, 'Refunded'),
    ('TKT-00572', 5272, 1012, 92, 33.45, 'Purchased'),
    ('TKT-00573', 5272, 1012, 92, 33.45, 'Purchased'),
    ('TKT-00574', 5272, 1012, 92, 33.45, 'Purchased'),
    ('TKT-00575', 5272, 1012, 92, 33.45, 'Purchased'),
    ('TKT-00576', 5272, 1012, 92, 33.45, 'Refunded'),
    ('TKT-00577', 5273, 1081, 335, 46.88, 'Purchased'),
    ('TKT-00578', 5273, 1081, 335, 46.88, 'Refunded'),
    ('TKT-00579', 5273, 1081, 335, 46.88, 'Refunded'),
    ('TKT-00580', 5275, 1015, 307, 20.03, 'Reserved'),
    ('TKT-00581', 5275, 1015, 307, 20.03, 'Refunded'),
    ('TKT-00582', 5275, 1015, 307, 20.03, 'Purchased'),
    ('TKT-00583', 5275, 1015, 307, 20.03, 'Purchased'),
    ('TKT-00584', 5275, 1015, 307, 20.03, 'Reserved'),
    ('TKT-00585', 5276, 1108, 296, 370.12, 'Refunded'),
    ('TKT-00586', 5278, 1082, 262, 28.87, 'Refunded'),
    ('TKT-00587', 5278, 1082, 262, 28.87, 'Purchased'),
    ('TKT-00588', 5278, 1082, 262, 28.87, 'Refunded'),
    ('TKT-00589', 5278, 1082, 262, 28.87, 'Purchased'),
    ('TKT-00590', 5280, 1039, 440, 58.05, 'Purchased'),
    ('TKT-00591', 5280, 1039, 440, 58.05, 'Refunded'),
    ('TKT-00592', 5280, 1039, 440, 58.05, 'Refunded'),
    ('TKT-00593', 5280, 1039, 440, 58.05, 'Purchased'),
    ('TKT-00594', 5280, 1039, 440, 58.05, 'Reserved'),
    ('TKT-00595', 5281, 1139, 100, 115.63, 'Purchased'),
    ('TKT-00596', 5281, 1139, 100, 115.63, 'Purchased'),
    ('TKT-00597', 5281, 1139, 100, 115.63, 'Reserved'),
    ('TKT-00598', 5282, 1095, 471, 79.7, 'Reserved'),
    ('TKT-00599', 5282, 1095, 471, 79.7, 'Purchased'),
    ('TKT-00600', 5282, 1095, 471, 79.7, 'Refunded'),
    ('TKT-00601', 5282, 1095, 471, 79.7, 'Refunded'),
    ('TKT-00602', 5283, 1163, 474, 22.43, 'Refunded'),
    ('TKT-00603', 5283, 1163, 474, 22.43, 'Reserved'),
    ('TKT-00604', 5283, 1163, 474, 22.43, 'Refunded'),
    ('TKT-00605', 5286, 1033, 246, 148.61, 'Reserved'),
    ('TKT-00606', 5286, 1033, 246, 148.61, 'Refunded'),
    ('TKT-00607', 5286, 1033, 246, 148.61, 'Reserved'),
    ('TKT-00608', 5287, 1170, 32, 8.13, 'Reserved'),
    ('TKT-00609', 5287, 1170, 32, 8.13, 'Reserved'),
    ('TKT-00610', 5287, 1170, 32, 8.13, 'Refunded'),
    ('TKT-00611', 5287, 1170, 32, 8.13, 'Reserved'),
    ('TKT-00612', 5288, 1141, 473, 40.09, 'Refunded'),
    ('TKT-00613', 5288, 1141, 473, 40.09, 'Reserved'),
    ('TKT-00614', 5290, 1099, 455, 54.08, 'Refunded'),
    ('TKT-00615', 5290, 1099, 455, 54.08, 'Purchased'),
    ('TKT-00616', 5290, 1099, 455, 54.08, 'Purchased'),
    ('TKT-00617', 5290, 1099, 455, 54.08, 'Reserved'),
    ('TKT-00618', 5290, 1099, 455, 54.08, 'Reserved'),
    ('TKT-00619', 5291, 1136, 29, 104.78, 'Reserved'),
    ('TKT-00620', 5291, 1136, 29, 104.78, 'Purchased'),
    ('TKT-00621', 5291, 1136, 29, 104.78, 'Reserved'),
    ('TKT-00622', 5291, 1136, 29, 104.78, 'Refunded'),
    ('TKT-00623', 5292, 1039, 196, 114.35, 'Refunded'),
    ('TKT-00624', 5292, 1039, 196, 114.35, 'Reserved'),
    ('TKT-00625', 5292, 1039, 196, 114.35, 'Reserved'),
    ('TKT-00626', 5293, 1189, 100, 76.5, 'Purchased'),
    ('TKT-00627', 5293, 1189, 100, 76.5, 'Refunded'),
    ('TKT-00628', 5293, 1189, 100, 76.5, 'Purchased'),
    ('TKT-00629', 5293, 1189, 100, 76.5, 'Reserved'),
    ('TKT-00630', 5294, 1153, 252, 49.04, 'Reserved'),
    ('TKT-00631', 5294, 1153, 252, 49.04, 'Refunded'),
    ('TKT-00632', 5295, 1188, 355, 496.35, 'Reserved'),
    ('TKT-00633', 5297, 1079, 196, 38.74, 'Reserved'),
    ('TKT-00634', 5297, 1079, 196, 38.74, 'Refunded'),
    ('TKT-00635', 5297, 1079, 196, 38.74, 'Reserved'),
    ('TKT-00636', 5298, 1125, 205, 88.79, 'Purchased'),
    ('TKT-00637', 5298, 1125, 205, 88.79, 'Refunded'),
    ('TKT-00638', 5298, 1125, 205, 88.79, 'Purchased'),
    ('TKT-00639', 5298, 1125, 205, 88.79, 'Refunded'),
    ('TKT-00640', 5300, 1187, 313, 40.77, 'Reserved'),
    ('TKT-00641', 5300, 1187, 313, 40.77, 'Reserved'),
    ('TKT-00642', 5300, 1187, 313, 40.77, 'Reserved'),
    ('TKT-00643', 5303, 1144, 92, 62.83, 'Refunded'),
    ('TKT-00644', 5303, 1144, 92, 62.83, 'Refunded'),
    ('TKT-00645', 5303, 1144, 92, 62.83, 'Refunded'),
    ('TKT-00646', 5303, 1144, 92, 62.83, 'Purchased'),
    ('TKT-00647', 5303, 1144, 92, 62.83, 'Refunded'),
    ('TKT-00648', 5304, 1187, 35, 120.95, 'Reserved'),
    ('TKT-00649', 5304, 1187, 35, 120.95, 'Purchased'),
    ('TKT-00650', 5304, 1187, 35, 120.95, 'Purchased'),
    ('TKT-00651', 5304, 1187, 35, 120.95, 'Reserved'),
    ('TKT-00652', 5305, 1190, 76, 19.19, 'Reserved'),
    ('TKT-00653', 5305, 1190, 76, 19.19, 'Reserved'),
    ('TKT-00654', 5306, 1153, 448, 127.13, 'Refunded'),
    ('TKT-00655', 5307, 1140, 372, 103.11, 'Refunded'),
    ('TKT-00656', 5307, 1140, 372, 103.11, 'Refunded'),
    ('TKT-00657', 5308, 1067, 116, 58.58, 'Reserved'),
    ('TKT-00658', 5311, 1107, 343, 52.58, 'Reserved'),
    ('TKT-00659', 5311, 1107, 343, 52.58, 'Purchased'),
    ('TKT-00660', 5311, 1107, 343, 52.58, 'Purchased'),
    ('TKT-00661', 5311, 1107, 343, 52.58, 'Purchased'),
    ('TKT-00662', 5311, 1107, 343, 52.58, 'Purchased'),
    ('TKT-00663', 5314, 1154, 19, 81.14, 'Reserved'),
    ('TKT-00664', 5314, 1154, 19, 81.14, 'Purchased'),
    ('TKT-00665', 5314, 1154, 19, 81.14, 'Refunded'),
    ('TKT-00666', 5314, 1154, 19, 81.14, 'Purchased'),
    ('TKT-00667', 5314, 1154, 19, 81.14, 'Reserved'),
    ('TKT-00668', 5315, 1153, 276, 30.08, 'Refunded'),
    ('TKT-00669', 5315, 1153, 276, 30.08, 'Purchased'),
    ('TKT-00670', 5317, 1090, 42, 386.22, 'Refunded'),
    ('TKT-00671', 5318, 1012, 213, 163.47, 'Purchased'),
    ('TKT-00672', 5318, 1012, 213, 163.47, 'Reserved'),
    ('TKT-00673', 5318, 1012, 213, 163.47, 'Refunded'),
    ('TKT-00674', 5321, 1013, 489, 70.41, 'Refunded'),
    ('TKT-00675', 5321, 1013, 489, 70.41, 'Refunded'),
    ('TKT-00676', 5322, 1087, 149, 422.58, 'Reserved'),
    ('TKT-00677', 5324, 1076, 394, 139.64, 'Refunded'),
    ('TKT-00678', 5324, 1076, 394, 139.64, 'Refunded'),
    ('TKT-00679', 5324, 1076, 394, 139.64, 'Purchased'),
    ('TKT-00680', 5326, 1035, 440, 118.83, 'Refunded'),
    ('TKT-00681', 5326, 1035, 440, 118.83, 'Reserved'),
    ('TKT-00682', 5327, 1124, 198, 54.33, 'Reserved'),
    ('TKT-00683', 5327, 1124, 198, 54.33, 'Refunded'),
    ('TKT-00684', 5327, 1124, 198, 54.33, 'Purchased'),
    ('TKT-00685', 5327, 1124, 198, 54.33, 'Reserved'),
    ('TKT-00686', 5327, 1124, 198, 54.33, 'Reserved'),
    ('TKT-00687', 5328, 1086, 210, 347.79, 'Refunded'),
    ('TKT-00688', 5330, 1136, 213, 134.27, 'Purchased'),
    ('TKT-00689', 5330, 1136, 213, 134.27, 'Refunded'),
    ('TKT-00690', 5330, 1136, 213, 134.27, 'Reserved'),
    ('TKT-00691', 5331, 1043, 401, 195.52, 'Refunded'),
    ('TKT-00692', 5331, 1043, 401, 195.52, 'Refunded'),
    ('TKT-00693', 5332, 1139, 77, 197.54, 'Purchased'),
    ('TKT-00694', 5332, 1139, 77, 197.54, 'Purchased'),
    ('TKT-00695', 5335, 1168, 314, 47.54, 'Purchased'),
    ('TKT-00696', 5335, 1168, 314, 47.54, 'Reserved'),
    ('TKT-00697', 5335, 1168, 314, 47.54, 'Reserved'),
    ('TKT-00698', 5335, 1168, 314, 47.54, 'Purchased'),
    ('TKT-00699', 5336, 1054, 122, 118.55, 'Refunded'),
    ('TKT-00700', 5336, 1054, 122, 118.55, 'Refunded'),
    ('TKT-00701', 5336, 1054, 122, 118.55, 'Purchased'),
    ('TKT-00702', 5337, 1198, 413, 372.93, 'Reserved'),
    ('TKT-00703', 5338, 1140, 397, 55.98, 'Reserved'),
    ('TKT-00704', 5338, 1140, 397, 55.98, 'Reserved'),
    ('TKT-00705', 5338, 1140, 397, 55.98, 'Refunded'),
    ('TKT-00706', 5338, 1140, 397, 55.98, 'Reserved'),
    ('TKT-00707', 5338, 1140, 397, 55.98, 'Purchased'),
    ('TKT-00708', 5339, 1121, 485, 15.77, 'Purchased'),
    ('TKT-00709', 5339, 1121, 485, 15.77, 'Reserved'),
    ('TKT-00710', 5339, 1121, 485, 15.77, 'Refunded'),
    ('TKT-00711', 5339, 1121, 485, 15.77, 'Reserved'),
    ('TKT-00712', 5340, 1077, 80, 72.58, 'Refunded'),
    ('TKT-00713', 5340, 1077, 80, 72.58, 'Refunded'),
    ('TKT-00714', 5340, 1077, 80, 72.58, 'Reserved'),
    ('TKT-00715', 5340, 1077, 80, 72.58, 'Refunded'),
    ('TKT-00716', 5341, 1153, 355, 52.49, 'Purchased'),
    ('TKT-00717', 5341, 1153, 355, 52.49, 'Reserved'),
    ('TKT-00718', 5341, 1153, 355, 52.49, 'Reserved'),
    ('TKT-00719', 5343, 1134, 386, 99.34, 'Reserved'),
    ('TKT-00720', 5343, 1134, 386, 99.34, 'Refunded'),
    ('TKT-00721', 5343, 1134, 386, 99.34, 'Refunded'),
    ('TKT-00722', 5344, 1153, 468, 51.21, 'Refunded'),
    ('TKT-00723', 5344, 1153, 468, 51.21, 'Refunded'),
    ('TKT-00724', 5344, 1153, 468, 51.21, 'Refunded'),
    ('TKT-00725', 5344, 1153, 468, 51.21, 'Refunded'),
    ('TKT-00726', 5344, 1153, 468, 51.21, 'Purchased'),
    ('TKT-00727', 5347, 1170, 493, 36.12, 'Reserved'),
    ('TKT-00728', 5348, 1111, 37, 446.5, 'Purchased'),
    ('TKT-00729', 5349, 1138, 230, 147.44, 'Reserved'),
    ('TKT-00730', 5349, 1138, 230, 147.44, 'Purchased'),
    ('TKT-00731', 5349, 1138, 230, 147.44, 'Purchased'),
    ('TKT-00732', 5351, 1019, 240, 96.0, 'Purchased'),
    ('TKT-00733', 5351, 1019, 240, 96.0, 'Purchased'),
    ('TKT-00734', 5351, 1019, 240, 96.0, 'Refunded'),
    ('TKT-00735', 5351, 1019, 240, 96.0, 'Purchased'),
    ('TKT-00736', 5351, 1019, 240, 96.0, 'Reserved'),
    ('TKT-00737', 5352, 1056, 410, 97.2, 'Reserved'),
    ('TKT-00738', 5352, 1056, 410, 97.2, 'Purchased'),
    ('TKT-00739', 5352, 1056, 410, 97.2, 'Reserved'),
    ('TKT-00740', 5353, 1177, 140, 61.68, 'Reserved'),
    ('TKT-00741', 5353, 1177, 140, 61.68, 'Reserved'),
    ('TKT-00742', 5354, 1141, 252, 73.58, 'Refunded'),
    ('TKT-00743', 5354, 1141, 252, 73.58, 'Refunded'),
    ('TKT-00744', 5354, 1141, 252, 73.58, 'Refunded'),
    ('TKT-00745', 5356, 1079, 140, 81.56, 'Reserved'),
    ('TKT-00746', 5356, 1079, 140, 81.56, 'Refunded'),
    ('TKT-00747', 5363, 1167, 85, 390.71, 'Reserved'),
    ('TKT-00748', 5364, 1106, 360, 53.13, 'Reserved'),
    ('TKT-00749', 5364, 1106, 360, 53.13, 'Purchased'),
    ('TKT-00750', 5364, 1106, 360, 53.13, 'Purchased'),
    ('TKT-00751', 5366, 1079, 158, 72.05, 'Purchased'),
    ('TKT-00752', 5367, 1012, 143, 78.87, 'Purchased'),
    ('TKT-00753', 5367, 1012, 143, 78.87, 'Purchased'),
    ('TKT-00754', 5367, 1012, 143, 78.87, 'Reserved'),
    ('TKT-00755', 5368, 1085, 499, 477.97, 'Reserved'),
    ('TKT-00756', 5369, 1042, 188, 87.09, 'Refunded'),
    ('TKT-00757', 5370, 1063, 314, 152.66, 'Reserved'),
    ('TKT-00758', 5370, 1063, 314, 152.66, 'Reserved'),
    ('TKT-00759', 5372, 1022, 42, 129.04, 'Reserved'),
    ('TKT-00760', 5372, 1022, 42, 129.04, 'Refunded'),
    ('TKT-00761', 5372, 1022, 42, 129.04, 'Purchased'),
    ('TKT-00762', 5373, 1074, 35, 163.47, 'Purchased'),
    ('TKT-00763', 5373, 1074, 35, 163.47, 'Refunded'),
    ('TKT-00764', 5374, 1002, 387, 476.01, 'Refunded'),
    ('TKT-00765', 5375, 1041, 233, 29.15, 'Purchased'),
    ('TKT-00766', 5375, 1041, 233, 29.15, 'Refunded'),
    ('TKT-00767', 5375, 1041, 233, 29.15, 'Purchased'),
    ('TKT-00768', 5376, 1094, 440, 57.76, 'Purchased'),
    ('TKT-00769', 5376, 1094, 440, 57.76, 'Reserved'),
    ('TKT-00770', 5376, 1094, 440, 57.76, 'Refunded'),
    ('TKT-00771', 5376, 1094, 440, 57.76, 'Reserved'),
    ('TKT-00772', 5376, 1094, 440, 57.76, 'Reserved'),
    ('TKT-00773', 5378, 1096, 204, 31.58, 'Purchased'),
    ('TKT-00774', 5378, 1096, 204, 31.58, 'Refunded'),
    ('TKT-00775', 5378, 1096, 204, 31.58, 'Refunded'),
    ('TKT-00776', 5378, 1096, 204, 31.58, 'Purchased'),
    ('TKT-00777', 5378, 1096, 204, 31.58, 'Reserved'),
    ('TKT-00778', 5379, 1073, 471, 257.59, 'Refunded'),
    ('TKT-00779', 5381, 1111, 372, 239.45, 'Purchased'),
    ('TKT-00780', 5382, 1136, 76, 450.81, 'Reserved'),
    ('TKT-00781', 5383, 1142, 170, 146.13, 'Reserved'),
    ('TKT-00782', 5383, 1142, 170, 146.13, 'Purchased'),
    ('TKT-00783', 5383, 1142, 170, 146.13, 'Reserved'),
    ('TKT-00784', 5385, 1167, 35, 88.08, 'Reserved'),
    ('TKT-00785', 5385, 1167, 35, 88.08, 'Purchased'),
    ('TKT-00786', 5385, 1167, 35, 88.08, 'Purchased'),
    ('TKT-00787', 5385, 1167, 35, 88.08, 'Purchased'),
    ('TKT-00788', 5385, 1167, 35, 88.08, 'Refunded'),
    ('TKT-00789', 5386, 1136, 212, 361.45, 'Purchased'),
    ('TKT-00790', 5387, 1164, 276, 87.46, 'Reserved'),
    ('TKT-00791', 5387, 1164, 276, 87.46, 'Refunded'),
    ('TKT-00792', 5387, 1164, 276, 87.46, 'Reserved'),
    ('TKT-00793', 5387, 1164, 276, 87.46, 'Reserved'),
    ('TKT-00794', 5387, 1164, 276, 87.46, 'Purchased'),
    ('TKT-00795', 5388, 1096, 189, 56.32, 'Refunded'),
    ('TKT-00796', 5388, 1096, 189, 56.32, 'Refunded'),
    ('TKT-00797', 5388, 1096, 189, 56.32, 'Reserved'),
    ('TKT-00798', 5388, 1096, 189, 56.32, 'Reserved'),
    ('TKT-00799', 5390, 1074, 355, 150.48, 'Reserved'),
    ('TKT-00800', 5390, 1074, 355, 150.48, 'Refunded'),
    ('TKT-00801', 5390, 1074, 355, 150.48, 'Refunded'),
    ('TKT-00802', 5392, 1124, 372, 19.83, 'Refunded'),
    ('TKT-00803', 5392, 1124, 372, 19.83, 'Refunded'),
    ('TKT-00804', 5392, 1124, 372, 19.83, 'Purchased'),
    ('TKT-00805', 5392, 1124, 372, 19.83, 'Purchased'),
    ('TKT-00806', 5392, 1124, 372, 19.83, 'Purchased'),
    ('TKT-00807', 5393, 1088, 42, 88.8, 'Reserved'),
    ('TKT-00808', 5394, 1041, 27, 23.68, 'Reserved'),
    ('TKT-00809', 5394, 1041, 27, 23.68, 'Reserved'),
    ('TKT-00810', 5394, 1041, 27, 23.68, 'Reserved'),
    ('TKT-00811', 5395, 1124, 252, 330.2, 'Refunded'),
    ('TKT-00812', 5397, 1007, 189, 103.09, 'Refunded'),
    ('TKT-00813', 5397, 1007, 189, 103.09, 'Refunded'),
    ('TKT-00814', 5397, 1007, 189, 103.09, 'Reserved'),
    ('TKT-00815', 5397, 1007, 189, 103.09, 'Purchased'),
    ('TKT-00816', 5399, 1075, 372, 24.46, 'Purchased'),
    ('TKT-00817', 5400, 1058, 210, 33.95, 'Purchased'),
    ('TKT-00818', 5400, 1058, 210, 33.95, 'Reserved'),
    ('TKT-00819', 5400, 1058, 210, 33.95, 'Purchased'),
    ('TKT-00820', 5400, 1058, 210, 33.95, 'Reserved'),
    ('TKT-00821', 5400, 1058, 210, 33.95, 'Purchased'),
    ('TKT-00822', 5402, 1097, 122, 133.31, 'Purchased'),
    ('TKT-00823', 5404, 1138, 31, 211.35, 'Refunded'),
    ('TKT-00824', 5404, 1138, 31, 211.35, 'Refunded'),
    ('TKT-00825', 5405, 1125, 272, 187.78, 'Purchased'),
    ('TKT-00826', 5405, 1125, 272, 187.78, 'Refunded'),
    ('TKT-00827', 5406, 1008, 31, 118.75, 'Reserved'),
    ('TKT-00828', 5406, 1008, 31, 118.75, 'Reserved'),
    ('TKT-00829', 5407, 1174, 67, 164.85, 'Reserved'),
    ('TKT-00830', 5407, 1174, 67, 164.85, 'Refunded'),
    ('TKT-00831', 5407, 1174, 67, 164.85, 'Purchased'),
    ('TKT-00832', 5408, 1084, 241, 469.85, 'Refunded'),
    ('TKT-00833', 5412, 1014, 5, 111.97, 'Reserved'),
    ('TKT-00834', 5412, 1014, 5, 111.97, 'Reserved'),
    ('TKT-00835', 5412, 1014, 5, 111.97, 'Refunded'),
    ('TKT-00836', 5412, 1014, 5, 111.97, 'Refunded'),
    ('TKT-00837', 5413, 1057, 80, 41.34, 'Reserved'),
    ('TKT-00838', 5413, 1057, 80, 41.34, 'Reserved'),
    ('TKT-00839', 5413, 1057, 80, 41.34, 'Purchased'),
    ('TKT-00840', 5413, 1057, 80, 41.34, 'Purchased'),
    ('TKT-00841', 5414, 1110, 166, 150.75, 'Purchased'),
    ('TKT-00842', 5414, 1110, 166, 150.75, 'Purchased'),
    ('TKT-00843', 5414, 1110, 166, 150.75, 'Purchased'),
    ('TKT-00844', 5415, 1126, 392, 40.75, 'Reserved'),
    ('TKT-00845', 5415, 1126, 392, 40.75, 'Purchased'),
    ('TKT-00846', 5415, 1126, 392, 40.75, 'Refunded'),
    ('TKT-00847', 5415, 1126, 392, 40.75, 'Reserved'),
    ('TKT-00848', 5417, 1188, 52, 98.58, 'Reserved'),
    ('TKT-00849', 5417, 1188, 52, 98.58, 'Refunded'),
    ('TKT-00850', 5417, 1188, 52, 98.58, 'Refunded'),
    ('TKT-00851', 5417, 1188, 52, 98.58, 'Purchased'),
    ('TKT-00852', 5420, 1115, 210, 141.62, 'Refunded'),
    ('TKT-00853', 5420, 1115, 210, 141.62, 'Reserved'),
    ('TKT-00854', 5422, 1196, 152, 70.26, 'Reserved'),
    ('TKT-00855', 5422, 1196, 152, 70.26, 'Reserved'),
    ('TKT-00856', 5422, 1196, 152, 70.26, 'Refunded'),
    ('TKT-00857', 5422, 1196, 152, 70.26, 'Purchased'),
    ('TKT-00858', 5424, 1188, 360, 66.11, 'Refunded'),
    ('TKT-00859', 5424, 1188, 360, 66.11, 'Reserved'),
    ('TKT-00860', 5424, 1188, 360, 66.11, 'Purchased'),
    ('TKT-00861', 5424, 1188, 360, 66.11, 'Reserved'),
    ('TKT-00862', 5424, 1188, 360, 66.11, 'Reserved'),
    ('TKT-00863', 5425, 1161, 118, 225.73, 'Refunded'),
    ('TKT-00864', 5426, 1134, 405, 51.97, 'Reserved'),
    ('TKT-00865', 5426, 1134, 405, 51.97, 'Purchased'),
    ('TKT-00866', 5427, 1137, 337, 144.53, 'Refunded'),
    ('TKT-00867', 5427, 1137, 337, 144.53, 'Purchased'),
    ('TKT-00868', 5428, 1059, 431, 126.87, 'Reserved'),
    ('TKT-00869', 5428, 1059, 431, 126.87, 'Purchased'),
    ('TKT-00870', 5429, 1067, 82, 96.24, 'Purchased'),
    ('TKT-00871', 5429, 1067, 82, 96.24, 'Reserved'),
    ('TKT-00872', 5429, 1067, 82, 96.24, 'Refunded'),
    ('TKT-00873', 5430, 1139, 467, 211.47, 'Refunded'),
    ('TKT-00874', 5431, 1072, 489, 58.57, 'Purchased'),
    ('TKT-00875', 5432, 1054, 196, 56.11, 'Purchased'),
    ('TKT-00876', 5432, 1054, 196, 56.11, 'Refunded'),
    ('TKT-00877', 5432, 1054, 196, 56.11, 'Refunded'),
    ('TKT-00878', 5432, 1054, 196, 56.11, 'Purchased'),
    ('TKT-00879', 5432, 1054, 196, 56.11, 'Purchased'),
    ('TKT-00880', 5433, 1189, 28, 161.03, 'Purchased'),
    ('TKT-00881', 5433, 1189, 28, 161.03, 'Purchased'),
    ('TKT-00882', 5433, 1189, 28, 161.03, 'Refunded'),
    ('TKT-00883', 5434, 1124, 401, 99.2, 'Purchased'),
    ('TKT-00884', 5434, 1124, 401, 99.2, 'Refunded'),
    ('TKT-00885', 5435, 1158, 106, 35.23, 'Purchased'),
    ('TKT-00886', 5435, 1158, 106, 35.23, 'Reserved'),
    ('TKT-00887', 5435, 1158, 106, 35.23, 'Reserved'),
    ('TKT-00888', 5436, 1181, 273, 87.44, 'Refunded'),
    ('TKT-00889', 5436, 1181, 273, 87.44, 'Purchased'),
    ('TKT-00890', 5436, 1181, 273, 87.44, 'Reserved'),
    ('TKT-00891', 5436, 1181, 273, 87.44, 'Refunded'),
    ('TKT-00892', 5436, 1181, 273, 87.44, 'Reserved'),
    ('TKT-00893', 5437, 1136, 343, 119.56, 'Reserved'),
    ('TKT-00894', 5437, 1136, 343, 119.56, 'Refunded'),
    ('TKT-00895', 5437, 1136, 343, 119.56, 'Reserved'),
    ('TKT-00896', 5437, 1136, 343, 119.56, 'Reserved'),
    ('TKT-00897', 5438, 1138, 82, 36.81, 'Reserved'),
    ('TKT-00898', 5438, 1138, 82, 36.81, 'Refunded'),
    ('TKT-00899', 5438, 1138, 82, 36.81, 'Reserved'),
    ('TKT-00900', 5439, 1042, 405, 19.96, 'Purchased'),
    ('TKT-00901', 5439, 1042, 405, 19.96, 'Refunded'),
    ('TKT-00902', 5439, 1042, 405, 19.96, 'Refunded'),
    ('TKT-00903', 5442, 1028, 278, 46.85, 'Refunded'),
    ('TKT-00904', 5442, 1028, 278, 46.85, 'Reserved'),
    ('TKT-00905', 5442, 1028, 278, 46.85, 'Reserved'),
    ('TKT-00906', 5442, 1028, 278, 46.85, 'Purchased'),
    ('TKT-00907', 5442, 1028, 278, 46.85, 'Reserved'),
    ('TKT-00908', 5444, 1077, 155, 135.42, 'Purchased'),
    ('TKT-00909', 5445, 1136, 380, 66.54, 'Purchased'),
    ('TKT-00910', 5445, 1136, 380, 66.54, 'Purchased'),
    ('TKT-00911', 5445, 1136, 380, 66.54, 'Purchased'),
    ('TKT-00912', 5445, 1136, 380, 66.54, 'Purchased'),
    ('TKT-00913', 5445, 1136, 380, 66.54, 'Purchased'),
    ('TKT-00914', 5446, 1105, 248, 124.38, 'Refunded'),
    ('TKT-00915', 5446, 1105, 248, 124.38, 'Reserved'),
    ('TKT-00916', 5447, 1150, 352, 477.79, 'Refunded'),
    ('TKT-00917', 5448, 1149, 242, 58.36, 'Refunded'),
    ('TKT-00918', 5448, 1149, 242, 58.36, 'Reserved'),
    ('TKT-00919', 5449, 1111, 242, 56.95, 'Purchased'),
    ('TKT-00920', 5449, 1111, 242, 56.95, 'Refunded'),
    ('TKT-00921', 5449, 1111, 242, 56.95, 'Reserved'),
    ('TKT-00922', 5450, 1196, 485, 139.69, 'Refunded'),
    ('TKT-00923', 5451, 1182, 118, 16.96, 'Purchased'),
    ('TKT-00924', 5451, 1182, 118, 16.96, 'Refunded'),
    ('TKT-00925', 5452, 1111, 418, 23.84, 'Refunded'),
    ('TKT-00926', 5452, 1111, 418, 23.84, 'Purchased'),
    ('TKT-00927', 5454, 1023, 499, 112.27, 'Refunded'),
    ('TKT-00928', 5454, 1023, 499, 112.27, 'Purchased'),
    ('TKT-00929', 5457, 1014, 183, 27.13, 'Reserved'),
    ('TKT-00930', 5457, 1014, 183, 27.13, 'Refunded'),
    ('TKT-00931', 5457, 1014, 183, 27.13, 'Reserved'),
    ('TKT-00932', 5458, 1120, 28, 188.93, 'Purchased'),
    ('TKT-00933', 5458, 1120, 28, 188.93, 'Purchased'),
    ('TKT-00934', 5459, 1014, 465, 98.44, 'Purchased'),
    ('TKT-00935', 5459, 1014, 465, 98.44, 'Reserved'),
    ('TKT-00936', 5460, 1086, 423, 102.82, 'Refunded'),
    ('TKT-00937', 5460, 1086, 423, 102.82, 'Refunded'),
    ('TKT-00938', 5460, 1086, 423, 102.82, 'Purchased'),
    ('TKT-00939', 5460, 1086, 423, 102.82, 'Refunded'),
    ('TKT-00940', 5461, 1181, 277, 55.38, 'Purchased'),
    ('TKT-00941', 5461, 1181, 277, 55.38, 'Purchased'),
    ('TKT-00942', 5461, 1181, 277, 55.38, 'Purchased'),
    ('TKT-00943', 5461, 1181, 277, 55.38, 'Refunded'),
    ('TKT-00944', 5461, 1181, 277, 55.38, 'Refunded'),
    ('TKT-00945', 5462, 1122, 372, 131.7, 'Reserved'),
    ('TKT-00946', 5462, 1122, 372, 131.7, 'Reserved'),
    ('TKT-00947', 5462, 1122, 372, 131.7, 'Reserved'),
    ('TKT-00948', 5463, 1020, 496, 220.88, 'Reserved'),
    ('TKT-00949', 5463, 1020, 496, 220.88, 'Purchased'),
    ('TKT-00950', 5465, 1019, 471, 218.31, 'Reserved'),
    ('TKT-00951', 5465, 1019, 471, 218.31, 'Refunded'),
    ('TKT-00952', 5466, 1170, 189, 173.41, 'Purchased'),
    ('TKT-00953', 5468, 1009, 465, 124.64, 'Purchased'),
    ('TKT-00954', 5468, 1009, 465, 124.64, 'Purchased'),
    ('TKT-00955', 5469, 1117, 190, 118.72, 'Reserved'),
    ('TKT-00956', 5469, 1117, 190, 118.72, 'Refunded'),
    ('TKT-00957', 5469, 1117, 190, 118.72, 'Reserved'),
    ('TKT-00958', 5469, 1117, 190, 118.72, 'Refunded'),
    ('TKT-00959', 5470, 1163, 347, 43.09, 'Reserved'),
    ('TKT-00960', 5470, 1163, 347, 43.09, 'Refunded'),
    ('TKT-00961', 5470, 1163, 347, 43.09, 'Refunded'),
    ('TKT-00962', 5471, 1019, 196, 76.26, 'Reserved'),
    ('TKT-00963', 5471, 1019, 196, 76.26, 'Reserved'),
    ('TKT-00964', 5471, 1019, 196, 76.26, 'Reserved'),
    ('TKT-00965', 5471, 1019, 196, 76.26, 'Refunded'),
    ('TKT-00966', 5475, 1188, 185, 47.83, 'Refunded'),
    ('TKT-00967', 5475, 1188, 185, 47.83, 'Refunded'),
    ('TKT-00968', 5475, 1188, 185, 47.83, 'Refunded'),
    ('TKT-00969', 5476, 1032, 185, 80.79, 'Reserved'),
    ('TKT-00970', 5476, 1032, 185, 80.79, 'Purchased'),
    ('TKT-00971', 5476, 1032, 185, 80.79, 'Reserved'),
    ('TKT-00972', 5476, 1032, 185, 80.79, 'Purchased'),
    ('TKT-00973', 5476, 1032, 185, 80.79, 'Refunded'),
    ('TKT-00974', 5480, 1080, 233, 91.65, 'Reserved'),
    ('TKT-00975', 5480, 1080, 233, 91.65, 'Refunded'),
    ('TKT-00976', 5480, 1080, 233, 91.65, 'Reserved'),
    ('TKT-00977', 5480, 1080, 233, 91.65, 'Reserved'),
    ('TKT-00978', 5480, 1080, 233, 91.65, 'Reserved'),
    ('TKT-00979', 5481, 1136, 89, 64.55, 'Refunded'),
    ('TKT-00980', 5481, 1136, 89, 64.55, 'Refunded'),
    ('TKT-00981', 5481, 1136, 89, 64.55, 'Purchased'),
    ('TKT-00982', 5481, 1136, 89, 64.55, 'Refunded'),
    ('TKT-00983', 5484, 1128, 273, 42.3, 'Purchased'),
    ('TKT-00984', 5484, 1128, 273, 42.3, 'Purchased'),
    ('TKT-00985', 5485, 1066, 262, 116.5, 'Refunded'),
    ('TKT-00986', 5485, 1066, 262, 116.5, 'Purchased'),
    ('TKT-00987', 5485, 1066, 262, 116.5, 'Reserved'),
    ('TKT-00988', 5485, 1066, 262, 116.5, 'Purchased'),
    ('TKT-00989', 5486, 1066, 197, 22.3, 'Refunded'),
    ('TKT-00990', 5486, 1066, 197, 22.3, 'Purchased'),
    ('TKT-00991', 5487, 1096, 407, 113.44, 'Refunded'),
    ('TKT-00992', 5487, 1096, 407, 113.44, 'Refunded'),
    ('TKT-00993', 5487, 1096, 407, 113.44, 'Refunded'),
    ('TKT-00994', 5487, 1096, 407, 113.44, 'Reserved'),
    ('TKT-00995', 5488, 1113, 199, 190.56, 'Refunded'),
    ('TKT-00996', 5489, 1135, 457, 78.88, 'Purchased'),
    ('TKT-00997', 5489, 1135, 457, 78.88, 'Purchased'),
    ('TKT-00998', 5490, 1094, 19, 45.5, 'Purchased'),
    ('TKT-00999', 5490, 1094, 19, 45.5, 'Refunded'),
    ('TKT-01000', 5490, 1094, 19, 45.5, 'Purchased'),
    ('TKT-01001', 5492, 1148, 168, 88.88, 'Purchased'),
    ('TKT-01002', 5492, 1148, 168, 88.88, 'Purchased'),
    ('TKT-01003', 5492, 1148, 168, 88.88, 'Purchased'),
    ('TKT-01004', 5492, 1148, 168, 88.88, 'Refunded'),
    ('TKT-01005', 5492, 1148, 168, 88.88, 'Reserved'),
    ('TKT-01006', 5493, 1153, 141, 28.48, 'Refunded'),
    ('TKT-01007', 5493, 1153, 141, 28.48, 'Purchased'),
    ('TKT-01008', 5493, 1153, 141, 28.48, 'Purchased'),
    ('TKT-01009', 5493, 1153, 141, 28.48, 'Purchased'),
    ('TKT-01010', 5494, 1153, 233, 7.71, 'Refunded'),
    ('TKT-01011', 5494, 1153, 233, 7.71, 'Reserved'),
    ('TKT-01012', 5494, 1153, 233, 7.71, 'Purchased'),
    ('TKT-01013', 5495, 1136, 106, 45.6, 'Reserved'),
    ('TKT-01014', 5495, 1136, 106, 45.6, 'Purchased'),
    ('TKT-01015', 5495, 1136, 106, 45.6, 'Purchased'),
    ('TKT-01016', 5495, 1136, 106, 45.6, 'Purchased'),
    ('TKT-01017', 5495, 1136, 106, 45.6, 'Purchased'),
    ('TKT-01018', 5496, 1038, 37, 69.79, 'Refunded'),
    ('TKT-01019', 5496, 1038, 37, 69.79, 'Reserved'),
    ('TKT-01020', 5496, 1038, 37, 69.79, 'Purchased'),
    ('TKT-01021', 5496, 1038, 37, 69.79, 'Refunded'),
    ('TKT-01022', 5496, 1038, 37, 69.79, 'Purchased'),
    ('TKT-01023', 5497, 1140, 205, 148.81, 'Reserved'),
    ('TKT-01024', 5497, 1140, 205, 148.81, 'Purchased'),
    ('TKT-01025', 5497, 1140, 205, 148.81, 'Purchased'),
    ('TKT-01026', 5498, 1147, 291, 109.32, 'Reserved'),
    ('TKT-01027', 5498, 1147, 291, 109.32, 'Purchased'),
    ('TKT-01028', 5499, 1076, 205, 11.62, 'Reserved'),
    ('TKT-01029', 5499, 1076, 205, 11.62, 'Reserved'),
    ('TKT-01030', 5499, 1076, 205, 11.62, 'Refunded'),
    ('TKT-01031', 5499, 1076, 205, 11.62, 'Purchased'),
    ('TKT-01032', 5499, 1076, 205, 11.62, 'Reserved'),
    ('TKT-01033', 5500, 1163, 479, 118.49, 'Purchased'),
    ('TKT-01034', 5500, 1163, 479, 118.49, 'Reserved'),
    ('TKT-01035', 5501, 1173, 168, 422.56, 'Refunded'),
    ('TKT-01036', 5502, 1092, 448, 111.53, 'Purchased'),
    ('TKT-01037', 5502, 1092, 448, 111.53, 'Purchased'),
    ('TKT-01038', 5502, 1092, 448, 111.53, 'Refunded'),
    ('TKT-01039', 5502, 1092, 448, 111.53, 'Refunded'),
    ('TKT-01040', 5506, 1129, 76, 67.01, 'Purchased'),
    ('TKT-01041', 5507, 1092, 496, 47.83, 'Purchased'),
    ('TKT-01042', 5508, 1064, 248, 82.8, 'Refunded'),
    ('TKT-01043', 5508, 1064, 248, 82.8, 'Purchased'),
    ('TKT-01044', 5508, 1064, 248, 82.8, 'Purchased'),
    ('TKT-01045', 5508, 1064, 248, 82.8, 'Purchased'),
    ('TKT-01046', 5508, 1064, 248, 82.8, 'Purchased'),
    ('TKT-01047', 5510, 1159, 474, 388.54, 'Reserved'),
    ('TKT-01048', 5511, 1194, 421, 53.51, 'Reserved'),
    ('TKT-01049', 5511, 1194, 421, 53.51, 'Reserved'),
    ('TKT-01050', 5512, 1084, 378, 79.03, 'Reserved'),
    ('TKT-01051', 5512, 1084, 378, 79.03, 'Refunded'),
    ('TKT-01052', 5512, 1084, 378, 79.03, 'Reserved'),
    ('TKT-01053', 5515, 1171, 12, 50.31, 'Refunded'),
    ('TKT-01054', 5518, 1090, 52, 87.63, 'Reserved'),
    ('TKT-01055', 5518, 1090, 52, 87.63, 'Refunded'),
    ('TKT-01056', 5518, 1090, 52, 87.63, 'Refunded'),
    ('TKT-01057', 5519, 1113, 185, 223.76, 'Reserved'),
    ('TKT-01058', 5522, 1105, 445, 76.39, 'Refunded'),
    ('TKT-01059', 5522, 1105, 445, 76.39, 'Purchased'),
    ('TKT-01060', 5523, 1014, 242, 162.71, 'Refunded'),
    ('TKT-01061', 5523, 1014, 242, 162.71, 'Reserved'),
    ('TKT-01062', 5523, 1014, 242, 162.71, 'Refunded'),
    ('TKT-01063', 5524, 1125, 215, 330.57, 'Refunded'),
    ('TKT-01064', 5526, 1136, 198, 12.91, 'Purchased'),
    ('TKT-01065', 5526, 1136, 198, 12.91, 'Reserved'),
    ('TKT-01066', 5526, 1136, 198, 12.91, 'Refunded'),
    ('TKT-01067', 5526, 1136, 198, 12.91, 'Purchased'),
    ('TKT-01068', 5527, 1091, 113, 50.38, 'Reserved'),
    ('TKT-01069', 5527, 1091, 113, 50.38, 'Refunded'),
    ('TKT-01070', 5527, 1091, 113, 50.38, 'Refunded'),
    ('TKT-01071', 5527, 1091, 113, 50.38, 'Purchased'),
    ('TKT-01072', 5527, 1091, 113, 50.38, 'Refunded'),
    ('TKT-01073', 5528, 1021, 288, 236.78, 'Reserved'),
    ('TKT-01074', 5528, 1021, 288, 236.78, 'Purchased'),
    ('TKT-01075', 5532, 1121, 386, 461.33, 'Refunded'),
    ('TKT-01076', 5533, 1075, 242, 228.46, 'Purchased'),
    ('TKT-01077', 5533, 1075, 242, 228.46, 'Refunded'),
    ('TKT-01078', 5534, 1167, 242, 42.46, 'Refunded'),
    ('TKT-01079', 5534, 1167, 242, 42.46, 'Reserved'),
    ('TKT-01080', 5536, 1142, 493, 39.9, 'Purchased'),
    ('TKT-01081', 5536, 1142, 493, 39.9, 'Reserved'),
    ('TKT-01082', 5536, 1142, 493, 39.9, 'Refunded'),
    ('TKT-01083', 5536, 1142, 493, 39.9, 'Reserved'),
    ('TKT-01084', 5536, 1142, 493, 39.9, 'Reserved'),
    ('TKT-01085', 5537, 1141, 110, 22.04, 'Refunded'),
    ('TKT-01086', 5538, 1121, 203, 41.26, 'Reserved'),
    ('TKT-01087', 5538, 1121, 203, 41.26, 'Reserved'),
    ('TKT-01088', 5538, 1121, 203, 41.26, 'Reserved'),
    ('TKT-01089', 5539, 1025, 313, 94.08, 'Reserved'),
    ('TKT-01090', 5539, 1025, 313, 94.08, 'Refunded'),
    ('TKT-01091', 5539, 1025, 313, 94.08, 'Reserved'),
    ('TKT-01092', 5539, 1025, 313, 94.08, 'Refunded'),
    ('TKT-01093', 5539, 1025, 313, 94.08, 'Reserved'),
    ('TKT-01094', 5540, 1199, 183, 69.79, 'Refunded'),
    ('TKT-01095', 5540, 1199, 183, 69.79, 'Purchased'),
    ('TKT-01096', 5540, 1199, 183, 69.79, 'Reserved'),
    ('TKT-01097', 5540, 1199, 183, 69.79, 'Reserved'),
    ('TKT-01098', 5540, 1199, 183, 69.79, 'Reserved'),
    ('TKT-01099', 5541, 1046, 179, 228.33, 'Reserved'),
    ('TKT-01100', 5541, 1046, 179, 228.33, 'Purchased'),
    ('TKT-01101', 5545, 1009, 302, 53.74, 'Refunded'),
    ('TKT-01102', 5545, 1009, 302, 53.74, 'Refunded'),
    ('TKT-01103', 5545, 1009, 302, 53.74, 'Purchased'),
    ('TKT-01104', 5548, 1136, 196, 8.81, 'Purchased'),
    ('TKT-01105', 5548, 1136, 196, 8.81, 'Purchased'),
    ('TKT-01106', 5548, 1136, 196, 8.81, 'Purchased'),
    ('TKT-01107', 5548, 1136, 196, 8.81, 'Purchased'),
    ('TKT-01108', 5549, 1057, 149, 68.2, 'Reserved'),
    ('TKT-01109', 5549, 1057, 149, 68.2, 'Refunded'),
    ('TKT-01110', 5549, 1057, 149, 68.2, 'Reserved'),
    ('TKT-01111', 5550, 1074, 499, 55.5, 'Reserved'),
    ('TKT-01112', 5550, 1074, 499, 55.5, 'Reserved'),
    ('TKT-01113', 5550, 1074, 499, 55.5, 'Purchased'),
    ('TKT-01114', 5552, 1173, 46, 30.27, 'Refunded'),
    ('TKT-01115', 5552, 1173, 46, 30.27, 'Reserved'),
    ('TKT-01116', 5552, 1173, 46, 30.27, 'Reserved'),
    ('TKT-01117', 5552, 1173, 46, 30.27, 'Reserved'),
    ('TKT-01118', 5552, 1173, 46, 30.27, 'Refunded'),
    ('TKT-01119', 5553, 1042, 433, 35.48, 'Purchased'),
    ('TKT-01120', 5553, 1042, 433, 35.48, 'Purchased'),
    ('TKT-01121', 5553, 1042, 433, 35.48, 'Refunded'),
    ('TKT-01122', 5553, 1042, 433, 35.48, 'Reserved'),
    ('TKT-01123', 5554, 1115, 176, 166.9, 'Purchased'),
    ('TKT-01124', 5555, 1085, 2, 22.99, 'Refunded'),
    ('TKT-01125', 5555, 1085, 2, 22.99, 'Refunded'),
    ('TKT-01126', 5555, 1085, 2, 22.99, 'Reserved'),
    ('TKT-01127', 5555, 1085, 2, 22.99, 'Purchased'),
    ('TKT-01128', 5555, 1085, 2, 22.99, 'Refunded'),
    ('TKT-01129', 5557, 1050, 82, 467.67, 'Purchased'),
    ('TKT-01130', 5558, 1154, 272, 52.16, 'Reserved'),
    ('TKT-01131', 5558, 1154, 272, 52.16, 'Reserved'),
    ('TKT-01132', 5558, 1154, 272, 52.16, 'Purchased'),
    ('TKT-01133', 5558, 1154, 272, 52.16, 'Reserved'),
    ('TKT-01134', 5558, 1154, 272, 52.16, 'Reserved'),
    ('TKT-01135', 5559, 1013, 210, 14.65, 'Refunded'),
    ('TKT-01136', 5559, 1013, 210, 14.65, 'Reserved'),
    ('TKT-01137', 5559, 1013, 210, 14.65, 'Reserved'),
    ('TKT-01138', 5559, 1013, 210, 14.65, 'Refunded'),
    ('TKT-01139', 5559, 1013, 210, 14.65, 'Refunded'),
    ('TKT-01140', 5560, 1103, 116, 20.32, 'Refunded'),
    ('TKT-01141', 5560, 1103, 116, 20.32, 'Reserved'),
    ('TKT-01142', 5560, 1103, 116, 20.32, 'Reserved'),
    ('TKT-01143', 5560, 1103, 116, 20.32, 'Purchased'),
    ('TKT-01144', 5561, 1062, 372, 63.32, 'Reserved'),
    ('TKT-01145', 5561, 1062, 372, 63.32, 'Purchased'),
    ('TKT-01146', 5561, 1062, 372, 63.32, 'Purchased'),
    ('TKT-01147', 5561, 1062, 372, 63.32, 'Refunded'),
    ('TKT-01148', 5561, 1062, 372, 63.32, 'Refunded'),
    ('TKT-01149', 5562, 1057, 314, 64.57, 'Purchased'),
    ('TKT-01150', 5562, 1057, 314, 64.57, 'Refunded'),
    ('TKT-01151', 5562, 1057, 314, 64.57, 'Purchased'),
    ('TKT-01152', 5562, 1057, 314, 64.57, 'Purchased'),
    ('TKT-01153', 5562, 1057, 314, 64.57, 'Purchased'),
    ('TKT-01154', 5563, 1008, 183, 64.59, 'Purchased'),
    ('TKT-01155', 5563, 1008, 183, 64.59, 'Refunded'),
    ('TKT-01156', 5563, 1008, 183, 64.59, 'Purchased'),
    ('TKT-01157', 5563, 1008, 183, 64.59, 'Reserved'),
    ('TKT-01158', 5563, 1008, 183, 64.59, 'Purchased'),
    ('TKT-01159', 5564, 1165, 210, 37.67, 'Refunded'),
    ('TKT-01160', 5564, 1165, 210, 37.67, 'Purchased'),
    ('TKT-01161', 5564, 1165, 210, 37.67, 'Purchased'),
    ('TKT-01162', 5564, 1165, 210, 37.67, 'Purchased'),
    ('TKT-01163', 5566, 1014, 85, 66.72, 'Reserved'),
    ('TKT-01164', 5566, 1014, 85, 66.72, 'Reserved'),
    ('TKT-01165', 5566, 1014, 85, 66.72, 'Refunded'),
    ('TKT-01166', 5567, 1058, 158, 57.68, 'Purchased'),
    ('TKT-01167', 5567, 1058, 158, 57.68, 'Reserved'),
    ('TKT-01168', 5567, 1058, 158, 57.68, 'Reserved'),
    ('TKT-01169', 5567, 1058, 158, 57.68, 'Reserved'),
    ('TKT-01170', 5567, 1058, 158, 57.68, 'Refunded'),
    ('TKT-01171', 5568, 1151, 494, 33.38, 'Refunded'),
    ('TKT-01172', 5568, 1151, 494, 33.38, 'Reserved'),
    ('TKT-01173', 5568, 1151, 494, 33.38, 'Purchased'),
    ('TKT-01174', 5568, 1151, 494, 33.38, 'Reserved'),
    ('TKT-01175', 5568, 1151, 494, 33.38, 'Refunded'),
    ('TKT-01176', 5571, 1002, 372, 50.85, 'Refunded'),
    ('TKT-01177', 5571, 1002, 372, 50.85, 'Refunded'),
    ('TKT-01178', 5571, 1002, 372, 50.85, 'Purchased'),
    ('TKT-01179', 5571, 1002, 372, 50.85, 'Refunded'),
    ('TKT-01180', 5572, 1129, 436, 6.46, 'Refunded'),
    ('TKT-01181', 5572, 1129, 436, 6.46, 'Refunded'),
    ('TKT-01182', 5572, 1129, 436, 6.46, 'Reserved'),
    ('TKT-01183', 5572, 1129, 436, 6.46, 'Purchased'),
    ('TKT-01184', 5572, 1129, 436, 6.46, 'Reserved'),
    ('TKT-01185', 5574, 1130, 54, 11.34, 'Reserved'),
    ('TKT-01186', 5574, 1130, 54, 11.34, 'Refunded'),
    ('TKT-01187', 5575, 1106, 491, 307.81, 'Reserved'),
    ('TKT-01188', 5576, 1138, 252, 82.82, 'Reserved'),
    ('TKT-01189', 5578, 1142, 274, 36.97, 'Purchased'),
    ('TKT-01190', 5578, 1142, 274, 36.97, 'Purchased'),
    ('TKT-01191', 5578, 1142, 274, 36.97, 'Purchased'),
    ('TKT-01192', 5579, 1012, 491, 60.86, 'Purchased'),
    ('TKT-01193', 5579, 1012, 491, 60.86, 'Refunded'),
    ('TKT-01194', 5579, 1012, 491, 60.86, 'Reserved'),
    ('TKT-01195', 5579, 1012, 491, 60.86, 'Purchased'),
    ('TKT-01196', 5580, 1135, 185, 29.53, 'Purchased'),
    ('TKT-01197', 5580, 1135, 185, 29.53, 'Reserved'),
    ('TKT-01198', 5580, 1135, 185, 29.53, 'Reserved'),
    ('TKT-01199', 5580, 1135, 185, 29.53, 'Purchased'),
    ('TKT-01200', 5582, 1161, 197, 34.26, 'Purchased'),
    ('TKT-01201', 5582, 1161, 197, 34.26, 'Purchased'),
    ('TKT-01202', 5582, 1161, 197, 34.26, 'Purchased'),
    ('TKT-01203', 5583, 1149, 19, 38.19, 'Purchased'),
    ('TKT-01204', 5583, 1149, 19, 38.19, 'Reserved'),
    ('TKT-01205', 5583, 1149, 19, 38.19, 'Refunded'),
    ('TKT-01206', 5584, 1188, 199, 47.25, 'Purchased'),
    ('TKT-01207', 5584, 1188, 199, 47.25, 'Purchased'),
    ('TKT-01208', 5584, 1188, 199, 47.25, 'Purchased'),
    ('TKT-01209', 5584, 1188, 199, 47.25, 'Purchased'),
    ('TKT-01210', 5584, 1188, 199, 47.25, 'Purchased'),
    ('TKT-01211', 5585, 1193, 252, 82.98, 'Reserved'),
    ('TKT-01212', 5585, 1193, 252, 82.98, 'Purchased'),
    ('TKT-01213', 5586, 1013, 355, 64.08, 'Purchased'),
    ('TKT-01214', 5586, 1013, 355, 64.08, 'Reserved'),
    ('TKT-01215', 5586, 1013, 355, 64.08, 'Reserved'),
    ('TKT-01216', 5586, 1013, 355, 64.08, 'Reserved'),
    ('TKT-01217', 5586, 1013, 355, 64.08, 'Reserved'),
    ('TKT-01218', 5587, 1174, 464, 155.08, 'Purchased'),
    ('TKT-01219', 5588, 1058, 82, 54.03, 'Purchased'),
    ('TKT-01220', 5588, 1058, 82, 54.03, 'Refunded'),
    ('TKT-01221', 5588, 1058, 82, 54.03, 'Refunded'),
    ('TKT-01222', 5588, 1058, 82, 54.03, 'Refunded'),
    ('TKT-01223', 5589, 1128, 307, 240.83, 'Reserved'),
    ('TKT-01224', 5591, 1133, 85, 12.35, 'Reserved'),
    ('TKT-01225', 5591, 1133, 85, 12.35, 'Refunded'),
    ('TKT-01226', 5591, 1133, 85, 12.35, 'Purchased'),
    ('TKT-01227', 5591, 1133, 85, 12.35, 'Purchased'),
    ('TKT-01228', 5592, 1118, 216, 93.76, 'Reserved'),
    ('TKT-01229', 5592, 1118, 216, 93.76, 'Purchased'),
    ('TKT-01230', 5592, 1118, 216, 93.76, 'Refunded'),
    ('TKT-01231', 5593, 1134, 199, 97.23, 'Refunded'),
    ('TKT-01232', 5593, 1134, 199, 97.23, 'Purchased'),
    ('TKT-01233', 5593, 1134, 199, 97.23, 'Purchased'),
    ('TKT-01234', 5593, 1134, 199, 97.23, 'Purchased'),
    ('TKT-01235', 5594, 1001, 471, 276.55, 'Purchased'),
    ('TKT-01236', 5595, 1054, 421, 130.91, 'Refunded'),
    ('TKT-01237', 5596, 1008, 46, 266.06, 'Refunded'),
    ('TKT-01238', 5597, 1077, 33, 119.11, 'Refunded'),
    ('TKT-01239', 5597, 1077, 33, 119.11, 'Purchased'),
    ('TKT-01240', 5600, 1051, 196, 45.17, 'Refunded'),
    ('TKT-01241', 5600, 1051, 196, 45.17, 'Reserved'),
    ('TKT-01242', 5600, 1051, 196, 45.17, 'Reserved'),
    ('TKT-01243', 5601, 1040, 86, 139.25, 'Refunded'),
    ('TKT-01244', 5601, 1040, 86, 139.25, 'Purchased'),
    ('TKT-01245', 5602, 1072, 97, 53.13, 'Reserved'),
    ('TKT-01246', 5602, 1072, 97, 53.13, 'Refunded'),
    ('TKT-01247', 5602, 1072, 97, 53.13, 'Purchased'),
    ('TKT-01248', 5602, 1072, 97, 53.13, 'Purchased'),
    ('TKT-01249', 5603, 1169, 344, 11.86, 'Refunded'),
    ('TKT-01250', 5603, 1169, 344, 11.86, 'Purchased'),
    ('TKT-01251', 5603, 1169, 344, 11.86, 'Purchased'),
    ('TKT-01252', 5603, 1169, 344, 11.86, 'Purchased'),
    ('TKT-01253', 5603, 1169, 344, 11.86, 'Refunded'),
    ('TKT-01254', 5604, 1091, 239, 107.53, 'Purchased'),
    ('TKT-01255', 5604, 1091, 239, 107.53, 'Purchased'),
    ('TKT-01256', 5604, 1091, 239, 107.53, 'Reserved'),
    ('TKT-01257', 5604, 1091, 239, 107.53, 'Refunded'),
    ('TKT-01258', 5606, 1195, 189, 101.92, 'Refunded'),
    ('TKT-01259', 5606, 1195, 189, 101.92, 'Reserved'),
    ('TKT-01260', 5606, 1195, 189, 101.92, 'Reserved'),
    ('TKT-01261', 5606, 1195, 189, 101.92, 'Reserved'),
    ('TKT-01262', 5608, 1012, 443, 122.66, 'Reserved'),
    ('TKT-01263', 5608, 1012, 443, 122.66, 'Refunded'),
    ('TKT-01264', 5608, 1012, 443, 122.66, 'Refunded'),
    ('TKT-01265', 5609, 1050, 28, 164.69, 'Refunded'),
    ('TKT-01266', 5609, 1050, 28, 164.69, 'Reserved'),
    ('TKT-01267', 5611, 1191, 479, 77.98, 'Purchased'),
    ('TKT-01268', 5611, 1191, 479, 77.98, 'Reserved'),
    ('TKT-01269', 5611, 1191, 479, 77.98, 'Refunded'),
    ('TKT-01270', 5611, 1191, 479, 77.98, 'Refunded'),
    ('TKT-01271', 5613, 1048, 310, 61.53, 'Reserved'),
    ('TKT-01272', 5613, 1048, 310, 61.53, 'Refunded'),
    ('TKT-01273', 5613, 1048, 310, 61.53, 'Reserved'),
    ('TKT-01274', 5614, 1153, 344, 15.85, 'Purchased'),
    ('TKT-01275', 5614, 1153, 344, 15.85, 'Purchased'),
    ('TKT-01276', 5614, 1153, 344, 15.85, 'Refunded'),
    ('TKT-01277', 5614, 1153, 344, 15.85, 'Purchased'),
    ('TKT-01278', 5615, 1123, 190, 62.77, 'Refunded'),
    ('TKT-01279', 5615, 1123, 190, 62.77, 'Reserved'),
    ('TKT-01280', 5615, 1123, 190, 62.77, 'Refunded'),
    ('TKT-01281', 5616, 1008, 35, 83.89, 'Refunded'),
    ('TKT-01282', 5616, 1008, 35, 83.89, 'Refunded'),
    ('TKT-01283', 5616, 1008, 35, 83.89, 'Purchased'),
    ('TKT-01284', 5616, 1008, 35, 83.89, 'Refunded'),
    ('TKT-01285', 5617, 1161, 28, 38.89, 'Purchased'),
    ('TKT-01286', 5617, 1161, 28, 38.89, 'Reserved'),
    ('TKT-01287', 5617, 1161, 28, 38.89, 'Refunded'),
    ('TKT-01288', 5617, 1161, 28, 38.89, 'Refunded'),
    ('TKT-01289', 5617, 1161, 28, 38.89, 'Purchased'),
    ('TKT-01290', 5618, 1066, 94, 103.35, 'Reserved'),
    ('TKT-01291', 5618, 1066, 94, 103.35, 'Refunded'),
    ('TKT-01292', 5618, 1066, 94, 103.35, 'Purchased'),
    ('TKT-01293', 5619, 1189, 413, 54.88, 'Refunded'),
    ('TKT-01294', 5619, 1189, 413, 54.88, 'Refunded'),
    ('TKT-01295', 5619, 1189, 413, 54.88, 'Purchased'),
    ('TKT-01296', 5620, 1051, 29, 348.52, 'Refunded'),
    ('TKT-01297', 5623, 1167, 276, 65.39, 'Purchased'),
    ('TKT-01298', 5623, 1167, 276, 65.39, 'Reserved'),
    ('TKT-01299', 5623, 1167, 276, 65.39, 'Refunded'),
    ('TKT-01300', 5624, 1166, 248, 5.31, 'Reserved'),
    ('TKT-01301', 5624, 1166, 248, 5.31, 'Refunded'),
    ('TKT-01302', 5624, 1166, 248, 5.31, 'Refunded'),
    ('TKT-01303', 5624, 1166, 248, 5.31, 'Refunded'),
    ('TKT-01304', 5624, 1166, 248, 5.31, 'Reserved'),
    ('TKT-01305', 5626, 1074, 394, 74.37, 'Reserved'),
    ('TKT-01306', 5626, 1074, 394, 74.37, 'Reserved'),
    ('TKT-01307', 5626, 1074, 394, 74.37, 'Purchased'),
    ('TKT-01308', 5626, 1074, 394, 74.37, 'Refunded'),
    ('TKT-01309', 5626, 1074, 394, 74.37, 'Reserved'),
    ('TKT-01310', 5628, 1110, 215, 14.52, 'Purchased'),
    ('TKT-01311', 5628, 1110, 215, 14.52, 'Reserved'),
    ('TKT-01312', 5628, 1110, 215, 14.52, 'Reserved'),
    ('TKT-01313', 5628, 1110, 215, 14.52, 'Reserved'),
    ('TKT-01314', 5628, 1110, 215, 14.52, 'Purchased'),
    ('TKT-01315', 5629, 1146, 481, 238.58, 'Refunded'),
    ('TKT-01316', 5629, 1146, 481, 238.58, 'Reserved'),
    ('TKT-01317', 5630, 1104, 168, 99.89, 'Reserved'),
    ('TKT-01318', 5630, 1104, 168, 99.89, 'Reserved'),
    ('TKT-01319', 5630, 1104, 168, 99.89, 'Refunded'),
    ('TKT-01320', 5630, 1104, 168, 99.89, 'Refunded'),
    ('TKT-01321', 5630, 1104, 168, 99.89, 'Refunded'),
    ('TKT-01322', 5631, 1119, 26, 108.34, 'Reserved'),
    ('TKT-01323', 5632, 1054, 75, 21.16, 'Refunded'),
    ('TKT-01324', 5633, 1189, 204, 12.06, 'Refunded'),
    ('TKT-01325', 5633, 1189, 204, 12.06, 'Reserved'),
    ('TKT-01326', 5633, 1189, 204, 12.06, 'Reserved'),
    ('TKT-01327', 5633, 1189, 204, 12.06, 'Refunded'),
    ('TKT-01328', 5633, 1189, 204, 12.06, 'Reserved'),
    ('TKT-01329', 5634, 1135, 378, 91.86, 'Refunded'),
    ('TKT-01330', 5634, 1135, 378, 91.86, 'Reserved'),
    ('TKT-01331', 5634, 1135, 378, 91.86, 'Refunded'),
    ('TKT-01332', 5634, 1135, 378, 91.86, 'Reserved'),
    ('TKT-01333', 5637, 1047, 190, 103.23, 'Refunded'),
    ('TKT-01334', 5637, 1047, 190, 103.23, 'Purchased'),
    ('TKT-01335', 5637, 1047, 190, 103.23, 'Reserved'),
    ('TKT-01336', 5638, 1136, 457, 61.95, 'Refunded'),
    ('TKT-01337', 5638, 1136, 457, 61.95, 'Refunded'),
    ('TKT-01338', 5638, 1136, 457, 61.95, 'Reserved'),
    ('TKT-01339', 5638, 1136, 457, 61.95, 'Purchased'),
    ('TKT-01340', 5639, 1114, 493, 45.36, 'Reserved'),
    ('TKT-01341', 5639, 1114, 493, 45.36, 'Purchased'),
    ('TKT-01342', 5639, 1114, 493, 45.36, 'Purchased'),
    ('TKT-01343', 5641, 1093, 264, 47.39, 'Reserved'),
    ('TKT-01344', 5641, 1093, 264, 47.39, 'Purchased'),
    ('TKT-01345', 5641, 1093, 264, 47.39, 'Reserved'),
    ('TKT-01346', 5641, 1093, 264, 47.39, 'Refunded'),
    ('TKT-01347', 5641, 1093, 264, 47.39, 'Refunded'),
    ('TKT-01348', 5642, 1029, 471, 117.5, 'Reserved'),
    ('TKT-01349', 5642, 1029, 471, 117.5, 'Purchased'),
    ('TKT-01350', 5643, 1023, 464, 38.65, 'Purchased'),
    ('TKT-01351', 5643, 1023, 464, 38.65, 'Purchased'),
    ('TKT-01352', 5644, 1086, 19, 188.28, 'Reserved'),
    ('TKT-01353', 5644, 1086, 19, 188.28, 'Purchased'),
    ('TKT-01354', 5645, 1097, 414, 7.38, 'Reserved'),
    ('TKT-01355', 5645, 1097, 414, 7.38, 'Purchased'),
    ('TKT-01356', 5645, 1097, 414, 7.38, 'Refunded'),
    ('TKT-01357', 5646, 1028, 211, 29.29, 'Reserved'),
    ('TKT-01358', 5646, 1028, 211, 29.29, 'Reserved'),
    ('TKT-01359', 5646, 1028, 211, 29.29, 'Purchased'),
    ('TKT-01360', 5646, 1028, 211, 29.29, 'Refunded'),
    ('TKT-01361', 5646, 1028, 211, 29.29, 'Reserved'),
    ('TKT-01362', 5647, 1199, 132, 34.55, 'Refunded'),
    ('TKT-01363', 5647, 1199, 132, 34.55, 'Purchased'),
    ('TKT-01364', 5647, 1199, 132, 34.55, 'Purchased'),
    ('TKT-01365', 5649, 1150, 448, 38.66, 'Purchased'),
    ('TKT-01366', 5649, 1150, 448, 38.66, 'Refunded'),
    ('TKT-01367', 5649, 1150, 448, 38.66, 'Reserved'),
    ('TKT-01368', 5649, 1150, 448, 38.66, 'Reserved'),
    ('TKT-01369', 5649, 1150, 448, 38.66, 'Reserved'),
    ('TKT-01370', 5650, 1066, 85, 62.28, 'Refunded'),
    ('TKT-01371', 5650, 1066, 85, 62.28, 'Reserved'),
    ('TKT-01372', 5650, 1066, 85, 62.28, 'Refunded'),
    ('TKT-01373', 5650, 1066, 85, 62.28, 'Purchased'),
    ('TKT-01374', 5650, 1066, 85, 62.28, 'Reserved'),
    ('TKT-01375', 5651, 1124, 51, 130.91, 'Purchased'),
    ('TKT-01376', 5651, 1124, 51, 130.91, 'Reserved'),
    ('TKT-01377', 5651, 1124, 51, 130.91, 'Purchased'),
    ('TKT-01378', 5652, 1168, 205, 103.31, 'Reserved'),
    ('TKT-01379', 5652, 1168, 205, 103.31, 'Reserved'),
    ('TKT-01380', 5653, 1061, 82, 35.8, 'Purchased'),
    ('TKT-01381', 5653, 1061, 82, 35.8, 'Refunded'),
    ('TKT-01382', 5654, 1184, 296, 23.71, 'Refunded'),
    ('TKT-01383', 5654, 1184, 296, 23.71, 'Refunded'),
    ('TKT-01384', 5655, 1112, 479, 147.01, 'Purchased'),
    ('TKT-01385', 5655, 1112, 479, 147.01, 'Reserved'),
    ('TKT-01386', 5656, 1189, 489, 160.37, 'Refunded'),
    ('TKT-01387', 5657, 1161, 116, 96.74, 'Reserved'),
    ('TKT-01388', 5657, 1161, 116, 96.74, 'Refunded'),
    ('TKT-01389', 5657, 1161, 116, 96.74, 'Refunded'),
    ('TKT-01390', 5657, 1161, 116, 96.74, 'Reserved'),
    ('TKT-01391', 5658, 1015, 31, 29.69, 'Reserved'),
    ('TKT-01392', 5659, 1167, 94, 166.93, 'Purchased'),
    ('TKT-01393', 5660, 1175, 314, 33.99, 'Reserved'),
    ('TKT-01394', 5660, 1175, 314, 33.99, 'Refunded'),
    ('TKT-01395', 5660, 1175, 314, 33.99, 'Reserved'),
    ('TKT-01396', 5661, 1191, 413, 128.06, 'Reserved'),
    ('TKT-01397', 5661, 1191, 413, 128.06, 'Refunded'),
    ('TKT-01398', 5662, 1009, 49, 121.16, 'Purchased'),
    ('TKT-01399', 5662, 1009, 49, 121.16, 'Reserved'),
    ('TKT-01400', 5662, 1009, 49, 121.16, 'Purchased'),
    ('TKT-01401', 5665, 1112, 7, 105.56, 'Refunded'),
    ('TKT-01402', 5665, 1112, 7, 105.56, 'Purchased'),
    ('TKT-01403', 5665, 1112, 7, 105.56, 'Reserved'),
    ('TKT-01404', 5666, 1046, 139, 141.03, 'Refunded'),
    ('TKT-01405', 5666, 1046, 139, 141.03, 'Refunded'),
    ('TKT-01406', 5666, 1046, 139, 141.03, 'Purchased'),
    ('TKT-01407', 5669, 1019, 222, 16.08, 'Reserved'),
    ('TKT-01408', 5669, 1019, 222, 16.08, 'Purchased'),
    ('TKT-01409', 5669, 1019, 222, 16.08, 'Refunded'),
    ('TKT-01410', 5669, 1019, 222, 16.08, 'Purchased'),
    ('TKT-01411', 5670, 1074, 89, 11.29, 'Refunded'),
    ('TKT-01412', 5670, 1074, 89, 11.29, 'Refunded'),
    ('TKT-01413', 5670, 1074, 89, 11.29, 'Refunded'),
    ('TKT-01414', 5670, 1074, 89, 11.29, 'Purchased'),
    ('TKT-01415', 5670, 1074, 89, 11.29, 'Refunded'),
    ('TKT-01416', 5672, 1163, 448, 12.99, 'Refunded'),
    ('TKT-01417', 5672, 1163, 448, 12.99, 'Reserved'),
    ('TKT-01418', 5672, 1163, 448, 12.99, 'Reserved'),
    ('TKT-01419', 5672, 1163, 448, 12.99, 'Purchased'),
    ('TKT-01420', 5673, 1189, 40, 45.26, 'Reserved'),
    ('TKT-01421', 5673, 1189, 40, 45.26, 'Reserved'),
    ('TKT-01422', 5673, 1189, 40, 45.26, 'Refunded'),
    ('TKT-01423', 5673, 1189, 40, 45.26, 'Reserved'),
    ('TKT-01424', 5673, 1189, 40, 45.26, 'Purchased'),
    ('TKT-01425', 5674, 1188, 76, 9.6, 'Purchased'),
    ('TKT-01426', 5674, 1188, 76, 9.6, 'Refunded'),
    ('TKT-01427', 5674, 1188, 76, 9.6, 'Reserved'),
    ('TKT-01428', 5675, 1086, 365, 76.06, 'Refunded'),
    ('TKT-01429', 5675, 1086, 365, 76.06, 'Refunded'),
    ('TKT-01430', 5675, 1086, 365, 76.06, 'Purchased'),
    ('TKT-01431', 5675, 1086, 365, 76.06, 'Reserved'),
    ('TKT-01432', 5676, 1046, 220, 21.08, 'Reserved'),
    ('TKT-01433', 5676, 1046, 220, 21.08, 'Purchased'),
    ('TKT-01434', 5676, 1046, 220, 21.08, 'Reserved'),
    ('TKT-01435', 5677, 1094, 210, 155.95, 'Purchased'),
    ('TKT-01436', 5677, 1094, 210, 155.95, 'Reserved'),
    ('TKT-01437', 5678, 1010, 344, 38.86, 'Reserved'),
    ('TKT-01438', 5678, 1010, 344, 38.86, 'Refunded'),
    ('TKT-01439', 5678, 1010, 344, 38.86, 'Reserved'),
    ('TKT-01440', 5678, 1010, 344, 38.86, 'Purchased'),
    ('TKT-01441', 5678, 1010, 344, 38.86, 'Reserved'),
    ('TKT-01442', 5679, 1142, 464, 42.15, 'Purchased'),
    ('TKT-01443', 5679, 1142, 464, 42.15, 'Reserved'),
    ('TKT-01444', 5679, 1142, 464, 42.15, 'Purchased'),
    ('TKT-01445', 5679, 1142, 464, 42.15, 'Purchased'),
    ('TKT-01446', 5679, 1142, 464, 42.15, 'Refunded'),
    ('TKT-01447', 5681, 1182, 378, 63.48, 'Purchased'),
    ('TKT-01448', 5681, 1182, 378, 63.48, 'Reserved'),
    ('TKT-01449', 5682, 1086, 26, 99.29, 'Reserved'),
    ('TKT-01450', 5682, 1086, 26, 99.29, 'Reserved'),
    ('TKT-01451', 5682, 1086, 26, 99.29, 'Purchased'),
    ('TKT-01452', 5682, 1086, 26, 99.29, 'Reserved'),
    ('TKT-01453', 5684, 1135, 179, 23.9, 'Reserved'),
    ('TKT-01454', 5684, 1135, 179, 23.9, 'Reserved'),
    ('TKT-01455', 5684, 1135, 179, 23.9, 'Refunded'),
    ('TKT-01456', 5684, 1135, 179, 23.9, 'Refunded'),
    ('TKT-01457', 5684, 1135, 179, 23.9, 'Purchased'),
    ('TKT-01458', 5685, 1125, 89, 46.39, 'Purchased'),
    ('TKT-01459', 5686, 1077, 106, 115.81, 'Reserved'),
    ('TKT-01460', 5686, 1077, 106, 115.81, 'Refunded'),
    ('TKT-01461', 5687, 1072, 190, 27.85, 'Purchased'),
    ('TKT-01462', 5687, 1072, 190, 27.85, 'Reserved'),
    ('TKT-01463', 5687, 1072, 190, 27.85, 'Refunded'),
    ('TKT-01464', 5687, 1072, 190, 27.85, 'Purchased'),
    ('TKT-01465', 5688, 1042, 105, 214.11, 'Reserved'),
    ('TKT-01466', 5689, 1107, 344, 50.39, 'Purchased'),
    ('TKT-01467', 5689, 1107, 344, 50.39, 'Purchased'),
    ('TKT-01468', 5689, 1107, 344, 50.39, 'Refunded'),
    ('TKT-01469', 5689, 1107, 344, 50.39, 'Purchased'),
    ('TKT-01470', 5690, 1117, 499, 239.19, 'Purchased'),
    ('TKT-01471', 5690, 1117, 499, 239.19, 'Purchased'),
    ('TKT-01472', 5691, 1195, 291, 31.61, 'Refunded'),
    ('TKT-01473', 5691, 1195, 291, 31.61, 'Refunded'),
    ('TKT-01474', 5694, 1106, 222, 200.38, 'Purchased'),
    ('TKT-01475', 5695, 1168, 378, 443.76, 'Refunded'),
    ('TKT-01476', 5696, 1137, 119, 24.6, 'Refunded'),
    ('TKT-01477', 5696, 1137, 119, 24.6, 'Reserved'),
    ('TKT-01478', 5696, 1137, 119, 24.6, 'Refunded'),
    ('TKT-01479', 5696, 1137, 119, 24.6, 'Refunded'),
    ('TKT-01480', 5696, 1137, 119, 24.6, 'Refunded'),
    ('TKT-01481', 5697, 1076, 89, 81.51, 'Purchased'),
    ('TKT-01482', 5697, 1076, 89, 81.51, 'Purchased'),
    ('TKT-01483', 5697, 1076, 89, 81.51, 'Purchased'),
    ('TKT-01484', 5697, 1076, 89, 81.51, 'Reserved'),
    ('TKT-01485', 5697, 1076, 89, 81.51, 'Refunded'),
    ('TKT-01486', 5698, 1114, 122, 145.22, 'Purchased'),
    ('TKT-01487', 5699, 1008, 205, 7.86, 'Reserved'),
    ('TKT-01488', 5699, 1008, 205, 7.86, 'Refunded'),
    ('TKT-01489', 5699, 1008, 205, 7.86, 'Purchased'),
    ('TKT-01490', 5699, 1008, 205, 7.86, 'Refunded'),
    ('TKT-01491', 5703, 1161, 158, 83.19, 'Purchased'),
    ('TKT-01492', 5703, 1161, 158, 83.19, 'Purchased'),
    ('TKT-01493', 5703, 1161, 158, 83.19, 'Purchased'),
    ('TKT-01494', 5703, 1161, 158, 83.19, 'Refunded'),
    ('TKT-01495', 5704, 1072, 198, 86.0, 'Purchased'),
    ('TKT-01496', 5704, 1072, 198, 86.0, 'Refunded'),
    ('TKT-01497', 5704, 1072, 198, 86.0, 'Refunded'),
    ('TKT-01498', 5704, 1072, 198, 86.0, 'Purchased'),
    ('TKT-01499', 5705, 1101, 264, 212.97, 'Refunded'),
    ('TKT-01500', 5705, 1101, 264, 212.97, 'Purchased'),
    ('TKT-01501', 5706, 1042, 105, 25.45, 'Reserved'),
    ('TKT-01502', 5706, 1042, 105, 25.45, 'Reserved'),
    ('TKT-01503', 5707, 1079, 327, 60.36, 'Purchased'),
    ('TKT-01504', 5707, 1079, 327, 60.36, 'Refunded'),
    ('TKT-01505', 5707, 1079, 327, 60.36, 'Purchased'),
    ('TKT-01506', 5708, 1052, 394, 95.76, 'Reserved'),
    ('TKT-01507', 5710, 1167, 212, 78.16, 'Reserved'),
    ('TKT-01508', 5710, 1167, 212, 78.16, 'Reserved'),
    ('TKT-01509', 5710, 1167, 212, 78.16, 'Refunded'),
    ('TKT-01510', 5710, 1167, 212, 78.16, 'Refunded'),
    ('TKT-01511', 5710, 1167, 212, 78.16, 'Refunded'),
    ('TKT-01512', 5711, 1147, 190, 184.33, 'Purchased'),
    ('TKT-01513', 5712, 1063, 54, 110.88, 'Refunded'),
    ('TKT-01514', 5712, 1063, 54, 110.88, 'Refunded'),
    ('TKT-01515', 5712, 1063, 54, 110.88, 'Refunded'),
    ('TKT-01516', 5714, 1181, 28, 105.11, 'Purchased'),
    ('TKT-01517', 5714, 1181, 28, 105.11, 'Refunded'),
    ('TKT-01518', 5714, 1181, 28, 105.11, 'Purchased'),
    ('TKT-01519', 5714, 1181, 28, 105.11, 'Refunded'),
    ('TKT-01520', 5715, 1050, 471, 107.75, 'Refunded'),
    ('TKT-01521', 5715, 1050, 471, 107.75, 'Reserved'),
    ('TKT-01522', 5715, 1050, 471, 107.75, 'Reserved'),
    ('TKT-01523', 5715, 1050, 471, 107.75, 'Refunded'),
    ('TKT-01524', 5718, 1078, 149, 113.66, 'Purchased'),
    ('TKT-01525', 5718, 1078, 149, 113.66, 'Reserved'),
    ('TKT-01526', 5718, 1078, 149, 113.66, 'Refunded'),
    ('TKT-01527', 5719, 1176, 97, 208.5, 'Reserved'),
    ('TKT-01528', 5719, 1176, 97, 208.5, 'Refunded'),
    ('TKT-01529', 5722, 1158, 115, 92.78, 'Purchased'),
    ('TKT-01530', 5722, 1158, 115, 92.78, 'Reserved'),
    ('TKT-01531', 5722, 1158, 115, 92.78, 'Reserved'),
    ('TKT-01532', 5722, 1158, 115, 92.78, 'Refunded'),
    ('TKT-01533', 5722, 1158, 115, 92.78, 'Reserved'),
    ('TKT-01534', 5723, 1119, 491, 38.43, 'Refunded'),
    ('TKT-01535', 5723, 1119, 491, 38.43, 'Refunded'),
    ('TKT-01536', 5724, 1052, 200, 16.36, 'Refunded'),
    ('TKT-01537', 5724, 1052, 200, 16.36, 'Refunded'),
    ('TKT-01538', 5724, 1052, 200, 16.36, 'Refunded'),
    ('TKT-01539', 5724, 1052, 200, 16.36, 'Purchased'),
    ('TKT-01540', 5724, 1052, 200, 16.36, 'Refunded'),
    ('TKT-01541', 5725, 1001, 405, 69.42, 'Reserved'),
    ('TKT-01542', 5725, 1001, 405, 69.42, 'Reserved'),
    ('TKT-01543', 5725, 1001, 405, 69.42, 'Refunded'),
    ('TKT-01544', 5725, 1001, 405, 69.42, 'Purchased'),
    ('TKT-01545', 5726, 1085, 189, 195.5, 'Reserved'),
    ('TKT-01546', 5726, 1085, 189, 195.5, 'Refunded'),
    ('TKT-01547', 5727, 1084, 499, 63.89, 'Purchased'),
    ('TKT-01548', 5727, 1084, 499, 63.89, 'Reserved'),
    ('TKT-01549', 5727, 1084, 499, 63.89, 'Reserved'),
    ('TKT-01550', 5727, 1084, 499, 63.89, 'Refunded'),
    ('TKT-01551', 5728, 1066, 485, 64.17, 'Reserved'),
    ('TKT-01552', 5728, 1066, 485, 64.17, 'Purchased'),
    ('TKT-01553', 5728, 1066, 485, 64.17, 'Reserved'),
    ('TKT-01554', 5728, 1066, 485, 64.17, 'Purchased'),
    ('TKT-01555', 5728, 1066, 485, 64.17, 'Refunded'),
    ('TKT-01556', 5729, 1072, 335, 122.03, 'Reserved'),
    ('TKT-01557', 5729, 1072, 335, 122.03, 'Reserved'),
    ('TKT-01558', 5729, 1072, 335, 122.03, 'Purchased'),
    ('TKT-01559', 5729, 1072, 335, 122.03, 'Reserved'),
    ('TKT-01560', 5730, 1094, 19, 99.42, 'Purchased'),
    ('TKT-01561', 5730, 1094, 19, 99.42, 'Purchased'),
    ('TKT-01562', 5730, 1094, 19, 99.42, 'Reserved'),
    ('TKT-01563', 5730, 1094, 19, 99.42, 'Purchased'),
    ('TKT-01564', 5730, 1094, 19, 99.42, 'Refunded'),
    ('TKT-01565', 5731, 1187, 347, 67.91, 'Refunded'),
    ('TKT-01566', 5731, 1187, 347, 67.91, 'Reserved'),
    ('TKT-01567', 5731, 1187, 347, 67.91, 'Reserved'),
    ('TKT-01568', 5731, 1187, 347, 67.91, 'Refunded'),
    ('TKT-01569', 5732, 1117, 347, 87.55, 'Reserved'),
    ('TKT-01570', 5732, 1117, 347, 87.55, 'Refunded'),
    ('TKT-01571', 5732, 1117, 347, 87.55, 'Purchased'),
    ('TKT-01572', 5732, 1117, 347, 87.55, 'Purchased'),
    ('TKT-01573', 5734, 1189, 386, 175.91, 'Reserved'),
    ('TKT-01574', 5734, 1189, 386, 175.91, 'Purchased'),
    ('TKT-01575', 5736, 1148, 155, 131.3, 'Purchased'),
    ('TKT-01576', 5737, 1059, 386, 24.94, 'Reserved'),
    ('TKT-01577', 5737, 1059, 386, 24.94, 'Reserved'),
    ('TKT-01578', 5738, 1040, 204, 27.65, 'Reserved'),
    ('TKT-01579', 5738, 1040, 204, 27.65, 'Reserved'),
    ('TKT-01580', 5738, 1040, 204, 27.65, 'Reserved'),
    ('TKT-01581', 5738, 1040, 204, 27.65, 'Purchased'),
    ('TKT-01582', 5738, 1040, 204, 27.65, 'Refunded'),
    ('TKT-01583', 5741, 1004, 443, 44.39, 'Reserved'),
    ('TKT-01584', 5741, 1004, 443, 44.39, 'Purchased'),
    ('TKT-01585', 5741, 1004, 443, 44.39, 'Refunded'),
    ('TKT-01586', 5743, 1187, 40, 19.12, 'Refunded'),
    ('TKT-01587', 5743, 1187, 40, 19.12, 'Refunded'),
    ('TKT-01588', 5743, 1187, 40, 19.12, 'Purchased'),
    ('TKT-01589', 5746, 1041, 262, 274.17, 'Refunded'),
    ('TKT-01590', 5748, 1002, 113, 103.46, 'Purchased'),
    ('TKT-01591', 5748, 1002, 113, 103.46, 'Reserved'),
    ('TKT-01592', 5748, 1002, 113, 103.46, 'Refunded'),
    ('TKT-01593', 5748, 1002, 113, 103.46, 'Refunded'),
    ('TKT-01594', 5751, 1135, 422, 43.48, 'Refunded'),
    ('TKT-01595', 5751, 1135, 422, 43.48, 'Purchased'),
    ('TKT-01596', 5751, 1135, 422, 43.48, 'Refunded'),
    ('TKT-01597', 5752, 1181, 372, 413.14, 'Reserved'),
    ('TKT-01598', 5755, 1150, 75, 97.24, 'Purchased'),
    ('TKT-01599', 5755, 1150, 75, 97.24, 'Refunded'),
    ('TKT-01600', 5755, 1150, 75, 97.24, 'Reserved'),
    ('TKT-01601', 5757, 1028, 278, 439.59, 'Refunded'),
    ('TKT-01602', 5758, 1159, 239, 115.78, 'Reserved'),
    ('TKT-01603', 5758, 1159, 239, 115.78, 'Refunded'),
    ('TKT-01604', 5758, 1159, 239, 115.78, 'Reserved'),
    ('TKT-01605', 5758, 1159, 239, 115.78, 'Refunded'),
    ('TKT-01606', 5759, 1058, 240, 90.56, 'Reserved'),
    ('TKT-01607', 5759, 1058, 240, 90.56, 'Refunded'),
    ('TKT-01608', 5759, 1058, 240, 90.56, 'Purchased'),
    ('TKT-01609', 5759, 1058, 240, 90.56, 'Purchased'),
    ('TKT-01610', 5760, 1012, 287, 115.17, 'Refunded'),
    ('TKT-01611', 5760, 1012, 287, 115.17, 'Purchased'),
    ('TKT-01612', 5760, 1012, 287, 115.17, 'Purchased'),
    ('TKT-01613', 5762, 1171, 449, 91.11, 'Reserved'),
    ('TKT-01614', 5762, 1171, 449, 91.11, 'Reserved'),
    ('TKT-01615', 5762, 1171, 449, 91.11, 'Purchased'),
    ('TKT-01616', 5762, 1171, 449, 91.11, 'Refunded'),
    ('TKT-01617', 5762, 1171, 449, 91.11, 'Reserved'),
    ('TKT-01618', 5763, 1034, 141, 61.3, 'Purchased'),
    ('TKT-01619', 5763, 1034, 141, 61.3, 'Reserved'),
    ('TKT-01620', 5763, 1034, 141, 61.3, 'Reserved'),
    ('TKT-01621', 5763, 1034, 141, 61.3, 'Refunded'),
    ('TKT-01622', 5763, 1034, 141, 61.3, 'Reserved'),
    ('TKT-01623', 5764, 1110, 37, 247.85, 'Reserved'),
    ('TKT-01624', 5764, 1110, 37, 247.85, 'Purchased'),
    ('TKT-01625', 5765, 1119, 126, 15.46, 'Reserved'),
    ('TKT-01626', 5765, 1119, 126, 15.46, 'Reserved'),
    ('TKT-01627', 5767, 1063, 126, 94.91, 'Reserved'),
    ('TKT-01628', 5767, 1063, 126, 94.91, 'Reserved'),
    ('TKT-01629', 5767, 1063, 126, 94.91, 'Reserved'),
    ('TKT-01630', 5767, 1063, 126, 94.91, 'Refunded'),
    ('TKT-01631', 5767, 1063, 126, 94.91, 'Refunded'),
    ('TKT-01632', 5768, 1179, 239, 247.88, 'Purchased'),
    ('TKT-01633', 5769, 1193, 252, 55.69, 'Reserved'),
    ('TKT-01634', 5769, 1193, 252, 55.69, 'Reserved'),
    ('TKT-01635', 5769, 1193, 252, 55.69, 'Refunded'),
    ('TKT-01636', 5770, 1016, 246, 82.83, 'Reserved'),
    ('TKT-01637', 5770, 1016, 246, 82.83, 'Reserved'),
    ('TKT-01638', 5770, 1016, 246, 82.83, 'Purchased'),
    ('TKT-01639', 5770, 1016, 246, 82.83, 'Refunded'),
    ('TKT-01640', 5770, 1016, 246, 82.83, 'Reserved'),
    ('TKT-01641', 5771, 1154, 392, 110.43, 'Purchased'),
    ('TKT-01642', 5771, 1154, 392, 110.43, 'Purchased'),
    ('TKT-01643', 5771, 1154, 392, 110.43, 'Reserved'),
    ('TKT-01644', 5772, 1187, 139, 33.43, 'Reserved'),
    ('TKT-01645', 5772, 1187, 139, 33.43, 'Purchased'),
    ('TKT-01646', 5772, 1187, 139, 33.43, 'Refunded'),
    ('TKT-01647', 5772, 1187, 139, 33.43, 'Reserved'),
    ('TKT-01648', 5772, 1187, 139, 33.43, 'Purchased'),
    ('TKT-01649', 5773, 1138, 349, 410.25, 'Purchased'),
    ('TKT-01650', 5774, 1120, 264, 72.25, 'Refunded'),
    ('TKT-01651', 5774, 1120, 264, 72.25, 'Reserved'),
    ('TKT-01652', 5774, 1120, 264, 72.25, 'Reserved'),
    ('TKT-01653', 5775, 1004, 105, 108.53, 'Reserved'),
    ('TKT-01654', 5775, 1004, 105, 108.53, 'Purchased'),
    ('TKT-01655', 5775, 1004, 105, 108.53, 'Refunded'),
    ('TKT-01656', 5776, 1113, 92, 49.19, 'Purchased'),
    ('TKT-01657', 5776, 1113, 92, 49.19, 'Purchased'),
    ('TKT-01658', 5776, 1113, 92, 49.19, 'Purchased'),
    ('TKT-01659', 5776, 1113, 92, 49.19, 'Refunded'),
    ('TKT-01660', 5777, 1078, 222, 84.88, 'Refunded'),
    ('TKT-01661', 5777, 1078, 222, 84.88, 'Refunded'),
    ('TKT-01662', 5777, 1078, 222, 84.88, 'Reserved'),
    ('TKT-01663', 5777, 1078, 222, 84.88, 'Purchased'),
    ('TKT-01664', 5778, 1172, 214, 79.1, 'Reserved'),
    ('TKT-01665', 5778, 1172, 214, 79.1, 'Reserved'),
    ('TKT-01666', 5778, 1172, 214, 79.1, 'Purchased'),
    ('TKT-01667', 5779, 1003, 152, 48.66, 'Purchased'),
    ('TKT-01668', 5779, 1003, 152, 48.66, 'Refunded'),
    ('TKT-01669', 5779, 1003, 152, 48.66, 'Refunded'),
    ('TKT-01670', 5779, 1003, 152, 48.66, 'Refunded'),
    ('TKT-01671', 5780, 1081, 222, 499.9, 'Purchased'),
    ('TKT-01672', 5781, 1187, 414, 123.89, 'Reserved'),
    ('TKT-01673', 5781, 1187, 414, 123.89, 'Purchased'),
    ('TKT-01674', 5781, 1187, 414, 123.89, 'Reserved'),
    ('TKT-01675', 5782, 1086, 496, 157.4, 'Refunded'),
    ('TKT-01676', 5782, 1086, 496, 157.4, 'Refunded'),
    ('TKT-01677', 5784, 1190, 313, 109.59, 'Purchased'),
    ('TKT-01678', 5784, 1190, 313, 109.59, 'Reserved'),
    ('TKT-01679', 5784, 1190, 313, 109.59, 'Purchased'),
    ('TKT-01680', 5784, 1190, 313, 109.59, 'Reserved'),
    ('TKT-01681', 5785, 1182, 139, 37.33, 'Reserved'),
    ('TKT-01682', 5785, 1182, 139, 37.33, 'Reserved'),
    ('TKT-01683', 5787, 1094, 407, 9.81, 'Reserved'),
    ('TKT-01684', 5787, 1094, 407, 9.81, 'Purchased'),
    ('TKT-01685', 5787, 1094, 407, 9.81, 'Refunded'),
    ('TKT-01686', 5787, 1094, 407, 9.81, 'Purchased'),
    ('TKT-01687', 5787, 1094, 407, 9.81, 'Refunded'),
    ('TKT-01688', 5789, 1106, 349, 24.86, 'Purchased'),
    ('TKT-01689', 5790, 1200, 248, 53.22, 'Reserved'),
    ('TKT-01690', 5790, 1200, 248, 53.22, 'Purchased'),
    ('TKT-01691', 5791, 1128, 67, 242.43, 'Reserved'),
    ('TKT-01692', 5792, 1128, 113, 72.27, 'Purchased'),
    ('TKT-01693', 5792, 1128, 113, 72.27, 'Reserved'),
    ('TKT-01694', 5792, 1128, 113, 72.27, 'Refunded'),
    ('TKT-01695', 5792, 1128, 113, 72.27, 'Refunded'),
    ('TKT-01696', 5793, 1176, 97, 352.73, 'Refunded'),
    ('TKT-01697', 5794, 1062, 82, 14.24, 'Refunded'),
    ('TKT-01698', 5794, 1062, 82, 14.24, 'Refunded'),
    ('TKT-01699', 5794, 1062, 82, 14.24, 'Purchased'),
    ('TKT-01700', 5795, 1171, 97, 139.21, 'Refunded'),
    ('TKT-01701', 5795, 1171, 97, 139.21, 'Refunded'),
    ('TKT-01702', 5797, 1163, 158, 225.05, 'Reserved'),
    ('TKT-01703', 5797, 1163, 158, 225.05, 'Purchased'),
    ('TKT-01704', 5798, 1175, 458, 22.89, 'Reserved'),
    ('TKT-01705', 5798, 1175, 458, 22.89, 'Purchased'),
    ('TKT-01706', 5798, 1175, 458, 22.89, 'Reserved'),
    ('TKT-01707', 5798, 1175, 458, 22.89, 'Purchased'),
    ('TKT-01708', 5799, 1118, 37, 42.05, 'Refunded'),
    ('TKT-01709', 5799, 1118, 37, 42.05, 'Purchased'),
    ('TKT-01710', 5799, 1118, 37, 42.05, 'Purchased'),
    ('TKT-01711', 5799, 1118, 37, 42.05, 'Purchased'),
    ('TKT-01712', 5802, 1064, 170, 256.46, 'Purchased'),
    ('TKT-01713', 5804, 1188, 299, 445.84, 'Purchased'),
    ('TKT-01714', 5805, 1108, 373, 68.62, 'Reserved'),
    ('TKT-01715', 5805, 1108, 373, 68.62, 'Reserved'),
    ('TKT-01716', 5805, 1108, 373, 68.62, 'Reserved'),
    ('TKT-01717', 5807, 1120, 233, 36.05, 'Purchased'),
    ('TKT-01718', 5807, 1120, 233, 36.05, 'Reserved'),
    ('TKT-01719', 5807, 1120, 233, 36.05, 'Reserved'),
    ('TKT-01720', 5807, 1120, 233, 36.05, 'Refunded'),
    ('TKT-01721', 5807, 1120, 233, 36.05, 'Refunded'),
    ('TKT-01722', 5809, 1181, 203, 73.83, 'Refunded'),
    ('TKT-01723', 5809, 1181, 203, 73.83, 'Purchased'),
    ('TKT-01724', 5809, 1181, 203, 73.83, 'Purchased'),
    ('TKT-01725', 5810, 1159, 212, 309.1, 'Reserved'),
    ('TKT-01726', 5812, 1066, 214, 142.82, 'Reserved'),
    ('TKT-01727', 5812, 1066, 214, 142.82, 'Reserved'),
    ('TKT-01728', 5813, 1183, 198, 55.33, 'Refunded'),
    ('TKT-01729', 5813, 1183, 198, 55.33, 'Purchased'),
    ('TKT-01730', 5813, 1183, 198, 55.33, 'Refunded'),
    ('TKT-01731', 5813, 1183, 198, 55.33, 'Refunded'),
    ('TKT-01732', 5813, 1183, 198, 55.33, 'Reserved'),
    ('TKT-01733', 5814, 1169, 79, 287.86, 'Purchased'),
    ('TKT-01734', 5815, 1018, 100, 86.25, 'Purchased'),
    ('TKT-01735', 5815, 1018, 100, 86.25, 'Refunded'),
    ('TKT-01736', 5815, 1018, 100, 86.25, 'Refunded'),
    ('TKT-01737', 5816, 1085, 54, 85.8, 'Refunded'),
    ('TKT-01738', 5816, 1085, 54, 85.8, 'Reserved'),
    ('TKT-01739', 5816, 1085, 54, 85.8, 'Purchased'),
    ('TKT-01740', 5817, 1075, 139, 93.38, 'Reserved'),
    ('TKT-01741', 5817, 1075, 139, 93.38, 'Reserved'),
    ('TKT-01742', 5817, 1075, 139, 93.38, 'Reserved'),
    ('TKT-01743', 5817, 1075, 139, 93.38, 'Refunded'),
    ('TKT-01744', 5817, 1075, 139, 93.38, 'Refunded'),
    ('TKT-01745', 5819, 1003, 12, 122.71, 'Reserved'),
    ('TKT-01746', 5819, 1003, 12, 122.71, 'Refunded'),
    ('TKT-01747', 5819, 1003, 12, 122.71, 'Reserved'),
    ('TKT-01748', 5821, 1041, 331, 181.59, 'Refunded'),
    ('TKT-01749', 5821, 1041, 331, 181.59, 'Purchased'),
    ('TKT-01750', 5822, 1170, 49, 201.3, 'Purchased'),
    ('TKT-01751', 5822, 1170, 49, 201.3, 'Refunded'),
    ('TKT-01752', 5823, 1138, 32, 52.48, 'Refunded'),
    ('TKT-01753', 5823, 1138, 32, 52.48, 'Refunded'),
    ('TKT-01754', 5823, 1138, 32, 52.48, 'Refunded'),
    ('TKT-01755', 5823, 1138, 32, 52.48, 'Refunded'),
    ('TKT-01756', 5824, 1033, 241, 50.02, 'Reserved'),
    ('TKT-01757', 5824, 1033, 241, 50.02, 'Reserved'),
    ('TKT-01758', 5824, 1033, 241, 50.02, 'Refunded'),
    ('TKT-01759', 5824, 1033, 241, 50.02, 'Reserved'),
    ('TKT-01760', 5826, 1053, 445, 96.77, 'Refunded'),
    ('TKT-01761', 5826, 1053, 445, 96.77, 'Purchased'),
    ('TKT-01762', 5826, 1053, 445, 96.77, 'Purchased'),
    ('TKT-01763', 5827, 1188, 230, 118.05, 'Refunded'),
    ('TKT-01764', 5827, 1188, 230, 118.05, 'Reserved'),
    ('TKT-01765', 5827, 1188, 230, 118.05, 'Purchased'),
    ('TKT-01766', 5828, 1007, 75, 41.6, 'Purchased'),
    ('TKT-01767', 5828, 1007, 75, 41.6, 'Refunded'),
    ('TKT-01768', 5828, 1007, 75, 41.6, 'Reserved'),
    ('TKT-01769', 5829, 1062, 113, 158.07, 'Purchased'),
    ('TKT-01770', 5829, 1062, 113, 158.07, 'Reserved'),
    ('TKT-01771', 5829, 1062, 113, 158.07, 'Reserved'),
    ('TKT-01772', 5830, 1063, 239, 12.94, 'Refunded'),
    ('TKT-01773', 5830, 1063, 239, 12.94, 'Refunded'),
    ('TKT-01774', 5830, 1063, 239, 12.94, 'Reserved'),
    ('TKT-01775', 5830, 1063, 239, 12.94, 'Reserved'),
    ('TKT-01776', 5830, 1063, 239, 12.94, 'Purchased'),
    ('TKT-01777', 5831, 1135, 473, 74.94, 'Refunded'),
    ('TKT-01778', 5831, 1135, 473, 74.94, 'Purchased'),
    ('TKT-01779', 5831, 1135, 473, 74.94, 'Purchased'),
    ('TKT-01780', 5831, 1135, 473, 74.94, 'Refunded'),
    ('TKT-01781', 5832, 1157, 276, 214.16, 'Purchased'),
    ('TKT-01782', 5832, 1157, 276, 214.16, 'Purchased'),
    ('TKT-01783', 5833, 1092, 183, 34.98, 'Refunded'),
    ('TKT-01784', 5833, 1092, 183, 34.98, 'Refunded'),
    ('TKT-01785', 5833, 1092, 183, 34.98, 'Reserved'),
    ('TKT-01786', 5833, 1092, 183, 34.98, 'Purchased'),
    ('TKT-01787', 5834, 1132, 299, 123.97, 'Reserved'),
    ('TKT-01788', 5834, 1132, 299, 123.97, 'Refunded'),
    ('TKT-01789', 5836, 1014, 205, 22.52, 'Reserved'),
    ('TKT-01790', 5836, 1014, 205, 22.52, 'Refunded'),
    ('TKT-01791', 5836, 1014, 205, 22.52, 'Purchased'),
    ('TKT-01792', 5836, 1014, 205, 22.52, 'Purchased'),
    ('TKT-01793', 5836, 1014, 205, 22.52, 'Purchased'),
    ('TKT-01794', 5837, 1130, 27, 24.83, 'Purchased'),
    ('TKT-01795', 5837, 1130, 27, 24.83, 'Reserved'),
    ('TKT-01796', 5837, 1130, 27, 24.83, 'Reserved'),
    ('TKT-01797', 5837, 1130, 27, 24.83, 'Reserved'),
    ('TKT-01798', 5837, 1130, 27, 24.83, 'Refunded'),
    ('TKT-01799', 5838, 1117, 92, 57.18, 'Reserved'),
    ('TKT-01800', 5838, 1117, 92, 57.18, 'Refunded'),
    ('TKT-01801', 5838, 1117, 92, 57.18, 'Reserved'),
    ('TKT-01802', 5838, 1117, 92, 57.18, 'Refunded'),
    ('TKT-01803', 5841, 1181, 158, 20.22, 'Refunded'),
    ('TKT-01804', 5841, 1181, 158, 20.22, 'Refunded'),
    ('TKT-01805', 5841, 1181, 158, 20.22, 'Reserved'),
    ('TKT-01806', 5841, 1181, 158, 20.22, 'Reserved'),
    ('TKT-01807', 5841, 1181, 158, 20.22, 'Refunded'),
    ('TKT-01808', 5843, 1165, 92, 262.18, 'Reserved'),
    ('TKT-01809', 5844, 1030, 465, 19.06, 'Reserved'),
    ('TKT-01810', 5844, 1030, 465, 19.06, 'Refunded'),
    ('TKT-01811', 5844, 1030, 465, 19.06, 'Refunded'),
    ('TKT-01812', 5844, 1030, 465, 19.06, 'Purchased'),
    ('TKT-01813', 5844, 1030, 465, 19.06, 'Purchased'),
    ('TKT-01814', 5845, 1192, 355, 30.65, 'Refunded'),
    ('TKT-01815', 5845, 1192, 355, 30.65, 'Reserved'),
    ('TKT-01816', 5845, 1192, 355, 30.65, 'Purchased'),
    ('TKT-01817', 5845, 1192, 355, 30.65, 'Refunded'),
    ('TKT-01818', 5846, 1072, 494, 76.65, 'Purchased'),
    ('TKT-01819', 5846, 1072, 494, 76.65, 'Refunded'),
    ('TKT-01820', 5846, 1072, 494, 76.65, 'Refunded'),
    ('TKT-01821', 5846, 1072, 494, 76.65, 'Refunded'),
    ('TKT-01822', 5847, 1124, 27, 79.97, 'Purchased'),
    ('TKT-01823', 5847, 1124, 27, 79.97, 'Purchased'),
    ('TKT-01824', 5847, 1124, 27, 79.97, 'Purchased'),
    ('TKT-01825', 5848, 1013, 252, 84.96, 'Purchased'),
    ('TKT-01826', 5848, 1013, 252, 84.96, 'Reserved'),
    ('TKT-01827', 5852, 1137, 414, 174.29, 'Reserved'),
    ('TKT-01828', 5852, 1137, 414, 174.29, 'Purchased'),
    ('TKT-01829', 5853, 1058, 277, 78.08, 'Refunded'),
    ('TKT-01830', 5853, 1058, 277, 78.08, 'Refunded'),
    ('TKT-01831', 5853, 1058, 277, 78.08, 'Purchased'),
    ('TKT-01832', 5855, 1052, 264, 188.31, 'Refunded'),
    ('TKT-01833', 5855, 1052, 264, 188.31, 'Refunded'),
    ('TKT-01834', 5856, 1135, 7, 180.87, 'Reserved'),
    ('TKT-01835', 5857, 1176, 491, 31.17, 'Refunded'),
    ('TKT-01836', 5857, 1176, 491, 31.17, 'Refunded'),
    ('TKT-01837', 5857, 1176, 491, 31.17, 'Refunded'),
    ('TKT-01838', 5857, 1176, 491, 31.17, 'Refunded'),
    ('TKT-01839', 5858, 1198, 118, 92.06, 'Refunded'),
    ('TKT-01840', 5858, 1198, 118, 92.06, 'Reserved'),
    ('TKT-01841', 5859, 1008, 387, 171.98, 'Reserved'),
    ('TKT-01842', 5860, 1138, 288, 210.78, 'Refunded'),
    ('TKT-01843', 5860, 1138, 288, 210.78, 'Reserved'),
    ('TKT-01844', 5862, 1078, 387, 291.49, 'Purchased'),
    ('TKT-01845', 5863, 1163, 465, 109.18, 'Purchased'),
    ('TKT-01846', 5864, 1135, 141, 414.66, 'Reserved'),
    ('TKT-01847', 5865, 1029, 155, 74.56, 'Reserved'),
    ('TKT-01848', 5865, 1029, 155, 74.56, 'Refunded'),
    ('TKT-01849', 5865, 1029, 155, 74.56, 'Reserved'),
    ('TKT-01850', 5865, 1029, 155, 74.56, 'Reserved'),
    ('TKT-01851', 5866, 1095, 97, 96.58, 'Reserved'),
    ('TKT-01852', 5866, 1095, 97, 96.58, 'Refunded'),
    ('TKT-01853', 5867, 1071, 166, 175.63, 'Refunded'),
    ('TKT-01854', 5867, 1071, 166, 175.63, 'Purchased'),
    ('TKT-01855', 5868, 1176, 331, 138.48, 'Refunded'),
    ('TKT-01856', 5868, 1176, 331, 138.48, 'Reserved'),
    ('TKT-01857', 5870, 1018, 85, 74.01, 'Reserved'),
    ('TKT-01858', 5870, 1018, 85, 74.01, 'Reserved'),
    ('TKT-01859', 5870, 1018, 85, 74.01, 'Purchased'),
    ('TKT-01860', 5870, 1018, 85, 74.01, 'Purchased'),
    ('TKT-01861', 5870, 1018, 85, 74.01, 'Reserved'),
    ('TKT-01862', 5872, 1101, 94, 26.25, 'Refunded'),
    ('TKT-01863', 5872, 1101, 94, 26.25, 'Reserved'),
    ('TKT-01864', 5872, 1101, 94, 26.25, 'Refunded'),
    ('TKT-01865', 5872, 1101, 94, 26.25, 'Purchased'),
    ('TKT-01866', 5873, 1038, 5, 72.11, 'Refunded'),
    ('TKT-01867', 5873, 1038, 5, 72.11, 'Refunded'),
    ('TKT-01868', 5873, 1038, 5, 72.11, 'Reserved'),
    ('TKT-01869', 5873, 1038, 5, 72.11, 'Reserved'),
    ('TKT-01870', 5874, 1002, 190, 35.53, 'Refunded'),
    ('TKT-01871', 5874, 1002, 190, 35.53, 'Purchased'),
    ('TKT-01872', 5874, 1002, 190, 35.53, 'Reserved'),
    ('TKT-01873', 5874, 1002, 190, 35.53, 'Refunded'),
    ('TKT-01874', 5874, 1002, 190, 35.53, 'Reserved'),
    ('TKT-01875', 5875, 1028, 203, 63.36, 'Purchased'),
    ('TKT-01876', 5875, 1028, 203, 63.36, 'Purchased'),
    ('TKT-01877', 5875, 1028, 203, 63.36, 'Purchased'),
    ('TKT-01878', 5875, 1028, 203, 63.36, 'Purchased'),
    ('TKT-01879', 5878, 1023, 276, 216.04, 'Purchased'),
    ('TKT-01880', 5880, 1007, 465, 212.19, 'Refunded'),
    ('TKT-01881', 5880, 1007, 465, 212.19, 'Purchased'),
    ('TKT-01882', 5884, 1012, 394, 12.81, 'Reserved'),
    ('TKT-01883', 5884, 1012, 394, 12.81, 'Refunded'),
    ('TKT-01884', 5884, 1012, 394, 12.81, 'Purchased'),
    ('TKT-01885', 5884, 1012, 394, 12.81, 'Reserved'),
    ('TKT-01886', 5889, 1003, 7, 97.37, 'Reserved'),
    ('TKT-01887', 5890, 1043, 473, 83.56, 'Reserved'),
    ('TKT-01888', 5890, 1043, 473, 83.56, 'Refunded'),
    ('TKT-01889', 5890, 1043, 473, 83.56, 'Refunded'),
    ('TKT-01890', 5890, 1043, 473, 83.56, 'Refunded'),
    ('TKT-01891', 5891, 1087, 211, 77.48, 'Purchased'),
    ('TKT-01892', 5891, 1087, 211, 77.48, 'Reserved'),
    ('TKT-01893', 5891, 1087, 211, 77.48, 'Reserved'),
    ('TKT-01894', 5891, 1087, 211, 77.48, 'Purchased'),
    ('TKT-01895', 5891, 1087, 211, 77.48, 'Reserved'),
    ('TKT-01896', 5892, 1159, 215, 456.77, 'Refunded'),
    ('TKT-01897', 5893, 1173, 445, 120.25, 'Purchased'),
    ('TKT-01898', 5893, 1173, 445, 120.25, 'Purchased'),
    ('TKT-01899', 5893, 1173, 445, 120.25, 'Refunded'),
    ('TKT-01900', 5894, 1144, 440, 84.45, 'Purchased'),
    ('TKT-01901', 5894, 1144, 440, 84.45, 'Purchased'),
    ('TKT-01902', 5894, 1144, 440, 84.45, 'Reserved'),
    ('TKT-01903', 5894, 1144, 440, 84.45, 'Reserved'),
    ('TKT-01904', 5897, 1036, 373, 128.48, 'Refunded'),
    ('TKT-01905', 5897, 1036, 373, 128.48, 'Purchased'),
    ('TKT-01906', 5897, 1036, 373, 128.48, 'Reserved'),
    ('TKT-01907', 5898, 1138, 202, 342.7, 'Refunded'),
    ('TKT-01908', 5899, 1124, 296, 72.52, 'Reserved'),
    ('TKT-01909', 5899, 1124, 296, 72.52, 'Purchased'),
    ('TKT-01910', 5899, 1124, 296, 72.52, 'Refunded'),
    ('TKT-01911', 5899, 1124, 296, 72.52, 'Reserved'),
    ('TKT-01912', 5899, 1124, 296, 72.52, 'Reserved'),
    ('TKT-01913', 5900, 1079, 360, 9.83, 'Purchased'),
    ('TKT-01914', 5900, 1079, 360, 9.83, 'Refunded'),
    ('TKT-01915', 5900, 1079, 360, 9.83, 'Reserved'),
    ('TKT-01916', 5900, 1079, 360, 9.83, 'Refunded'),
    ('TKT-01917', 5900, 1079, 360, 9.83, 'Reserved'),
    ('TKT-01918', 5902, 1118, 422, 445.35, 'Purchased'),
    ('TKT-01919', 5903, 1086, 401, 44.29, 'Reserved'),
    ('TKT-01920', 5903, 1086, 401, 44.29, 'Reserved'),
    ('TKT-01921', 5903, 1086, 401, 44.29, 'Purchased'),
    ('TKT-01922', 5903, 1086, 401, 44.29, 'Reserved'),
    ('TKT-01923', 5903, 1086, 401, 44.29, 'Refunded'),
    ('TKT-01924', 5904, 1180, 155, 88.0, 'Purchased'),
    ('TKT-01925', 5904, 1180, 155, 88.0, 'Purchased'),
    ('TKT-01926', 5907, 1189, 205, 42.63, 'Refunded'),
    ('TKT-01927', 5907, 1189, 205, 42.63, 'Reserved'),
    ('TKT-01928', 5907, 1189, 205, 42.63, 'Purchased'),
    ('TKT-01929', 5907, 1189, 205, 42.63, 'Purchased'),
    ('TKT-01930', 5907, 1189, 205, 42.63, 'Reserved'),
    ('TKT-01931', 5909, 1087, 222, 64.91, 'Purchased'),
    ('TKT-01932', 5909, 1087, 222, 64.91, 'Refunded'),
    ('TKT-01933', 5909, 1087, 222, 64.91, 'Reserved'),
    ('TKT-01934', 5909, 1087, 222, 64.91, 'Refunded'),
    ('TKT-01935', 5909, 1087, 222, 64.91, 'Purchased'),
    ('TKT-01936', 5911, 1084, 277, 176.34, 'Purchased'),
    ('TKT-01937', 5911, 1084, 277, 176.34, 'Purchased'),
    ('TKT-01938', 5912, 1183, 481, 204.94, 'Refunded'),
    ('TKT-01939', 5912, 1183, 481, 204.94, 'Purchased'),
    ('TKT-01940', 5913, 1124, 139, 79.16, 'Purchased'),
    ('TKT-01941', 5913, 1124, 139, 79.16, 'Purchased'),
    ('TKT-01942', 5913, 1124, 139, 79.16, 'Refunded'),
    ('TKT-01943', 5914, 1132, 190, 13.56, 'Reserved'),
    ('TKT-01944', 5914, 1132, 190, 13.56, 'Reserved'),
    ('TKT-01945', 5918, 1074, 371, 26.66, 'Purchased'),
    ('TKT-01946', 5918, 1074, 371, 26.66, 'Refunded'),
    ('TKT-01947', 5918, 1074, 371, 26.66, 'Reserved'),
    ('TKT-01948', 5918, 1074, 371, 26.66, 'Refunded'),
    ('TKT-01949', 5920, 1145, 494, 20.36, 'Purchased'),
    ('TKT-01950', 5920, 1145, 494, 20.36, 'Purchased'),
    ('TKT-01951', 5920, 1145, 494, 20.36, 'Reserved'),
    ('TKT-01952', 5920, 1145, 494, 20.36, 'Purchased'),
    ('TKT-01953', 5920, 1145, 494, 20.36, 'Reserved'),
    ('TKT-01954', 5921, 1126, 85, 69.04, 'Purchased'),
    ('TKT-01955', 5921, 1126, 85, 69.04, 'Reserved'),
    ('TKT-01956', 5921, 1126, 85, 69.04, 'Refunded'),
    ('TKT-01957', 5921, 1126, 85, 69.04, 'Refunded'),
    ('TKT-01958', 5921, 1126, 85, 69.04, 'Refunded'),
    ('TKT-01959', 5923, 1153, 372, 63.07, 'Refunded'),
    ('TKT-01960', 5923, 1153, 372, 63.07, 'Reserved'),
    ('TKT-01961', 5923, 1153, 372, 63.07, 'Refunded'),
    ('TKT-01962', 5923, 1153, 372, 63.07, 'Reserved'),
    ('TKT-01963', 5925, 1184, 212, 159.78, 'Refunded'),
    ('TKT-01964', 5925, 1184, 212, 159.78, 'Purchased'),
    ('TKT-01965', 5926, 1065, 203, 27.59, 'Purchased'),
    ('TKT-01966', 5926, 1065, 203, 27.59, 'Purchased'),
    ('TKT-01967', 5926, 1065, 203, 27.59, 'Reserved'),
    ('TKT-01968', 5926, 1065, 203, 27.59, 'Refunded'),
    ('TKT-01969', 5927, 1156, 67, 44.77, 'Refunded'),
    ('TKT-01970', 5927, 1156, 67, 44.77, 'Refunded'),
    ('TKT-01971', 5927, 1156, 67, 44.77, 'Reserved'),
    ('TKT-01972', 5928, 1090, 242, 412.39, 'Purchased'),
    ('TKT-01973', 5931, 1188, 241, 287.19, 'Purchased'),
    ('TKT-01974', 5933, 1092, 465, 208.13, 'Reserved'),
    ('TKT-01975', 5934, 1101, 183, 13.65, 'Reserved'),
    ('TKT-01976', 5934, 1101, 183, 13.65, 'Reserved'),
    ('TKT-01977', 5934, 1101, 183, 13.65, 'Purchased'),
    ('TKT-01978', 5934, 1101, 183, 13.65, 'Reserved'),
    ('TKT-01979', 5935, 1144, 239, 6.78, 'Reserved'),
    ('TKT-01980', 5935, 1144, 239, 6.78, 'Refunded'),
    ('TKT-01981', 5935, 1144, 239, 6.78, 'Refunded'),
    ('TKT-01982', 5935, 1144, 239, 6.78, 'Refunded'),
    ('TKT-01983', 5937, 1099, 106, 16.12, 'Purchased'),
    ('TKT-01984', 5937, 1099, 106, 16.12, 'Refunded'),
    ('TKT-01985', 5937, 1099, 106, 16.12, 'Purchased'),
    ('TKT-01986', 5937, 1099, 106, 16.12, 'Refunded'),
    ('TKT-01987', 5939, 1153, 139, 419.23, 'Refunded'),
    ('TKT-01988', 5940, 1074, 222, 96.34, 'Refunded'),
    ('TKT-01989', 5940, 1074, 222, 96.34, 'Purchased'),
    ('TKT-01990', 5940, 1074, 222, 96.34, 'Purchased'),
    ('TKT-01991', 5940, 1074, 222, 96.34, 'Purchased'),
    ('TKT-01992', 5940, 1074, 222, 96.34, 'Purchased'),
    ('TKT-01993', 5941, 1167, 373, 81.42, 'Refunded'),
    ('TKT-01994', 5941, 1167, 373, 81.42, 'Refunded'),
    ('TKT-01995', 5941, 1167, 373, 81.42, 'Refunded'),
    ('TKT-01996', 5941, 1167, 373, 81.42, 'Refunded'),
    ('TKT-01997', 5942, 1123, 213, 29.82, 'Refunded'),
    ('TKT-01998', 5942, 1123, 213, 29.82, 'Refunded'),
    ('TKT-01999', 5944, 1094, 139, 97.2, 'Refunded'),
    ('TKT-02000', 5944, 1094, 139, 97.2, 'Refunded'),
    ('TKT-02001', 5944, 1094, 139, 97.2, 'Reserved'),
    ('TKT-02002', 5945, 1129, 40, 81.59, 'Refunded'),
    ('TKT-02003', 5945, 1129, 40, 81.59, 'Purchased'),
    ('TKT-02004', 5947, 1092, 397, 149.44, 'Reserved'),
    ('TKT-02005', 5947, 1092, 397, 149.44, 'Refunded'),
    ('TKT-02006', 5947, 1092, 397, 149.44, 'Reserved'),
    ('TKT-02007', 5948, 1146, 273, 38.8, 'Reserved'),
    ('TKT-02008', 5948, 1146, 273, 38.8, 'Reserved'),
    ('TKT-02009', 5948, 1146, 273, 38.8, 'Reserved'),
    ('TKT-02010', 5948, 1146, 273, 38.8, 'Refunded'),
    ('TKT-02011', 5948, 1146, 273, 38.8, 'Refunded'),
    ('TKT-02012', 5950, 1035, 481, 119.03, 'Refunded'),
    ('TKT-02013', 5950, 1035, 481, 119.03, 'Refunded'),
    ('TKT-02014', 5950, 1035, 481, 119.03, 'Reserved'),
    ('TKT-02015', 5951, 1145, 205, 69.88, 'Reserved'),
    ('TKT-02016', 5951, 1145, 205, 69.88, 'Refunded'),
    ('TKT-02017', 5953, 1163, 155, 46.94, 'Purchased'),
    ('TKT-02018', 5953, 1163, 155, 46.94, 'Purchased'),
    ('TKT-02019', 5953, 1163, 155, 46.94, 'Reserved'),
    ('TKT-02020', 5954, 1164, 197, 134.93, 'Refunded'),
    ('TKT-02021', 5954, 1164, 197, 134.93, 'Purchased'),
    ('TKT-02022', 5954, 1164, 197, 134.93, 'Refunded'),
    ('TKT-02023', 5955, 1185, 383, 82.67, 'Reserved'),
    ('TKT-02024', 5955, 1185, 383, 82.67, 'Refunded'),
    ('TKT-02025', 5955, 1185, 383, 82.67, 'Refunded'),
    ('TKT-02026', 5956, 1087, 449, 48.02, 'Refunded'),
    ('TKT-02027', 5956, 1087, 449, 48.02, 'Purchased'),
    ('TKT-02028', 5956, 1087, 449, 48.02, 'Reserved'),
    ('TKT-02029', 5956, 1087, 449, 48.02, 'Purchased'),
    ('TKT-02030', 5956, 1087, 449, 48.02, 'Purchased'),
    ('TKT-02031', 5958, 1163, 386, 33.29, 'Reserved'),
    ('TKT-02032', 5958, 1163, 386, 33.29, 'Purchased'),
    ('TKT-02033', 5958, 1163, 386, 33.29, 'Refunded'),
    ('TKT-02034', 5958, 1163, 386, 33.29, 'Purchased'),
    ('TKT-02035', 5958, 1163, 386, 33.29, 'Purchased'),
    ('TKT-02036', 5959, 1074, 49, 44.41, 'Refunded'),
    ('TKT-02037', 5959, 1074, 49, 44.41, 'Refunded'),
    ('TKT-02038', 5959, 1074, 49, 44.41, 'Refunded'),
    ('TKT-02039', 5959, 1074, 49, 44.41, 'Reserved'),
    ('TKT-02040', 5959, 1074, 49, 44.41, 'Purchased'),
    ('TKT-02041', 5960, 1138, 347, 69.31, 'Refunded'),
    ('TKT-02042', 5960, 1138, 347, 69.31, 'Reserved'),
    ('TKT-02043', 5960, 1138, 347, 69.31, 'Purchased'),
    ('TKT-02044', 5960, 1138, 347, 69.31, 'Purchased'),
    ('TKT-02045', 5961, 1001, 168, 150.99, 'Refunded'),
    ('TKT-02046', 5961, 1001, 168, 150.99, 'Reserved'),
    ('TKT-02047', 5961, 1001, 168, 150.99, 'Purchased'),
    ('TKT-02048', 5966, 1135, 216, 14.4, 'Refunded'),
    ('TKT-02049', 5966, 1135, 216, 14.4, 'Purchased'),
    ('TKT-02050', 5966, 1135, 216, 14.4, 'Refunded'),
    ('TKT-02051', 5967, 1061, 179, 30.35, 'Purchased'),
    ('TKT-02052', 5967, 1061, 179, 30.35, 'Refunded'),
    ('TKT-02053', 5968, 1038, 113, 17.86, 'Refunded'),
    ('TKT-02054', 5968, 1038, 113, 17.86, 'Refunded'),
    ('TKT-02055', 5968, 1038, 113, 17.86, 'Refunded'),
    ('TKT-02056', 5968, 1038, 113, 17.86, 'Refunded'),
    ('TKT-02057', 5968, 1038, 113, 17.86, 'Reserved'),
    ('TKT-02058', 5969, 1079, 183, 29.88, 'Refunded'),
    ('TKT-02059', 5969, 1079, 183, 29.88, 'Reserved'),
    ('TKT-02060', 5969, 1079, 183, 29.88, 'Reserved'),
    ('TKT-02061', 5969, 1079, 183, 29.88, 'Purchased'),
    ('TKT-02062', 5969, 1079, 183, 29.88, 'Purchased'),
    ('TKT-02063', 5970, 1144, 80, 47.66, 'Reserved'),
    ('TKT-02064', 5970, 1144, 80, 47.66, 'Purchased'),
    ('TKT-02065', 5970, 1144, 80, 47.66, 'Reserved'),
    ('TKT-02066', 5970, 1144, 80, 47.66, 'Refunded'),
    ('TKT-02067', 5971, 1124, 203, 114.76, 'Reserved'),
    ('TKT-02068', 5971, 1124, 203, 114.76, 'Refunded'),
    ('TKT-02069', 5971, 1124, 203, 114.76, 'Refunded'),
    ('TKT-02070', 5971, 1124, 203, 114.76, 'Reserved'),
    ('TKT-02071', 5973, 1188, 214, 222.03, 'Purchased'),
    ('TKT-02072', 5974, 1053, 116, 107.23, 'Refunded'),
    ('TKT-02073', 5974, 1053, 116, 107.23, 'Reserved'),
    ('TKT-02074', 5975, 1196, 113, 19.95, 'Purchased'),
    ('TKT-02075', 5975, 1196, 113, 19.95, 'Reserved'),
    ('TKT-02076', 5975, 1196, 113, 19.95, 'Purchased'),
    ('TKT-02077', 5975, 1196, 113, 19.95, 'Reserved'),
    ('TKT-02078', 5975, 1196, 113, 19.95, 'Purchased'),
    ('TKT-02079', 5977, 1072, 67, 97.75, 'Refunded'),
    ('TKT-02080', 5977, 1072, 67, 97.75, 'Purchased'),
    ('TKT-02081', 5978, 1148, 158, 194.61, 'Refunded'),
    ('TKT-02082', 5978, 1148, 158, 194.61, 'Reserved'),
    ('TKT-02083', 5979, 1188, 264, 62.59, 'Refunded'),
    ('TKT-02084', 5979, 1188, 264, 62.59, 'Reserved'),
    ('TKT-02085', 5979, 1188, 264, 62.59, 'Refunded'),
    ('TKT-02086', 5979, 1188, 264, 62.59, 'Reserved'),
    ('TKT-02087', 5979, 1188, 264, 62.59, 'Purchased'),
    ('TKT-02088', 5980, 1113, 246, 62.02, 'Refunded'),
    ('TKT-02089', 5980, 1113, 246, 62.02, 'Purchased'),
    ('TKT-02090', 5981, 1048, 327, 88.99, 'Reserved'),
    ('TKT-02091', 5981, 1048, 327, 88.99, 'Reserved'),
    ('TKT-02092', 5981, 1048, 327, 88.99, 'Purchased'),
    ('TKT-02093', 5981, 1048, 327, 88.99, 'Purchased'),
    ('TKT-02094', 5981, 1048, 327, 88.99, 'Reserved'),
    ('TKT-02095', 5982, 1052, 264, 145.92, 'Reserved'),
    ('TKT-02096', 5982, 1052, 264, 145.92, 'Purchased'),
    ('TKT-02097', 5982, 1052, 264, 145.92, 'Reserved'),
    ('TKT-02098', 5983, 1065, 344, 77.95, 'Reserved'),
    ('TKT-02099', 5983, 1065, 344, 77.95, 'Reserved'),
    ('TKT-02100', 5983, 1065, 344, 77.95, 'Purchased'),
    ('TKT-02101', 5983, 1065, 344, 77.95, 'Refunded'),
    ('TKT-02102', 5983, 1065, 344, 77.95, 'Refunded'),
    ('TKT-02103', 5984, 1046, 51, 83.8, 'Purchased'),
    ('TKT-02104', 5984, 1046, 51, 83.8, 'Refunded'),
    ('TKT-02105', 5985, 1121, 422, 29.73, 'Refunded'),
    ('TKT-02106', 5985, 1121, 422, 29.73, 'Reserved'),
    ('TKT-02107', 5985, 1121, 422, 29.73, 'Reserved'),
    ('TKT-02108', 5985, 1121, 422, 29.73, 'Refunded'),
    ('TKT-02109', 5985, 1121, 422, 29.73, 'Reserved'),
    ('TKT-02110', 5987, 1104, 301, 51.89, 'Refunded'),
    ('TKT-02111', 5987, 1104, 301, 51.89, 'Purchased'),
    ('TKT-02112', 5987, 1104, 301, 51.89, 'Purchased'),
    ('TKT-02113', 5987, 1104, 301, 51.89, 'Reserved'),
    ('TKT-02114', 5988, 1009, 94, 151.5, 'Reserved'),
    ('TKT-02115', 5988, 1009, 94, 151.5, 'Purchased'),
    ('TKT-02116', 5988, 1009, 94, 151.5, 'Refunded'),
    ('TKT-02117', 5989, 1163, 29, 83.06, 'Purchased'),
    ('TKT-02118', 5990, 1054, 213, 68.65, 'Purchased'),
    ('TKT-02119', 5990, 1054, 213, 68.65, 'Purchased'),
    ('TKT-02120', 5990, 1054, 213, 68.65, 'Purchased'),
    ('TKT-02121', 5990, 1054, 213, 68.65, 'Purchased'),
    ('TKT-02122', 5990, 1054, 213, 68.65, 'Refunded'),
    ('TKT-02123', 5991, 1094, 170, 36.41, 'Refunded'),
    ('TKT-02124', 5992, 1126, 473, 121.59, 'Purchased'),
    ('TKT-02125', 5994, 1175, 118, 124.83, 'Purchased'),
    ('TKT-02126', 5994, 1175, 118, 124.83, 'Purchased'),
    ('TKT-02127', 5995, 1187, 81, 80.3, 'Refunded'),
    ('TKT-02128', 5995, 1187, 81, 80.3, 'Reserved'),
    ('TKT-02129', 5995, 1187, 81, 80.3, 'Refunded'),
    ('TKT-02130', 5995, 1187, 81, 80.3, 'Reserved'),
    ('TKT-02131', 5995, 1187, 81, 80.3, 'Refunded'),
    ('TKT-02132', 5996, 1008, 122, 66.94, 'Purchased'),
    ('TKT-02133', 5996, 1008, 122, 66.94, 'Purchased'),
    ('TKT-02134', 5996, 1008, 122, 66.94, 'Purchased'),
    ('TKT-02135', 5996, 1008, 122, 66.94, 'Purchased'),
    ('TKT-02136', 5997, 1025, 214, 16.22, 'Refunded'),
    ('TKT-02137', 5997, 1025, 214, 16.22, 'Purchased'),
    ('TKT-02138', 5997, 1025, 214, 16.22, 'Reserved'),
    ('TKT-02139', 5999, 1130, 215, 206.93, 'Reserved'),
    ('TKT-02140', 6000, 1085, 387, 114.91, 'Purchased'),
    ('TKT-02141', 6000, 1085, 387, 114.91, 'Purchased'),
    ('TKT-02142', 6000, 1085, 387, 114.91, 'Refunded'),
    ('TKT-02143', 6000, 1085, 387, 114.91, 'Reserved');

