USE eventify_db;

INSERT INTO `user` (`user_id`, `first_name`, `last_name`, `email`, `role`, `status`) VALUES
    (1, 'Michael', 'Clark', 'gomezcarlos@example.com', 'Attendee', 'Suspended'),
    (2, 'Amy', 'Preston', 'dreese@example.com', 'Organizer', 'Suspended'),
    (3, 'Elizabeth', 'Villa', 'clawson@example.org', 'Organizer', 'Suspended'),
    (4, 'Emily', 'Patterson', 'conradalex@example.org', 'Admin', 'Active'),
    (5, 'Melissa', 'Taylor', 'esanders@example.org', 'Admin', 'Active'),
    (6, 'Amber', 'Hart', 'lewisheidi@example.net', 'Attendee', 'Suspended'),
    (7, 'Brittany', 'Hicks', 'aprilbrooks@example.org', 'Organizer', 'Active'),
    (8, 'Alexis', 'Robles', 'nicolehughes@example.com', 'Organizer', 'Active'),
    (9, 'Amanda', 'Le', 'meagan12@example.com', 'Organizer', 'Active'),
    (10, 'Samuel', 'Collins', 'sheila39@example.net', 'Organizer', 'Active'),
    (11, 'Andre', 'Baird', 'nathanmyers@example.org', 'Organizer', 'Active'),
    (12, 'Karen', 'Owens', 'pmartinez@example.com', 'Organizer', 'Suspended'),
    (13, 'Scott', 'Aguilar', 'danielle10@example.org', 'Attendee', 'Suspended'),
    (14, 'Amber', 'Burns', 'megan97@example.com', 'Organizer', 'Active'),
    (15, 'Michael', 'Powell', 'amy87@example.com', 'Organizer', 'Suspended'),
    (16, 'Daniel', 'Johnson', 'mendezadam@example.com', 'Organizer', 'Suspended'),
    (17, 'Jacqueline', 'Davidson', 'kevin85@example.org', 'Admin', 'Active'),
    (18, 'Jonathan', 'Thompson', 'oliviablackburn@example.net', 'Attendee', 'Active'),
    (19, 'Lisa', 'Lang', 'hjames@example.net', 'Organizer', 'Suspended'),
    (20, 'Maurice', 'Morgan', 'gwolf@example.org', 'Organizer', 'Suspended'),
    (21, 'Robin', 'Smith', 'riveralogan@example.net', 'Attendee', 'Suspended'),
    (22, 'Linda', 'Cole', 'iward@example.org', 'Admin', 'Suspended'),
    (23, 'Crystal', 'Chavez', 'owhite@example.com', 'Organizer', 'Active'),
    (24, 'Mike', 'Obrien', 'russodavid@example.org', 'Admin', 'Suspended'),
    (25, 'Jonathan', 'Palmer', 'kristinsmith@example.com', 'Attendee', 'Active'),
    (26, 'John', 'Stone', 'jeremylucas@example.net', 'Organizer', 'Suspended'),
    (27, 'Theodore', 'Stein', 'cohensydney@example.org', 'Organizer', 'Suspended'),
    (28, 'Gregg', 'Aguirre', 'debralong@example.com', 'Attendee', 'Active'),
    (29, 'James', 'Griffin', 'robertjones@example.org', 'Attendee', 'Suspended'),
    (30, 'Tasha', 'Koch', 'molly38@example.com', 'Organizer', 'Suspended'),
    (31, 'Jim', 'Barrera', 'vanessa20@example.com', 'Organizer', 'Active'),
    (32, 'Scott', 'Woodward', 'ycooper@example.com', 'Admin', 'Active'),
    (33, 'Adam', 'Watts', 'owebb@example.com', 'Attendee', 'Suspended'),
    (34, 'Curtis', 'Rios', 'solispatrick@example.com', 'Admin', 'Active'),
    (35, 'Deborah', 'Jones', 'gregory79@example.net', 'Admin', 'Active'),
    (36, 'Gary', 'Mckay', 'scott01@example.com', 'Admin', 'Suspended'),
    (37, 'Anna', 'Lopez', 'timothygraham@example.com', 'Admin', 'Active'),
    (38, 'Destiny', 'Griffith', 'adrian32@example.org', 'Attendee', 'Suspended'),
    (39, 'Antonio', 'Cook', 'joshuamunoz@example.org', 'Attendee', 'Suspended'),
    (40, 'James', 'Coleman', 'pblake@example.org', 'Attendee', 'Active'),
    (41, 'Kevin', 'Coleman', 'hillvincent@example.net', 'Organizer', 'Suspended'),
    (42, 'Vincent', 'Hernandez', 'pamela22@example.org', 'Admin', 'Suspended'),
    (43, 'Laurie', 'Mclaughlin', 'michelle87@example.com', 'Admin', 'Active'),
    (44, 'Norma', 'Zimmerman', 'tranchad@example.org', 'Admin', 'Active'),
    (45, 'Christopher', 'Allison', 'bradleylove@example.net', 'Admin', 'Active'),
    (46, 'Amy', 'Scott', 'michael20@example.org', 'Attendee', 'Suspended'),
    (47, 'April', 'Cox', 'rogersrobert@example.org', 'Admin', 'Suspended'),
    (48, 'Christina', 'Ward', 'bluna@example.org', 'Attendee', 'Suspended'),
    (49, 'Benjamin', 'Chaney', 'dillon03@example.net', 'Attendee', 'Active'),
    (50, 'Frank', 'Daugherty', 'stacie22@example.org', 'Admin', 'Suspended');

INSERT INTO `venue` (`venue_id`, `name`, `capacity`, `address`, `city`) VALUES
    (101, 'Seguin Community Center', 14472, '627 Wilson Station', 'Seguin'),
    (102, 'San Antonio Theater', 12716, '448 Taylor Dam', 'San Antonio'),
    (103, 'Seguin Community Center', 2776, '1306 Wallace Green', 'Seguin'),
    (104, 'San Marcos Park Pavilion', 4523, '6864 Joel Run Apt. 782', 'San Marcos'),
    (105, 'New Braunfels Theater', 5513, '194 Moore Gateway', 'New Braunfels'),
    (106, 'Universal City Theater', 12741, '294 Fuller Union Suite 641', 'Universal City'),
    (107, 'Seguin Theater', 9167, '18963 Payne Shoal Suite 014', 'Seguin'),
    (108, 'New Braunfels Auditorium', 1017, '408 Phillip Island', 'New Braunfels'),
    (109, 'San Marcos Convention Hall', 5287, '95458 Hull Mountains Apt. 487', 'San Marcos'),
    (110, 'San Marcos Community Center', 14509, '4430 Justin Ville', 'San Marcos'),
    (111, 'Seguin Auditorium', 2683, '055 Hunter Cape Apt. 458', 'Seguin'),
    (112, 'Boerne Theater', 4573, '44225 Teresa Alley', 'Boerne'),
    (113, 'Boerne Auditorium', 4661, '89283 Billy Garden', 'Boerne'),
    (114, 'San Antonio Park Pavilion', 975, '574 Holt Common Apt. 904', 'San Antonio'),
    (115, 'Boerne Convention Hall', 14969, '862 Carl Mill Apt. 065', 'Boerne'),
    (116, 'Boerne Community Center', 14108, '84700 David Drives Suite 941', 'Boerne'),
    (117, 'San Marcos Theater', 12076, '822 Matthew Roads', 'San Marcos'),
    (118, 'San Antonio Auditorium', 6137, '04338 Joel Loaf', 'San Antonio'),
    (119, 'Universal City Auditorium', 2576, '875 Stewart Orchard', 'Universal City'),
    (120, 'San Marcos Community Center', 5429, '94888 Samuel Hollow Apt. 922', 'San Marcos');

INSERT INTO `category` (`category_id`, `name`) VALUES
    (1, 'Music'),
    (2, 'Tech Conference'),
    (3, 'Food Festival'),
    (4, 'Sport'),
    (5, 'Arts & Theater'),
    (6, 'Workshop'),
    (7, 'Comedy'),
    (8, 'Exhibition');

INSERT INTO `event` (`event_id`, `organizer_id`, `venue_id`, `title`, `description`, `start_time`, `end_time`, `capacity`, `status`) VALUES
    (1001, 8, 114, 'Multi-channeled encompassing data-warehouse Festival', 'Join us for Compatible contextually-based initiative, an amazing event! Experience live arts and performances.', '2026-01-06 17:58:09', '2026-01-06 20:58:09', 763, 'Draft'),
    (1002, 8, 110, 'Optional client-server service-desk Festival', 'Join us for Optimized discrete throughput, an amazing event! Explore tech with leaders and demos.', '2026-08-20 00:30:36', '2026-08-20 03:30:36', 2829, 'Draft'),
    (1003, 16, 109, 'Operative static data-warehouse Festival', 'Join us for Digitized actuating artificial intelligence, an amazing event! Whether hotel share interview view whatever worry college as effect.', '2027-09-13 02:22:36', '2027-09-13 06:22:36', 773, 'Published'),
    (1004, 15, 116, 'Pre-emptive optimal synergy Festival', 'Join us for Innovative asynchronous synergy, an amazing event! Experience live arts and performances.', '2025-09-05 12:29:33', '2025-09-05 18:29:33', 7375, 'Completed'),
    (1005, 16, 113, 'Focused well-modulated benchmark Festival', 'Join us for Versatile disintermediate process improvement, an amazing event! Explore tech with leaders and demos.', '2025-03-21 06:57:47', '2025-03-21 09:57:47', 3108, 'Completed'),
    (1006, 10, 118, 'Fully-configurable stable budgetary management Festival', 'Join us for Grass-roots bi-directional framework, an amazing event! Experience live arts and performances.', '2026-09-12 22:03:57', '2026-09-13 05:03:57', 2346, 'Draft'),
    (1007, 19, 110, 'Diverse local knowledge user Festival', 'Join us for Triple-buffered systemic project, an amazing event! Teacher suffer crime record Democrat respond style president discussion lead whole share eye.', '2026-10-29 11:13:15', '2026-10-29 13:13:15', 89, 'Canceled'),
    (1008, 26, 106, 'Programmable attitude-oriented implementation Festival', 'Join us for Monitored contextually-based secured line, an amazing event! Learn new skills hands-on.', '2025-12-07 01:56:52', '2025-12-07 07:56:52', 1604, 'Completed'),
    (1009, 8, 117, 'Compatible encompassing emulation Festival', 'Join us for Face-to-face eco-centric emulation, an amazing event! Experience live arts and performances.', '2027-05-13 09:04:22', '2027-05-13 16:04:22', 2421, 'Completed'),
    (1010, 2, 112, 'Profound didactic service-desk Festival', 'Join us for Right-sized disintermediate instruction set, an amazing event! Enjoy exciting sports activities.', '2026-05-31 04:21:37', '2026-05-31 11:21:37', 679, 'Completed'),
    (1011, 11, 120, 'Customer-focused impactful encryption Festival', 'Join us for Reduced static leverage, an amazing event! Enjoy exciting sports activities.', '2026-11-04 10:08:12', '2026-11-04 12:08:12', 3054, 'Completed'),
    (1012, 26, 114, 'Distributed human-resource collaboration Festival', 'Join us for Managed optimizing ability, an amazing event! Learn new skills hands-on.', '2026-11-22 07:32:10', '2026-11-22 11:32:10', 819, 'Completed'),
    (1013, 26, 114, 'Managed static definition Festival', 'Join us for Programmable fault-tolerant structure, an amazing event! Explore tech with leaders and demos.', '2025-07-23 22:47:28', '2025-07-24 01:47:28', 420, 'Canceled'),
    (1014, 30, 108, 'Innovative secondary standardization Festival', 'Join us for User-friendly content-based neural-net, an amazing event! Experience live arts and performances.', '2026-01-07 20:52:29', '2026-01-08 03:52:29', 77, 'Completed'),
    (1015, 14, 109, 'Intuitive zero administration approach Festival', 'Join us for Exclusive global service-desk, an amazing event! Enjoy exciting sports activities.', '2025-06-12 06:08:41', '2025-06-12 09:08:41', 1446, 'Completed'),
    (1016, 27, 105, 'Digitized bandwidth-monitored parallelism Festival', 'Join us for Sharable clear-thinking structure, an amazing event! Explore tech with leaders and demos.', '2025-10-25 02:20:01', '2025-10-25 04:20:01', 4850, 'Published'),
    (1017, 20, 119, 'Organic context-sensitive forecast Festival', 'Join us for Up-sized bottom-line strategy, an amazing event! Experience live arts and performances.', '2025-02-03 16:08:44', '2025-02-03 18:08:44', 1662, 'Draft'),
    (1018, 20, 109, 'Open-source systematic encryption Festival', 'Join us for Front-line bifurcated extranet, an amazing event! Nearly wife artist left up pretty party future past bring lawyer.', '2026-05-15 09:26:18', '2026-05-15 14:26:18', 4322, 'Completed'),
    (1019, 27, 119, 'Synergistic mission-critical forecast Festival', 'Join us for Cross-platform regional software, an amazing event! Prove as another meeting continue prepare structure rise particularly wall beautiful outside.', '2026-04-17 07:33:03', '2026-04-17 09:33:03', 1743, 'Published'),
    (1020, 3, 114, 'Sharable maximized website Festival', 'Join us for Synergistic analyzing Internet solution, an amazing event! Learn new skills hands-on.', '2025-01-13 14:44:26', '2025-01-13 21:44:26', 345, 'Published'),
    (1021, 16, 120, 'Balanced mobile intranet Festival', 'Join us for Versatile motivating ability, an amazing event! Out knowledge actually leader along term good social main reason factor voice artist.', '2025-06-17 01:50:43', '2025-06-17 05:50:43', 501, 'Canceled'),
    (1022, 20, 119, 'Cross-group encompassing forecast Festival', 'Join us for Streamlined 3rdgeneration info-mediaries, an amazing event! Learn new skills hands-on.', '2027-11-04 20:12:58', '2027-11-04 23:12:58', 1327, 'Published'),
    (1023, 27, 101, 'Networked 6thgeneration forecast Festival', 'Join us for Progressive reciprocal Internet solution, an amazing event! Experience live arts and performances.', '2027-04-26 04:12:24', '2027-04-26 07:12:24', 2878, 'Completed'),
    (1024, 8, 110, 'Exclusive multimedia task-force Festival', 'Join us for Compatible neutral algorithm, an amazing event! Star recent resource impact young decision.', '2025-03-01 15:19:47', '2025-03-01 19:19:47', 5498, 'Completed'),
    (1025, 27, 113, 'Organized asynchronous encryption Festival', 'Join us for Multi-tiered human-resource website, an amazing event! Explore tech with leaders and demos.', '2027-05-23 12:14:09', '2027-05-23 20:14:09', 317, 'Published'),
    (1026, 2, 120, 'Assimilated well-modulated concept Festival', 'Join us for Enterprise-wide intangible benchmark, an amazing event! Radio modern wear child state never through research kitchen.', '2026-09-23 10:19:28', '2026-09-23 12:19:28', 1838, 'Published'),
    (1027, 11, 108, 'Multi-channeled didactic paradigm Festival', 'Join us for Organic optimal orchestration, an amazing event! Experience live arts and performances.', '2026-06-17 00:28:21', '2026-06-17 03:28:21', 64, 'Published'),
    (1028, 41, 115, 'Object-based local hardware Festival', 'Join us for Devolved background orchestration, an amazing event! Magazine any education how audience institution sense compare for view beyond.', '2027-06-18 12:47:36', '2027-06-18 17:47:36', 1771, 'Draft'),
    (1029, 3, 101, 'Pre-emptive zero administration website Festival', 'Join us for Focused systematic capacity, an amazing event! Learn new skills hands-on.', '2026-01-16 16:34:37', '2026-01-17 00:34:37', 12804, 'Published'),
    (1030, 30, 109, 'Public-key exuding hub Festival', 'Join us for Function-based empowering task-force, an amazing event! Learn new skills hands-on.', '2026-08-14 11:16:56', '2026-08-14 19:16:56', 615, 'Draft'),
    (1031, 9, 120, 'Organized value-added application Festival', 'Join us for Reduced mobile solution, an amazing event! Enjoy exciting sports activities.', '2025-03-14 18:10:31', '2025-03-14 23:10:31', 2278, 'Completed'),
    (1032, 19, 113, 'Programmable radical approach Festival', 'Join us for Virtual bottom-line forecast, an amazing event! Taste the best local food.', '2024-12-19 11:07:58', '2024-12-19 14:07:58', 2473, 'Published'),
    (1033, 7, 115, 'Enterprise-wide uniform utilization Festival', 'Join us for Devolved real-time flexibility, an amazing event! School camera item system in cost.', '2026-12-29 17:44:40', '2026-12-30 01:44:40', 4379, 'Completed'),
    (1034, 12, 104, 'Distributed fault-tolerant strategy Festival', 'Join us for Multi-layered upward-trending moratorium, an amazing event! Taste the best local food.', '2026-08-12 08:01:20', '2026-08-12 16:01:20', 2651, 'Draft'),
    (1035, 2, 107, 'Team-oriented responsive data-warehouse Festival', 'Join us for Managed bandwidth-monitored concept, an amazing event! Experience live arts and performances.', '2024-12-30 05:34:44', '2024-12-30 09:34:44', 5401, 'Published'),
    (1036, 8, 115, 'De-engineered zero administration Internet solution Festival', 'Join us for Reactive stable help-desk, an amazing event! Explore tech with leaders and demos.', '2025-04-30 15:45:50', '2025-04-30 17:45:50', 2900, 'Canceled'),
    (1037, 2, 119, 'Managed dedicated functionalities Festival', 'Join us for Managed attitude-oriented customer loyalty, an amazing event! Behavior garden bit send environment try type bad west.', '2027-10-18 18:18:47', '2027-10-19 01:18:47', 1934, 'Published'),
    (1038, 9, 104, 'Synergistic tangible Local Area Network Festival', 'Join us for Managed asynchronous leverage, an amazing event! Customer stuff more produce choose cultural yard.', '2026-10-09 17:28:15', '2026-10-09 21:28:15', 78, 'Completed'),
    (1039, 3, 105, 'Enhanced multi-state info-mediaries Festival', 'Join us for Organized grid-enabled software, an amazing event! Taste the best local food.', '2026-12-23 14:57:38', '2026-12-23 20:57:38', 455, 'Completed'),
    (1040, 27, 110, 'Decentralized motivating attitude Festival', 'Join us for Realigned motivating capability, an amazing event! Experience live arts and performances.', '2025-08-04 13:07:33', '2025-08-04 19:07:33', 7538, 'Canceled'),
    (1041, 3, 117, 'Diverse responsive array Festival', 'Join us for Progressive 5thgeneration function, an amazing event! Learn new skills hands-on.', '2026-01-11 22:42:47', '2026-01-12 02:42:47', 3805, 'Canceled'),
    (1042, 15, 119, 'Robust object-oriented projection Festival', 'Join us for Proactive motivating groupware, an amazing event! Experience live arts and performances.', '2027-08-28 20:10:23', '2027-08-29 04:10:23', 2250, 'Published'),
    (1043, 41, 105, 'Phased multimedia hub Festival', 'Join us for Synchronized static circuit, an amazing event! Fear down course wonder design determine with four improve bar.', '2026-10-19 06:29:02', '2026-10-19 11:29:02', 3179, 'Completed'),
    (1044, 20, 116, 'Streamlined zero tolerance knowledgebase Festival', 'Join us for Compatible full-range encoding, an amazing event! Experience live arts and performances.', '2027-01-06 01:35:13', '2027-01-06 03:35:13', 7500, 'Published'),
    (1045, 20, 109, 'Persistent disintermediate function Festival', 'Join us for Extended bottom-line installation, an amazing event! Measure despite partner school finally we industry structure knowledge push prepare small view room event.', '2025-07-29 15:42:29', '2025-07-29 20:42:29', 3261, 'Draft'),
    (1046, 14, 117, 'Stand-alone full-range flexibility Festival', 'Join us for Vision-oriented intermediate infrastructure, an amazing event! Blue reduce chair after rock hard eye item particularly campaign own among girl prove mean level.', '2027-04-05 03:24:02', '2027-04-05 07:24:02', 9839, 'Canceled'),
    (1047, 31, 116, 'Balanced actuating firmware Festival', 'Join us for Re-contextualized eco-centric structure, an amazing event! Taste the best local food.', '2025-11-10 07:35:49', '2025-11-10 10:35:49', 4942, 'Completed'),
    (1048, 41, 114, 'Pre-emptive object-oriented architecture Festival', 'Join us for Customer-focused user-facing contingency, an amazing event! Spend image friend management performance end south.', '2026-01-07 03:25:58', '2026-01-07 08:25:58', 775, 'Published'),
    (1049, 12, 120, 'Seamless client-server emulation Festival', 'Join us for Synergistic intermediate interface, an amazing event! Learn new skills hands-on.', '2027-03-06 02:41:54', '2027-03-06 05:41:54', 4066, 'Canceled'),
    (1050, 19, 101, 'Horizontal object-oriented migration Festival', 'Join us for Multi-tiered modular help-desk, an amazing event! Taste the best local food.', '2027-02-21 14:04:25', '2027-02-21 16:04:25', 3529, 'Draft'),
    (1051, 31, 107, 'Sharable bandwidth-monitored hub Festival', 'Join us for Reverse-engineered intangible support, an amazing event! Experience live arts and performances.', '2027-04-10 16:38:29', '2027-04-10 22:38:29', 5967, 'Draft'),
    (1052, 7, 107, 'Reduced zero-defect alliance Festival', 'Join us for Vision-oriented bi-directional policy, an amazing event! Wonder writer church beautiful late raise court expert save billion.', '2027-03-24 06:49:13', '2027-03-24 13:49:13', 3516, 'Draft'),
    (1053, 2, 116, 'Public-key intermediate paradigm Festival', 'Join us for Versatile high-level challenge, an amazing event! Explore tech with leaders and demos.', '2024-12-06 17:35:32', '2024-12-06 22:35:32', 8937, 'Published'),
    (1054, 26, 104, 'Progressive well-modulated artificial intelligence Festival', 'Join us for Streamlined explicit data-warehouse, an amazing event! Learn new skills hands-on.', '2026-10-16 02:46:11', '2026-10-16 10:46:11', 967, 'Completed'),
    (1055, 41, 117, 'Persistent explicit Internet solution Festival', 'Join us for Profit-focused upward-trending toolset, an amazing event! Explore tech with leaders and demos.', '2026-07-24 07:17:32', '2026-07-24 12:17:32', 6205, 'Draft'),
    (1056, 19, 104, 'Fundamental logistical challenge Festival', 'Join us for Self-enabling homogeneous alliance, an amazing event! Learn new skills hands-on.', '2027-09-05 12:15:13', '2027-09-05 20:15:13', 2384, 'Completed'),
    (1057, 2, 105, 'Customizable 6thgeneration instruction set Festival', 'Join us for Polarized holistic approach, an amazing event! Enjoy food their growth sound open successful take north which determine.', '2025-07-22 19:46:43', '2025-07-23 02:46:43', 3623, 'Draft'),
    (1058, 12, 119, 'Realigned coherent portal Festival', 'Join us for Multi-channeled zero tolerance capability, an amazing event! Health probably political cup law scene tell take site prevent than discussion others choose street.', '2027-06-06 16:07:57', '2027-06-06 18:07:57', 1127, 'Completed'),
    (1059, 2, 106, 'Universal even-keeled knowledgebase Festival', 'Join us for Operative didactic implementation, an amazing event! Experience live arts and performances.', '2026-11-14 18:04:40', '2026-11-14 21:04:40', 10542, 'Canceled'),
    (1060, 10, 104, 'Organic global service-desk Festival', 'Join us for Organized optimizing access, an amazing event! Experience live arts and performances.', '2027-11-09 05:05:21', '2027-11-09 13:05:21', 2918, 'Completed'),
    (1061, 2, 103, 'Implemented cohesive service-desk Festival', 'Join us for Future-proofed real-time circuit, an amazing event! Experience live arts and performances.', '2025-12-20 23:33:23', '2025-12-21 01:33:23', 84, 'Draft'),
    (1062, 15, 113, 'Assimilated solution-oriented analyzer Festival', 'Join us for Reduced methodical workforce, an amazing event! Candidate physical dark serious exist listen deal serious talk moment reach story later certain age risk.', '2025-02-18 23:36:28', '2025-02-19 06:36:28', 1371, 'Completed'),
    (1063, 9, 103, 'Switchable modular adapter Festival', 'Join us for Cross-platform logistical ability, an amazing event! Final follow first foreign sister sense product number deal.', '2027-08-11 14:41:59', '2027-08-11 22:41:59', 327, 'Canceled'),
    (1064, 41, 104, 'Multi-channeled cohesive data-warehouse Festival', 'Join us for Balanced object-oriented capability, an amazing event! Address course social face region card fall its they require other.', '2026-10-26 05:47:29', '2026-10-26 09:47:29', 2527, 'Completed'),
    (1065, 27, 105, 'Reverse-engineered systemic infrastructure Festival', 'Join us for Optional bi-directional flexibility, an amazing event! Professor piece ability arrive tree trial form vote section may book marriage.', '2026-08-15 23:01:39', '2026-08-16 04:01:39', 2896, 'Completed'),
    (1066, 12, 112, 'Compatible mobile open system Festival', 'Join us for Programmable coherent data-warehouse, an amazing event! Enjoy exciting sports activities.', '2026-03-26 23:00:03', '2026-03-27 05:00:03', 2640, 'Draft'),
    (1067, 2, 103, 'Reverse-engineered solution-oriented help-desk Festival', 'Join us for Enhanced uniform methodology, an amazing event! Experience live arts and performances.', '2026-09-09 17:02:02', '2026-09-09 19:02:02', 98, 'Draft'),
    (1068, 8, 104, 'Mandatory analyzing secured line Festival', 'Join us for Customer-focused multimedia standardization, an amazing event! Follow property market thus little example service test.', '2025-12-06 09:30:08', '2025-12-06 11:30:08', 2643, 'Draft'),
    (1069, 15, 108, 'User-friendly multi-tasking moderator Festival', 'Join us for Intuitive transitional matrices, an amazing event! Enjoy exciting sports activities.', '2024-12-22 04:09:25', '2024-12-22 12:09:25', 374, 'Canceled'),
    (1070, 10, 110, 'Fundamental uniform toolset Festival', 'Join us for Synergized 4thgeneration ability, an amazing event! Involve citizen forward green alone who kitchen remember light nature fact take.', '2027-10-30 06:41:58', '2027-10-30 10:41:58', 8067, 'Published'),
    (1071, 11, 115, 'Optimized demand-driven matrices Festival', 'Join us for Pre-emptive attitude-oriented infrastructure, an amazing event! Experience live arts and performances.', '2025-08-27 04:12:26', '2025-08-27 10:12:26', 12814, 'Canceled'),
    (1072, 7, 114, 'Operative incremental monitoring Festival', 'Join us for Enhanced needs-based approach, an amazing event! Not democratic through certainly summer candidate wrong I glass traditional.', '2025-06-26 08:54:58', '2025-06-26 12:54:58', 666, 'Draft'),
    (1073, 41, 109, 'Extended systematic adapter Festival', 'Join us for Fully-configurable optimal matrices, an amazing event! Tree owner economy total avoid television movement mouth pay family south check claim everything partner.', '2026-01-20 16:38:19', '2026-01-21 00:38:19', 856, 'Canceled'),
    (1074, 15, 110, 'Object-based user-facing attitude Festival', 'Join us for Profound 24hour capability, an amazing event! Enjoy exciting sports activities.', '2026-06-07 00:36:31', '2026-06-07 06:36:31', 579, 'Completed'),
    (1075, 7, 112, 'Robust 24/7 application Festival', 'Join us for Multi-layered context-sensitive model, an amazing event! Enjoy exciting sports activities.', '2026-10-31 06:56:24', '2026-10-31 09:56:24', 1715, 'Completed'),
    (1076, 11, 105, 'Seamless responsive throughput Festival', 'Join us for Balanced scalable software, an amazing event! Taste the best local food.', '2025-06-11 18:58:34', '2025-06-11 22:58:34', 2870, 'Published'),
    (1077, 31, 113, 'Innovative intermediate Local Area Network Festival', 'Join us for Up-sized background capability, an amazing event! Taste the best local food.', '2026-10-14 06:47:04', '2026-10-14 11:47:04', 3774, 'Canceled'),
    (1078, 7, 110, 'Sharable encompassing infrastructure Festival', 'Join us for Organized directional function, an amazing event! Learn new skills hands-on.', '2026-01-02 15:04:26', '2026-01-02 21:04:26', 10326, 'Canceled'),
    (1079, 27, 116, 'Stand-alone high-level protocol Festival', 'Join us for Programmable value-added core, an amazing event! Learn new skills hands-on.', '2027-03-18 01:15:55', '2027-03-18 04:15:55', 10699, 'Completed'),
    (1080, 15, 118, 'Switchable object-oriented open architecture Festival', 'Join us for Open-source radical knowledgebase, an amazing event! Experience live arts and performances.', '2025-02-02 04:43:19', '2025-02-02 07:43:19', 3258, 'Draft'),
    (1081, 8, 110, 'Extended encompassing conglomeration Festival', 'Join us for Adaptive explicit policy, an amazing event! Learn new skills hands-on.', '2026-04-26 13:01:23', '2026-04-26 19:01:23', 6221, 'Canceled'),
    (1082, 23, 114, 'Function-based bi-directional moratorium Festival', 'Join us for Customer-focused bi-directional intranet, an amazing event! Rich director perform tonight pretty professor ask trip culture.', '2025-08-23 13:07:53', '2025-08-23 15:07:53', 308, 'Canceled'),
    (1083, 20, 116, 'Enhanced intermediate task-force Festival', 'Join us for Implemented multi-state budgetary management, an amazing event! Experience live arts and performances.', '2026-06-29 09:01:38', '2026-06-29 17:01:38', 2075, 'Completed'),
    (1084, 11, 114, 'Self-enabling intermediate framework Festival', 'Join us for Team-oriented mobile approach, an amazing event! Explore tech with leaders and demos.', '2027-02-09 00:31:22', '2027-02-09 08:31:22', 738, 'Draft'),
    (1085, 10, 103, 'Diverse static firmware Festival', 'Join us for Multi-channeled attitude-oriented interface, an amazing event! Explore tech with leaders and demos.', '2025-09-04 06:36:34', '2025-09-04 09:36:34', 1148, 'Canceled'),
    (1086, 3, 107, 'Balanced optimal hardware Festival', 'Join us for Visionary systemic info-mediaries, an amazing event! Compare travel better threat stop television book.', '2025-03-11 11:52:54', '2025-03-11 18:52:54', 2916, 'Canceled'),
    (1087, 12, 106, 'Fully-configurable holistic instruction set Festival', 'Join us for Multi-layered composite help-desk, an amazing event! Experience live arts and performances.', '2026-09-14 22:14:23', '2026-09-15 04:14:23', 3568, 'Published'),
    (1088, 31, 105, 'Reduced fault-tolerant Graphic Interface Festival', 'Join us for Persistent multi-tasking strategy, an amazing event! Taste the best local food.', '2027-04-27 20:38:37', '2027-04-28 00:38:37', 226, 'Canceled'),
    (1089, 12, 109, 'Reduced local strategy Festival', 'Join us for Public-key discrete function, an amazing event! Taste the best local food.', '2025-05-14 12:40:47', '2025-05-14 14:40:47', 1936, 'Completed'),
    (1090, 11, 107, 'Fully-configurable national system engine Festival', 'Join us for Multi-tiered clear-thinking array, an amazing event! Enjoy exciting sports activities.', '2026-11-30 19:10:03', '2026-12-01 02:10:03', 4794, 'Published'),
    (1091, 8, 115, 'User-centric uniform support Festival', 'Join us for Vision-oriented tangible utilization, an amazing event! Enjoy exciting sports activities.', '2025-10-03 23:57:00', '2025-10-04 01:57:00', 8529, 'Completed'),
    (1092, 14, 101, 'Reduced systemic infrastructure Festival', 'Join us for Exclusive fresh-thinking protocol, an amazing event! Degree travel center choose executive choose idea.', '2025-12-03 17:46:56', '2025-12-04 01:46:56', 6880, 'Published'),
    (1093, 9, 115, 'Persistent empowering knowledge user Festival', 'Join us for Stand-alone composite initiative, an amazing event! Experience live arts and performances.', '2025-10-15 23:56:34', '2025-10-16 03:56:34', 7732, 'Draft'),
    (1094, 10, 111, 'Fundamental content-based alliance Festival', 'Join us for Phased directional Graphical User Interface, an amazing event! Represent project fish lawyer news parent later.', '2025-01-08 00:54:28', '2025-01-08 03:54:28', 910, 'Published'),
    (1095, 11, 115, 'Advanced neutral approach Festival', 'Join us for Phased dedicated matrix, an amazing event! Enjoy exciting sports activities.', '2026-07-07 07:31:32', '2026-07-07 13:31:32', 7893, 'Draft'),
    (1096, 12, 102, 'Re-contextualized disintermediate implementation Festival', 'Join us for User-centric discrete hardware, an amazing event! Explore tech with leaders and demos.', '2027-09-25 13:00:28', '2027-09-25 21:00:28', 4939, 'Completed'),
    (1097, 26, 117, 'Devolved even-keeled software Festival', 'Join us for Assimilated system-worthy circuit, an amazing event! Taste the best local food.', '2027-08-17 14:43:25', '2027-08-17 20:43:25', 8791, 'Draft'),
    (1098, 19, 104, 'Profit-focused maximized database Festival', 'Join us for Function-based scalable software, an amazing event! Learn new skills hands-on.', '2027-07-06 12:19:32', '2027-07-06 18:19:32', 992, 'Completed'),
    (1099, 26, 116, 'Right-sized heuristic orchestration Festival', 'Join us for Fundamental full-range contingency, an amazing event! Learn new skills hands-on.', '2025-10-12 19:32:17', '2025-10-12 22:32:17', 1439, 'Completed'),
    (1100, 30, 105, 'Progressive secondary matrix Festival', 'Join us for Ameliorated directional function, an amazing event! Enjoy exciting sports activities.', '2027-11-04 12:16:33', '2027-11-04 18:16:33', 4230, 'Draft');

INSERT INTO `event_category` (`event_id`, `category_id`) VALUES
    (1001, 7),
    (1001, 8),
    (1002, 8),
    (1003, 6),
    (1004, 7),
    (1005, 3),
    (1005, 4),
    (1006, 8),
    (1007, 2),
    (1010, 4),
    (1010, 7),
    (1011, 4),
    (1011, 1),
    (1012, 8),
    (1012, 3),
    (1013, 6),
    (1013, 2),
    (1015, 5),
    (1016, 1),
    (1017, 5),
    (1019, 4),
    (1019, 2),
    (1020, 1),
    (1020, 4),
    (1022, 1),
    (1022, 2),
    (1023, 4),
    (1023, 2),
    (1024, 7),
    (1024, 1),
    (1025, 5),
    (1026, 7),
    (1027, 8),
    (1029, 4),
    (1030, 4),
    (1030, 3),
    (1032, 4),
    (1034, 7),
    (1035, 2),
    (1036, 6),
    (1037, 1),
    (1038, 4),
    (1039, 5),
    (1039, 7),
    (1040, 7),
    (1040, 4),
    (1041, 5),
    (1041, 6),
    (1042, 8),
    (1043, 1),
    (1044, 1),
    (1046, 1),
    (1046, 5),
    (1048, 4),
    (1050, 2),
    (1051, 5),
    (1051, 3),
    (1052, 4),
    (1052, 3),
    (1053, 5),
    (1054, 6),
    (1055, 6),
    (1056, 3),
    (1056, 5),
    (1057, 2),
    (1057, 8),
    (1059, 4),
    (1060, 8),
    (1060, 5),
    (1062, 4),
    (1063, 5),
    (1066, 5),
    (1067, 8),
    (1069, 6),
    (1069, 5),
    (1070, 5),
    (1071, 1),
    (1072, 4),
    (1073, 4),
    (1074, 3),
    (1076, 3),
    (1076, 7),
    (1077, 7),
    (1078, 8),
    (1079, 1),
    (1079, 4),
    (1081, 6),
    (1082, 3),
    (1083, 1),
    (1084, 8),
    (1085, 4),
    (1087, 7),
    (1088, 3),
    (1088, 7),
    (1089, 1),
    (1090, 1),
    (1090, 6),
    (1091, 7),
    (1091, 2),
    (1092, 8),
    (1093, 1),
    (1094, 2),
    (1094, 1),
    (1095, 5),
    (1097, 5),
    (1098, 1),
    (1098, 8),
    (1099, 7),
    (1099, 8),
    (1100, 5),
    (1100, 1);

INSERT INTO `orders` (`order_id`, `user_id`, `total_amount`, `order_date`, `status`) VALUES
    (5001, 49, 35.96, '2025-11-16 23:06:02', 'Refunded'),
    (5002, 33, 91.41, '2025-11-16 23:09:17', 'Pending'),
    (5003, 48, 335.18, '2025-11-16 23:06:38', 'Completed'),
    (5004, 40, 58.77, '2025-11-16 23:09:22', 'Completed'),
    (5005, 46, 49.64, '2025-11-16 23:09:25', 'Refunded'),
    (5006, 33, 74.66, '2025-11-16 23:06:00', 'Completed'),
    (5007, 46, 70.78, '2025-11-16 23:05:55', 'Completed'),
    (5008, 21, 310.63, '2025-11-16 23:08:23', 'Completed'),
    (5009, 6, 92.88, '2025-11-16 23:09:11', 'Pending'),
    (5010, 21, 235.52, '2025-11-16 23:11:13', 'Refunded'),
    (5011, 21, 480.72, '2025-11-16 23:08:05', 'Completed'),
    (5012, 13, 210.62, '2025-11-16 23:06:11', 'Refunded'),
    (5013, 39, 89.06, '2025-11-16 23:06:13', 'Refunded'),
    (5014, 39, 127.42, '2025-11-16 23:11:04', 'Refunded'),
    (5015, 29, 232.84, '2025-11-16 23:08:17', 'Completed'),
    (5016, 38, 384.14, '2025-11-16 23:10:26', 'Refunded'),
    (5017, 39, 145.8, '2025-11-16 23:09:25', 'Pending'),
    (5018, 48, 266.44, '2025-11-16 23:07:41', 'Completed'),
    (5019, 13, 442.67, '2025-11-16 23:10:33', 'Refunded'),
    (5020, 38, 460.7, '2025-11-16 23:07:46', 'Completed'),
    (5021, 6, 55.83, '2025-11-16 23:09:40', 'Pending'),
    (5022, 38, 429.03, '2025-11-16 23:06:31', 'Completed'),
    (5023, 1, 74.93, '2025-11-16 23:10:54', 'Refunded'),
    (5024, 39, 222.68, '2025-11-16 23:06:02', 'Refunded'),
    (5025, 1, 472.13, '2025-11-16 23:09:21', 'Pending'),
    (5026, 1, 481.55, '2025-11-16 23:06:55', 'Pending'),
    (5027, 38, 257.19, '2025-11-16 23:07:51', 'Completed'),
    (5028, 29, 44.73, '2025-11-16 23:06:41', 'Completed'),
    (5029, 49, 286.63, '2025-11-16 23:05:38', 'Pending'),
    (5030, 18, 436.28, '2025-11-16 23:07:50', 'Pending'),
    (5031, 33, 366.24, '2025-11-16 23:07:35', 'Refunded'),
    (5032, 25, 87.53, '2025-11-16 23:08:55', 'Completed'),
    (5033, 39, 256.8, '2025-11-16 23:09:29', 'Refunded'),
    (5034, 6, 262.53, '2025-11-16 23:05:51', 'Pending'),
    (5035, 40, 203.8, '2025-11-16 23:08:41', 'Pending'),
    (5036, 28, 76.94, '2025-11-16 23:09:49', 'Pending'),
    (5037, 40, 483.39, '2025-11-16 23:11:03', 'Refunded'),
    (5038, 18, 432.4, '2025-11-16 23:08:07', 'Refunded'),
    (5039, 39, 370.95, '2025-11-16 23:07:37', 'Completed'),
    (5040, 21, 270.98, '2025-11-16 23:06:19', 'Refunded'),
    (5041, 33, 422.75, '2025-11-16 23:09:30', 'Refunded'),
    (5042, 40, 150.97, '2025-11-16 23:06:24', 'Refunded'),
    (5043, 46, 52.43, '2025-11-16 23:08:58', 'Pending'),
    (5044, 25, 84.44, '2025-11-16 23:09:30', 'Completed'),
    (5045, 28, 120.36, '2025-11-16 23:06:13', 'Pending'),
    (5046, 48, 303.64, '2025-11-16 23:10:46', 'Refunded'),
    (5047, 28, 362.38, '2025-11-16 23:07:19', 'Completed'),
    (5048, 40, 235.39, '2025-11-16 23:06:44', 'Pending'),
    (5049, 38, 280.47, '2025-11-16 23:10:36', 'Pending'),
    (5050, 39, 35.67, '2025-11-16 23:07:55', 'Pending'),
    (5051, 13, 256.01, '2025-11-16 23:08:04', 'Pending'),
    (5052, 39, 95.32, '2025-11-16 23:10:27', 'Completed'),
    (5053, 48, 185.06, '2025-11-16 23:08:58', 'Completed'),
    (5054, 13, 234.17, '2025-11-16 23:05:32', 'Completed'),
    (5055, 1, 179.85, '2025-11-16 23:06:33', 'Refunded'),
    (5056, 21, 460.6, '2025-11-16 23:08:45', 'Pending'),
    (5057, 38, 198.71, '2025-11-16 23:11:00', 'Refunded'),
    (5058, 21, 105.25, '2025-11-16 23:09:49', 'Completed'),
    (5059, 49, 167.37, '2025-11-16 23:05:30', 'Refunded'),
    (5060, 18, 147.22, '2025-11-16 23:08:06', 'Refunded'),
    (5061, 6, 493.68, '2025-11-16 23:08:42', 'Refunded'),
    (5062, 46, 205.67, '2025-11-16 23:10:12', 'Pending'),
    (5063, 13, 485.17, '2025-11-16 23:07:53', 'Pending'),
    (5064, 25, 392.41, '2025-11-16 23:05:54', 'Refunded'),
    (5065, 28, 126.35, '2025-11-16 23:06:16', 'Pending'),
    (5066, 40, 76.71, '2025-11-16 23:09:33', 'Refunded'),
    (5067, 18, 435.42, '2025-11-16 23:08:08', 'Completed'),
    (5068, 29, 393.14, '2025-11-16 23:11:05', 'Refunded'),
    (5069, 1, 301.37, '2025-11-16 23:10:04', 'Completed'),
    (5070, 13, 182.54, '2025-11-16 23:05:53', 'Pending'),
    (5071, 49, 392.31, '2025-11-16 23:08:14', 'Completed'),
    (5072, 46, 375.74, '2025-11-16 23:05:45', 'Completed'),
    (5073, 29, 446.71, '2025-11-16 23:09:21', 'Refunded'),
    (5074, 46, 270.64, '2025-11-16 23:08:03', 'Completed'),
    (5075, 49, 96.35, '2025-11-16 23:07:42', 'Refunded'),
    (5076, 1, 114.17, '2025-11-16 23:08:44', 'Completed'),
    (5077, 33, 459.91, '2025-11-16 23:10:04', 'Completed'),
    (5078, 29, 57.49, '2025-11-16 23:08:12', 'Completed'),
    (5079, 38, 211.91, '2025-11-16 23:05:40', 'Pending'),
    (5080, 21, 363.57, '2025-11-16 23:05:33', 'Completed');

INSERT INTO `ticket` (`ticket_id`, `order_id`, `event_id`, `user_id`, `price`, `status`) VALUES
    ('TKT-00001', 5003, 1022, 48, 67.04, 'Refunded'),
    ('TKT-00002', 5003, 1022, 48, 67.04, 'Purchased'),
    ('TKT-00003', 5003, 1022, 48, 67.04, 'Purchased'),
    ('TKT-00004', 5003, 1022, 48, 67.04, 'Refunded'),
    ('TKT-00005', 5003, 1022, 48, 67.04, 'Reserved'),
    ('TKT-00006', 5004, 1084, 40, 19.59, 'Refunded'),
    ('TKT-00007', 5004, 1084, 40, 19.59, 'Refunded'),
    ('TKT-00008', 5004, 1084, 40, 19.59, 'Reserved'),
    ('TKT-00009', 5006, 1072, 33, 14.93, 'Reserved'),
    ('TKT-00010', 5006, 1072, 33, 14.93, 'Refunded'),
    ('TKT-00011', 5006, 1072, 33, 14.93, 'Purchased'),
    ('TKT-00012', 5006, 1072, 33, 14.93, 'Reserved'),
    ('TKT-00013', 5006, 1072, 33, 14.93, 'Refunded'),
    ('TKT-00014', 5007, 1029, 46, 14.16, 'Purchased'),
    ('TKT-00015', 5007, 1029, 46, 14.16, 'Refunded'),
    ('TKT-00016', 5007, 1029, 46, 14.16, 'Reserved'),
    ('TKT-00017', 5007, 1029, 46, 14.16, 'Reserved'),
    ('TKT-00018', 5007, 1029, 46, 14.16, 'Reserved'),
    ('TKT-00019', 5008, 1001, 21, 62.13, 'Reserved'),
    ('TKT-00020', 5008, 1001, 21, 62.13, 'Refunded'),
    ('TKT-00021', 5008, 1001, 21, 62.13, 'Refunded'),
    ('TKT-00022', 5008, 1001, 21, 62.13, 'Purchased'),
    ('TKT-00023', 5008, 1001, 21, 62.13, 'Refunded'),
    ('TKT-00024', 5011, 1003, 21, 480.72, 'Purchased'),
    ('TKT-00025', 5015, 1042, 29, 232.84, 'Refunded'),
    ('TKT-00026', 5018, 1005, 48, 266.44, 'Refunded'),
    ('TKT-00027', 5020, 1032, 38, 115.17, 'Refunded'),
    ('TKT-00028', 5020, 1032, 38, 115.17, 'Reserved'),
    ('TKT-00029', 5020, 1032, 38, 115.17, 'Reserved'),
    ('TKT-00030', 5020, 1032, 38, 115.17, 'Purchased'),
    ('TKT-00031', 5022, 1065, 38, 429.03, 'Purchased'),
    ('TKT-00032', 5027, 1035, 38, 51.44, 'Reserved'),
    ('TKT-00033', 5027, 1035, 38, 51.44, 'Refunded'),
    ('TKT-00034', 5027, 1035, 38, 51.44, 'Purchased'),
    ('TKT-00035', 5027, 1035, 38, 51.44, 'Refunded'),
    ('TKT-00036', 5027, 1035, 38, 51.44, 'Refunded'),
    ('TKT-00037', 5028, 1038, 29, 14.91, 'Refunded'),
    ('TKT-00038', 5028, 1038, 29, 14.91, 'Reserved'),
    ('TKT-00039', 5028, 1038, 29, 14.91, 'Purchased'),
    ('TKT-00040', 5032, 1099, 25, 43.77, 'Reserved'),
    ('TKT-00041', 5032, 1099, 25, 43.77, 'Purchased'),
    ('TKT-00042', 5039, 1008, 39, 185.47, 'Purchased'),
    ('TKT-00043', 5039, 1008, 39, 185.47, 'Refunded'),
    ('TKT-00044', 5044, 1024, 25, 28.15, 'Refunded'),
    ('TKT-00045', 5044, 1024, 25, 28.15, 'Reserved'),
    ('TKT-00046', 5044, 1024, 25, 28.15, 'Reserved'),
    ('TKT-00047', 5047, 1074, 28, 362.38, 'Reserved'),
    ('TKT-00048', 5052, 1074, 39, 23.83, 'Reserved'),
    ('TKT-00049', 5052, 1074, 39, 23.83, 'Purchased'),
    ('TKT-00050', 5052, 1074, 39, 23.83, 'Refunded'),
    ('TKT-00051', 5052, 1074, 39, 23.83, 'Purchased'),
    ('TKT-00052', 5053, 1058, 48, 61.69, 'Purchased'),
    ('TKT-00053', 5053, 1058, 48, 61.69, 'Refunded'),
    ('TKT-00054', 5053, 1058, 48, 61.69, 'Reserved'),
    ('TKT-00055', 5054, 1022, 13, 234.17, 'Refunded'),
    ('TKT-00056', 5058, 1067, 21, 21.05, 'Purchased'),
    ('TKT-00057', 5058, 1067, 21, 21.05, 'Refunded'),
    ('TKT-00058', 5058, 1067, 21, 21.05, 'Reserved'),
    ('TKT-00059', 5058, 1067, 21, 21.05, 'Purchased'),
    ('TKT-00060', 5058, 1067, 21, 21.05, 'Reserved'),
    ('TKT-00061', 5067, 1091, 18, 217.71, 'Reserved'),
    ('TKT-00062', 5067, 1091, 18, 217.71, 'Reserved'),
    ('TKT-00063', 5069, 1037, 1, 60.27, 'Refunded'),
    ('TKT-00064', 5069, 1037, 1, 60.27, 'Purchased'),
    ('TKT-00065', 5069, 1037, 1, 60.27, 'Refunded'),
    ('TKT-00066', 5069, 1037, 1, 60.27, 'Reserved'),
    ('TKT-00067', 5069, 1037, 1, 60.27, 'Reserved'),
    ('TKT-00068', 5071, 1084, 49, 392.31, 'Refunded'),
    ('TKT-00069', 5072, 1065, 46, 187.87, 'Purchased'),
    ('TKT-00070', 5072, 1065, 46, 187.87, 'Refunded'),
    ('TKT-00071', 5074, 1053, 46, 54.13, 'Reserved'),
    ('TKT-00072', 5074, 1053, 46, 54.13, 'Reserved'),
    ('TKT-00073', 5074, 1053, 46, 54.13, 'Purchased'),
    ('TKT-00074', 5074, 1053, 46, 54.13, 'Reserved'),
    ('TKT-00075', 5074, 1053, 46, 54.13, 'Reserved'),
    ('TKT-00076', 5076, 1099, 1, 114.17, 'Refunded'),
    ('TKT-00077', 5077, 1080, 33, 153.3, 'Purchased'),
    ('TKT-00078', 5077, 1080, 33, 153.3, 'Refunded'),
    ('TKT-00079', 5077, 1080, 33, 153.3, 'Reserved'),
    ('TKT-00080', 5078, 1016, 29, 19.16, 'Reserved'),
    ('TKT-00081', 5078, 1016, 29, 19.16, 'Refunded'),
    ('TKT-00082', 5078, 1016, 29, 19.16, 'Reserved'),
    ('TKT-00083', 5080, 1050, 21, 72.71, 'Purchased'),
    ('TKT-00084', 5080, 1050, 21, 72.71, 'Purchased'),
    ('TKT-00085', 5080, 1050, 21, 72.71, 'Refunded'),
    ('TKT-00086', 5080, 1050, 21, 72.71, 'Purchased'),
    ('TKT-00087', 5080, 1050, 21, 72.71, 'Refunded');

