INSERT INTO `user` (`user_id`, `name`, `email`, `role`, `status`) VALUES
    (1, 'Luis Hanson', 'kevingutierrez@example.com', 'attendee', 'Suspended'),
    (2, 'David Taylor', 'stacey88@example.org', 'organizer', 'Suspended'),
    (3, 'Danny Ward', 'susan93@example.org', 'organizer', 'Active'),
    (4, 'Amanda Smith', 'gfischer@example.org', 'organizer', 'Active'),
    (5, 'Chelsey Weaver', 'ojohnson@example.com', 'attendee', 'Active'),
    (6, 'Dr. Norman Hicks DDS', 'danaheath@example.net', 'attendee', 'Suspended'),
    (7, 'Hannah Berg', 'tonyross@example.net', 'attendee', 'Active'),
    (8, 'Amber Bowman', 'jessicabrown@example.net', 'admin', 'Active'),
    (9, 'Valerie Jackson', 'nicholas04@example.com', 'admin', 'Active'),
    (10, 'Peter Green', 'joelcolon@example.com', 'organizer', 'Suspended'),
    (11, 'Richard Garcia', 'thuber@example.net', 'attendee', 'Active'),
    (12, 'Ian Hernandez', 'maurice52@example.com', 'admin', 'Active'),
    (13, 'Mark Ellis', 'deaneric@example.org', 'admin', 'Active'),
    (14, 'Brianna Cole', 'knappandrew@example.org', 'admin', 'Suspended'),
    (15, 'Michael Mccoy', 'wilsonchristina@example.net', 'admin', 'Suspended'),
    (16, 'Melissa Banks', 'hwillis@example.com', 'organizer', 'Active'),
    (17, 'Austin Stephenson', 'wwilliamson@example.com', 'organizer', 'Active'),
    (18, 'Becky Walker', 'margaretfarley@example.net', 'organizer', 'Suspended'),
    (19, 'John Rodriguez', 'matthewandrews@example.net', 'admin', 'Suspended'),
    (20, 'Mia Gray', 'zjensen@example.com', 'attendee', 'Active'),
    (21, 'Michael Gomez', 'hcruz@example.org', 'organizer', 'Suspended'),
    (22, 'Phillip Mclean', 'hernandezkelly@example.org', 'admin', 'Suspended'),
    (23, 'Adam Nguyen', 'martinezdebra@example.com', 'admin', 'Suspended'),
    (24, 'Theodore Olson', 'hugheskayla@example.net', 'admin', 'Active'),
    (25, 'Brandi Marks', 'fowens@example.net', 'organizer', 'Suspended'),
    (26, 'Cody Cook', 'fergusoncatherine@example.com', 'admin', 'Active'),
    (27, 'William Reed', 'edward98@example.com', 'admin', 'Active'),
    (28, 'Mr. Ian Fox', 'zelliott@example.net', 'admin', 'Active'),
    (29, 'Michelle Gill', 'bcastro@example.net', 'admin', 'Suspended'),
    (30, 'Dr. Jillian Nelson DDS', 'contreraswilliam@example.net', 'admin', 'Active'),
    (31, 'Jesse Morse', 'jonesjames@example.net', 'organizer', 'Active'),
    (32, 'Alison Glover', 'xharvey@example.net', 'organizer', 'Active'),
    (33, 'Deborah Kelley', 'mary89@example.org', 'attendee', 'Active'),
    (34, 'Anita Richardson', 'mary55@example.com', 'admin', 'Active'),
    (35, 'Charles Ward', 'bryanelizabeth@example.org', 'admin', 'Suspended'),
    (36, 'Tony Riley', 'johnsongreg@example.org', 'attendee', 'Suspended'),
    (37, 'Benjamin Evans', 'lewisbrenda@example.net', 'attendee', 'Active'),
    (38, 'Daniel Mitchell', 'cruzpeter@example.com', 'organizer', 'Suspended'),
    (39, 'Colin Wood', 'sbrooks@example.com', 'admin', 'Active'),
    (40, 'Katherine Salas', 'nfranklin@example.com', 'attendee', 'Suspended'),
    (41, 'David Johnson', 'bondteresa@example.com', 'admin', 'Suspended'),
    (42, 'Danielle Cobb', 'michellebrown@example.com', 'organizer', 'Active'),
    (43, 'Kevin Williams', 'castillomallory@example.net', 'organizer', 'Active'),
    (44, 'Sheena Leach', 'alyssa34@example.net', 'organizer', 'Active'),
    (45, 'Madison Marshall', 'willisroberta@example.net', 'organizer', 'Active'),
    (46, 'Karen Carter', 'scarlson@example.net', 'attendee', 'Active'),
    (47, 'Jose Saunders', 'ronaldpena@example.org', 'attendee', 'Active'),
    (48, 'Jessica Dorsey', 'wellison@example.com', 'attendee', 'Active'),
    (49, 'Christopher Owen', 'jason06@example.com', 'admin', 'Active'),
    (50, 'Samuel Williams', 'haydenmalone@example.com', 'attendee', 'Active');

INSERT INTO `venue` (`venue_id`, `name`, `capacity`, `address`, `city`) VALUES
    (101, 'San Antonio Community Center', 4837, '255 Nicholas Shores', 'San Antonio'),
    (102, 'Universal City Theater', 7255, '936 Adkins Tunnel Apt. 059', 'Universal City'),
    (103, 'New Braunfels Community Center', 4912, '1651 Paul Land Apt. 440', 'New Braunfels'),
    (104, 'Cibolo Auditorium', 2643, '870 Clinton Inlet', 'Cibolo'),
    (105, 'Boerne Auditorium', 3646, '436 Allen Island', 'Boerne'),
    (106, 'Universal City Auditorium', 2657, '4388 Miller Ville', 'Universal City'),
    (107, 'Boerne Theater', 13912, '4905 Karen Meadows', 'Boerne'),
    (108, 'San Marcos Convention Hall', 1966, '4879 Gates Views Suite 832', 'San Marcos'),
    (109, 'Seguin Auditorium', 14082, '23990 Stephen Ports Suite 020', 'Seguin'),
    (110, 'Boerne Park Pavilion', 10180, '181 Garcia Grove', 'Boerne'),
    (111, 'New Braunfels Park Pavilion', 12660, '09986 James Landing Apt. 251', 'New Braunfels'),
    (112, 'Universal City Community Center', 2906, '759 Saunders Fields', 'Universal City'),
    (113, 'Schertz Theater', 13229, '398 Kim Ridge Apt. 308', 'Schertz'),
    (114, 'Seguin Convention Hall', 332, '6334 Arnold Shores', 'Seguin'),
    (115, 'Universal City Auditorium', 7047, '57911 Ward Knoll Suite 052', 'Universal City'),
    (116, 'San Marcos Theater', 1368, '327 Shields Walks Suite 256', 'San Marcos'),
    (117, 'San Antonio Community Center', 4622, '896 James Course', 'San Antonio'),
    (118, 'Boerne Community Center', 8035, '9559 Johnson Landing', 'Boerne'),
    (119, 'New Braunfels Community Center', 10765, '5164 Amy Hollow Apt. 469', 'New Braunfels'),
    (120, 'Schertz Theater', 4913, '744 Forbes Expressway', 'Schertz');

INSERT INTO `category` (`category_id`, `name`) VALUES
    (1, 'Music'),
    (2, 'Tech Conference'),
    (3, 'Food Festival'),
    (4, 'Sport'),
    (5, 'Arts & Theater'),
    (6, 'Workshop'),
    (7, 'Comedy'),
    (8, 'Exhibition');

INSERT INTO `event` (`event_id`, `organizer_id`, `venue_id`, `title`, `description`, `start_time`, `end_time`, `capacity`, `status`) VALUES
    (1001, 45, 102, 'Distributed cohesive adapter Festival', 'Join us for Distributed cohesive adapter Festival, a premier event in the heart of San Antonio! Partner produce very so soldier good. Everybody field force listen why.', '2025-10-15 16:13:24', '2025-10-15 23:13:24', 2037, 'Published'),
    (1002, 38, 105, 'Open-architected zero tolerance application Festival', 'Join us for Open-architected zero tolerance application Festival, a premier event in the heart of San Antonio! A gastronomic journey awaits! Sample delicious offerings from the best local chefs and fo', '2027-02-09 23:28:52', '2027-02-10 05:28:52', 3275, 'Completed'),
    (1003, 3, 110, 'Down-sized optimal firmware Festival', 'Join us for Down-sized optimal firmware Festival, a premier event in the heart of San Antonio! Degree girl old entire central. Defense evening laugh on bank. Expect tree teacher dream return main.', '2025-07-13 11:47:08', '2025-07-13 19:47:08', 8175, 'Canceled'),
    (1004, 3, 114, 'Progressive bandwidth-monitored time-frame Festival', 'Join us for Progressive bandwidth-monitored time-frame Festival, a premier event in the heart of San Antonio! Go international happy dark which media may represent. Age join bill film. Station growth ', '2026-08-01 07:32:54', '2026-08-01 13:32:54', 168, 'Published'),
    (1005, 3, 104, 'Open-architected well-modulated adapter Festival', 'Join us for Open-architected well-modulated adapter Festival, a premier event in the heart of San Antonio! Less down tend not. Together contain scientist old school agency.', '2027-09-29 00:16:01', '2027-09-29 08:16:01', 1936, 'Canceled'),
    (1006, 21, 106, 'Down-sized impactful budgetary management Festival', 'Join us for Down-sized impactful budgetary management Festival, a premier event in the heart of San Antonio! High-octane action! Cheer on your favorite team or participate in the city-wide fun run. Al', '2025-05-18 20:08:44', '2025-05-18 22:08:44', 1230, 'Published'),
    (1007, 45, 103, 'Stand-alone demand-driven database Festival', 'Join us for Stand-alone demand-driven database Festival, a premier event in the heart of San Antonio! Explore the future of technology with industry leaders and groundbreaking demonstrations. This yea', '2024-11-19 04:21:35', '2024-11-19 06:21:35', 162, 'Canceled'),
    (1008, 38, 102, 'Multi-tiered cohesive Graphical User Interface Festival', 'Join us for Multi-tiered cohesive Graphical User Interface Festival, a premier event in the heart of San Antonio! Immerse yourself in creativity with local artists, live performances, and stunning the', '2026-11-28 13:46:20', '2026-11-28 17:46:20', 5714, 'Canceled'),
    (1009, 45, 109, 'Customizable upward-trending hub Festival', 'Join us for Customizable upward-trending hub Festival, a premier event in the heart of San Antonio! Immerse yourself in creativity with local artists, live performances, and stunning theatrical acts. ', '2026-04-19 08:47:21', '2026-04-19 14:47:21', 11582, 'Draft'),
    (1010, 25, 118, 'Reduced static solution Festival', 'Join us for Reduced static solution Festival, a premier event in the heart of San Antonio! Explore the future of technology with industry leaders and groundbreaking demonstrations. This year''s focus i', '2027-02-02 22:25:07', '2027-02-03 02:25:07', 7227, 'Draft'),
    (1011, 18, 109, 'Fully-configurable incremental data-warehouse Festival', 'Join us for Fully-configurable incremental data-warehouse Festival, a premier event in the heart of San Antonio! A gastronomic journey awaits! Sample delicious offerings from the best local chefs and ', '2025-05-21 15:28:32', '2025-05-21 22:28:32', 339, 'Canceled'),
    (1012, 31, 103, 'Virtual intangible moratorium Festival', 'Join us for Virtual intangible moratorium Festival, a premier event in the heart of San Antonio! Immerse yourself in creativity with local artists, live performances, and stunning theatrical acts. Per', '2025-12-24 11:04:32', '2025-12-24 15:04:32', 3554, 'Completed'),
    (1013, 25, 111, 'Digitized solution-oriented moratorium Festival', 'Join us for Digitized solution-oriented moratorium Festival, a premier event in the heart of San Antonio! Boost your skills with our hands-on workshop focused on agency and digital marketing. Bring yo', '2027-04-04 02:19:12', '2027-04-04 06:19:12', 5212, 'Completed'),
    (1014, 31, 110, 'Decentralized modular knowledgebase Festival', 'Join us for Decentralized modular knowledgebase Festival, a premier event in the heart of San Antonio! Explore the future of technology with industry leaders and groundbreaking demonstrations. This ye', '2026-05-04 19:37:47', '2026-05-04 23:37:47', 103, 'Canceled'),
    (1015, 38, 116, 'Fundamental multi-state knowledge user Festival', 'Join us for Fundamental multi-state knowledge user Festival, a premier event in the heart of San Antonio! Explore the future of technology with industry leaders and groundbreaking demonstrations. This', '2027-07-21 02:23:21', '2027-07-21 04:23:21', 982, 'Canceled'),
    (1016, 3, 110, 'Open-source value-added contingency Festival', 'Join us for Open-source value-added contingency Festival, a premier event in the heart of San Antonio! Within the then trouble person high choice. Featuring local bands, rising stars, and a dynamic so', '2027-04-12 19:21:45', '2027-04-13 01:21:45', 1094, 'Draft'),
    (1017, 31, 102, 'Cross-platform encompassing Graphic Interface Festival', 'Join us for Cross-platform encompassing Graphic Interface Festival, a premier event in the heart of San Antonio! Above health those month chance forget. Featuring local bands, rising stars, and a dyna', '2027-05-17 12:53:21', '2027-05-17 15:53:21', 6263, 'Draft'),
    (1018, 42, 113, 'Managed impactful methodology Festival', 'Join us for Managed impactful methodology Festival, a premier event in the heart of San Antonio! High-octane action! Cheer on your favorite team or participate in the city-wide fun run. All skill leve', '2026-12-27 21:37:28', '2026-12-27 23:37:28', 4771, 'Published'),
    (1019, 3, 102, 'Managed regional superstructure Festival', 'Join us for Managed regional superstructure Festival, a premier event in the heart of San Antonio! High-octane action! Cheer on your favorite team or participate in the city-wide fun run. All skill le', '2025-09-12 10:49:41', '2025-09-12 12:49:41', 5492, 'Published'),
    (1020, 3, 109, 'Universal contextually-based firmware Festival', 'Join us for Universal contextually-based firmware Festival, a premier event in the heart of San Antonio! Immerse yourself in creativity with local artists, live performances, and stunning theatrical a', '2027-08-31 17:31:27', '2027-09-01 01:31:27', 3159, 'Draft'),
    (1021, 10, 103, 'Right-sized hybrid solution Festival', 'Join us for Right-sized hybrid solution Festival, a premier event in the heart of San Antonio! Issue spend film national game interesting development. Newspaper case place help give including few. Sim', '2025-08-01 03:15:11', '2025-08-01 08:15:11', 4067, 'Completed'),
    (1022, 44, 114, 'Sharable next generation installation Festival', 'Join us for Sharable next generation installation Festival, a premier event in the heart of San Antonio! Explore the future of technology with industry leaders and groundbreaking demonstrations. This ', '2024-12-14 02:38:10', '2024-12-14 04:38:10', 282, 'Published'),
    (1023, 4, 116, 'Implemented 5thgeneration projection Festival', 'Join us for Implemented 5thgeneration projection Festival, a premier event in the heart of San Antonio! American fine firm charge ready south who happy. Featuring local bands, rising stars, and a dyna', '2026-04-24 11:37:50', '2026-04-24 18:37:50', 932, 'Completed'),
    (1024, 3, 111, 'Visionary mission-critical algorithm Festival', 'Join us for Visionary mission-critical algorithm Festival, a premier event in the heart of San Antonio! Economy think idea it wish against. Against yet able often include common travel hotel.', '2025-03-16 13:13:38', '2025-03-16 18:13:38', 3307, 'Canceled'),
    (1025, 45, 112, 'Managed dynamic neural-net Festival', 'Join us for Managed dynamic neural-net Festival, a premier event in the heart of San Antonio! Immerse yourself in creativity with local artists, live performances, and stunning theatrical acts. Perfec', '2026-03-14 08:54:05', '2026-03-14 14:54:05', 2144, 'Draft'),
    (1026, 10, 112, 'Automated grid-enabled framework Festival', 'Join us for Automated grid-enabled framework Festival, a premier event in the heart of San Antonio! A gastronomic journey awaits! Sample delicious offerings from the best local chefs and food trucks. ', '2026-04-12 04:48:22', '2026-04-12 06:48:22', 2089, 'Canceled'),
    (1027, 32, 111, 'Upgradable human-resource data-warehouse Festival', 'Join us for Upgradable human-resource data-warehouse Festival, a premier event in the heart of San Antonio! Medical soldier form sea act teacher theory life approach gun prove drop. Featuring local ba', '2026-10-15 12:50:25', '2026-10-15 18:50:25', 7529, 'Draft'),
    (1028, 16, 119, 'Grass-roots mobile conglomeration Festival', 'Join us for Grass-roots mobile conglomeration Festival, a premier event in the heart of San Antonio! Seem lot mention turn my customer. Featuring local bands, rising stars, and a dynamic sound system.', '2027-01-10 23:09:15', '2027-01-11 04:09:15', 1604, 'Canceled'),
    (1029, 4, 103, 'Reduced transitional middleware Festival', 'Join us for Reduced transitional middleware Festival, a premier event in the heart of San Antonio! Thank foot if not enter. Nothing watch bar through drug concern.', '2026-04-26 05:53:58', '2026-04-26 07:53:58', 1679, 'Canceled'),
    (1030, 32, 114, 'Programmable fresh-thinking budgetary management Festival', 'Join us for Programmable fresh-thinking budgetary management Festival, a premier event in the heart of San Antonio! High-octane action! Cheer on your favorite team or participate in the city-wide fun ', '2025-11-04 02:26:44', '2025-11-04 05:26:44', 53, 'Canceled'),
    (1031, 21, 116, 'Down-sized stable adapter Festival', 'Join us for Down-sized stable adapter Festival, a premier event in the heart of San Antonio! Immerse yourself in creativity with local artists, live performances, and stunning theatrical acts. Perfect', '2025-08-17 09:28:08', '2025-08-17 17:28:08', 654, 'Published'),
    (1032, 18, 112, 'Synergistic human-resource success Festival', 'Join us for Synergistic human-resource success Festival, a premier event in the heart of San Antonio! Great carry often head gun. School bar blue. Process fill foot call.', '2025-02-09 22:42:47', '2025-02-10 05:42:47', 887, 'Draft'),
    (1033, 4, 119, 'Sharable secondary utilization Festival', 'Join us for Sharable secondary utilization Festival, a premier event in the heart of San Antonio! A gastronomic journey awaits! Sample delicious offerings from the best local chefs and food trucks. Li', '2027-03-17 03:08:23', '2027-03-17 07:08:23', 9477, 'Completed'),
    (1034, 18, 103, 'Face-to-face directional task-force Festival', 'Join us for Face-to-face directional task-force Festival, a premier event in the heart of San Antonio! Strategy partner behavior whom. Somebody social city enjoy. Provide them three open population pi', '2026-06-28 04:13:50', '2026-06-28 12:13:50', 4312, 'Published'),
    (1035, 42, 115, 'Polarized dynamic knowledge user Festival', 'Join us for Polarized dynamic knowledge user Festival, a premier event in the heart of San Antonio! High-octane action! Cheer on your favorite team or participate in the city-wide fun run. All skill l', '2026-06-30 04:45:43', '2026-06-30 11:45:43', 1497, 'Draft'),
    (1036, 44, 102, 'Self-enabling client-server benchmark Festival', 'Join us for Self-enabling client-server benchmark Festival, a premier event in the heart of San Antonio! Run bank determine weight weight carry building. Featuring local bands, rising stars, and a dyn', '2025-09-13 05:39:32', '2025-09-13 07:39:32', 4723, 'Published'),
    (1037, 38, 104, 'Grass-roots interactive framework Festival', 'Join us for Grass-roots interactive framework Festival, a premier event in the heart of San Antonio! High-octane action! Cheer on your favorite team or participate in the city-wide fun run. All skill ', '2026-09-20 00:22:57', '2026-09-20 03:22:57', 1993, 'Completed'),
    (1038, 38, 108, 'Programmable tertiary process improvement Festival', 'Join us for Programmable tertiary process improvement Festival, a premier event in the heart of San Antonio! Traditional newspaper owner including officer say. Upon cold half. There large role directo', '2026-01-14 03:33:36', '2026-01-14 08:33:36', 81, 'Completed'),
    (1039, 42, 101, 'Cross-group fresh-thinking extranet Festival', 'Join us for Cross-group fresh-thinking extranet Festival, a premier event in the heart of San Antonio! Couple model red edge already. Recognize court her have science thousand mother.', '2025-05-21 10:07:54', '2025-05-21 13:07:54', 3284, 'Completed'),
    (1040, 25, 113, 'Integrated responsive frame Festival', 'Join us for Integrated responsive frame Festival, a premier event in the heart of San Antonio! Sell possible general degree. Moment class name agency side decide. Tend such each might discuss agent.', '2025-10-29 20:03:03', '2025-10-29 23:03:03', 1743, 'Draft'),
    (1041, 3, 110, 'Seamless static installation Festival', 'Join us for Seamless static installation Festival, a premier event in the heart of San Antonio! A gastronomic journey awaits! Sample delicious offerings from the best local chefs and food trucks. Limi', '2026-07-08 20:45:30', '2026-07-09 03:45:30', 6321, 'Completed'),
    (1042, 44, 114, 'Re-engineered human-resource knowledge user Festival', 'Join us for Re-engineered human-resource knowledge user Festival, a premier event in the heart of San Antonio! Natural drop final huge past walk. Trial on attention blood market successful. Quite disc', '2026-05-10 03:58:33', '2026-05-10 05:58:33', 220, 'Completed'),
    (1043, 31, 103, 'Universal analyzing capacity Festival', 'Join us for Universal analyzing capacity Festival, a premier event in the heart of San Antonio! A gastronomic journey awaits! Sample delicious offerings from the best local chefs and food trucks. Limi', '2027-02-06 01:42:20', '2027-02-06 08:42:20', 3823, 'Published'),
    (1044, 16, 111, 'Programmable full-range infrastructure Festival', 'Join us for Programmable full-range infrastructure Festival, a premier event in the heart of San Antonio! High-octane action! Cheer on your favorite team or participate in the city-wide fun run. All s', '2025-07-10 07:48:11', '2025-07-10 10:48:11', 10800, 'Completed'),
    (1045, 16, 115, 'Inverse needs-based groupware Festival', 'Join us for Inverse needs-based groupware Festival, a premier event in the heart of San Antonio! A gastronomic journey awaits! Sample delicious offerings from the best local chefs and food trucks. Lim', '2027-02-24 03:57:01', '2027-02-24 05:57:01', 3786, 'Published'),
    (1046, 21, 104, 'Synergistic client-server implementation Festival', 'Join us for Synergistic client-server implementation Festival, a premier event in the heart of San Antonio! Suddenly argue forget our stay next lay attorney list event. Featuring local bands, rising s', '2025-11-06 08:33:21', '2025-11-06 14:33:21', 1502, 'Completed'),
    (1047, 32, 102, 'Innovative systemic encoding Festival', 'Join us for Innovative systemic encoding Festival, a premier event in the heart of San Antonio! A gastronomic journey awaits! Sample delicious offerings from the best local chefs and food trucks. Limi', '2024-11-21 11:35:56', '2024-11-21 15:35:56', 607, 'Completed'),
    (1048, 43, 113, 'Object-based national knowledge user Festival', 'Join us for Object-based national knowledge user Festival, a premier event in the heart of San Antonio! High-octane action! Cheer on your favorite team or participate in the city-wide fun run. All ski', '2026-02-10 23:11:44', '2026-02-11 02:11:44', 1310, 'Canceled'),
    (1049, 44, 111, 'Implemented 3rdgeneration solution Festival', 'Join us for Implemented 3rdgeneration solution Festival, a premier event in the heart of San Antonio! Explore the future of technology with industry leaders and groundbreaking demonstrations. This yea', '2027-01-01 00:08:00', '2027-01-01 06:08:00', 3186, 'Canceled'),
    (1050, 2, 117, 'Multi-lateral human-resource flexibility Festival', 'Join us for Multi-lateral human-resource flexibility Festival, a premier event in the heart of San Antonio! Perhaps particularly teach room teacher stay investment shoulder. Others whatever financial ', '2025-04-11 14:44:26', '2025-04-11 22:44:26', 2800, 'Canceled'),
    (1051, 17, 114, 'Re-contextualized composite moratorium Festival', 'Join us for Re-contextualized composite moratorium Festival, a premier event in the heart of San Antonio! Almost then travel national walk off.', '2026-06-12 07:45:53', '2026-06-12 15:45:53', 120, 'Canceled'),
    (1052, 10, 120, 'Business-focused next generation project Festival', 'Join us for Business-focused next generation project Festival, a premier event in the heart of San Antonio! High-octane action! Cheer on your favorite team or participate in the city-wide fun run. All', '2024-11-02 22:55:35', '2024-11-03 00:55:35', 3254, 'Draft'),
    (1053, 38, 108, 'Down-sized mission-critical customer loyalty Festival', 'Join us for Down-sized mission-critical customer loyalty Festival, a premier event in the heart of San Antonio! Boost your skills with our hands-on workshop focused on Mrs and digital marketing. Bring', '2027-07-29 03:46:46', '2027-07-29 09:46:46', 1618, 'Draft'),
    (1054, 21, 104, 'Customizable bandwidth-monitored instruction set Festival', 'Join us for Customizable bandwidth-monitored instruction set Festival, a premier event in the heart of San Antonio! A gastronomic journey awaits! Sample delicious offerings from the best local chefs a', '2026-12-05 03:20:52', '2026-12-05 05:20:52', 1432, 'Draft'),
    (1055, 10, 114, 'Inverse well-modulated challenge Festival', 'Join us for Inverse well-modulated challenge Festival, a premier event in the heart of San Antonio! Leave much from color how big as. Husband especially respond fire. Already unit seven concern.', '2025-01-14 22:48:02', '2025-01-15 05:48:02', 227, 'Canceled'),
    (1056, 4, 103, 'Automated disintermediate moderator Festival', 'Join us for Automated disintermediate moderator Festival, a premier event in the heart of San Antonio! A gastronomic journey awaits! Sample delicious offerings from the best local chefs and food truck', '2026-04-03 00:02:27', '2026-04-03 03:02:27', 406, 'Draft'),
    (1057, 4, 104, 'Business-focused client-driven workforce Festival', 'Join us for Business-focused client-driven workforce Festival, a premier event in the heart of San Antonio! A gastronomic journey awaits! Sample delicious offerings from the best local chefs and food ', '2025-03-19 11:23:02', '2025-03-19 19:23:02', 663, 'Completed'),
    (1058, 18, 102, 'Networked background info-mediaries Festival', 'Join us for Networked background info-mediaries Festival, a premier event in the heart of San Antonio! Immerse yourself in creativity with local artists, live performances, and stunning theatrical act', '2024-10-16 16:15:57', '2024-10-17 00:15:57', 2807, 'Completed'),
    (1059, 18, 112, 'Monitored next generation frame Festival', 'Join us for Monitored next generation frame Festival, a premier event in the heart of San Antonio! High-octane action! Cheer on your favorite team or participate in the city-wide fun run. All skill le', '2026-03-26 13:09:54', '2026-03-26 19:09:54', 1973, 'Completed'),
    (1060, 21, 118, 'Digitized radical Local Area Network Festival', 'Join us for Digitized radical Local Area Network Festival, a premier event in the heart of San Antonio! Boost your skills with our hands-on workshop focused on soon and digital marketing. Bring your l', '2024-10-23 23:48:57', '2024-10-24 01:48:57', 4875, 'Canceled'),
    (1061, 43, 104, 'Diverse scalable functionalities Festival', 'Join us for Diverse scalable functionalities Festival, a premier event in the heart of San Antonio! Explore the future of technology with industry leaders and groundbreaking demonstrations. This year''', '2026-09-04 14:06:19', '2026-09-04 20:06:19', 1601, 'Draft'),
    (1062, 45, 108, 'Diverse well-modulated capability Festival', 'Join us for Diverse well-modulated capability Festival, a premier event in the heart of San Antonio! Bit door give tree different indeed let. Featuring local bands, rising stars, and a dynamic sound s', '2027-03-13 03:07:47', '2027-03-13 06:07:47', 1740, 'Published'),
    (1063, 32, 105, 'User-friendly 3rdgeneration Local Area Network Festival', 'Join us for User-friendly 3rdgeneration Local Area Network Festival, a premier event in the heart of San Antonio! Present focus mission eat own feeling business course recently event task speech chair', '2027-09-23 07:18:19', '2027-09-23 09:18:19', 2470, 'Completed'),
    (1064, 31, 109, 'Enhanced 5thgeneration capacity Festival', 'Join us for Enhanced 5thgeneration capacity Festival, a premier event in the heart of San Antonio! Single number plan image matter bill Republican. Featuring local bands, rising stars, and a dynamic s', '2026-06-19 06:36:04', '2026-06-19 10:36:04', 1188, 'Published'),
    (1065, 2, 117, 'Fully-configurable multi-tasking adapter Festival', 'Join us for Fully-configurable multi-tasking adapter Festival, a premier event in the heart of San Antonio! A gastronomic journey awaits! Sample delicious offerings from the best local chefs and food ', '2025-12-15 08:59:39', '2025-12-15 16:59:39', 2393, 'Published'),
    (1066, 2, 111, 'Front-line asymmetric algorithm Festival', 'Join us for Front-line asymmetric algorithm Festival, a premier event in the heart of San Antonio! A gastronomic journey awaits! Sample delicious offerings from the best local chefs and food trucks. L', '2025-04-25 00:27:44', '2025-04-25 04:27:44', 8785, 'Completed'),
    (1067, 10, 104, 'Customer-focused interactive algorithm Festival', 'Join us for Customer-focused interactive algorithm Festival, a premier event in the heart of San Antonio! High-octane action! Cheer on your favorite team or participate in the city-wide fun run. All s', '2026-06-10 23:34:00', '2026-06-11 03:34:00', 795, 'Completed'),
    (1068, 16, 110, 'Balanced maximized secured line Festival', 'Join us for Balanced maximized secured line Festival, a premier event in the heart of San Antonio! Immerse yourself in creativity with local artists, live performances, and stunning theatrical acts. P', '2026-03-13 07:30:33', '2026-03-13 13:30:33', 1243, 'Canceled'),
    (1069, 17, 114, 'Open-architected optimizing concept Festival', 'Join us for Open-architected optimizing concept Festival, a premier event in the heart of San Antonio! Explore the future of technology with industry leaders and groundbreaking demonstrations. This ye', '2026-03-02 05:59:41', '2026-03-02 08:59:41', 111, 'Published'),
    (1070, 31, 104, 'Realigned 5thgeneration matrix Festival', 'Join us for Realigned 5thgeneration matrix Festival, a premier event in the heart of San Antonio! Power prove return accept. Establish see practice same. Task chance fight image.', '2025-06-10 21:15:40', '2025-06-10 23:15:40', 1974, 'Completed'),
    (1071, 21, 113, 'Self-enabling responsive function Festival', 'Join us for Self-enabling responsive function Festival, a premier event in the heart of San Antonio! A gastronomic journey awaits! Sample delicious offerings from the best local chefs and food trucks.', '2027-10-02 17:38:14', '2027-10-02 20:38:14', 10639, 'Completed'),
    (1072, 10, 113, 'Upgradable transitional standardization Festival', 'Join us for Upgradable transitional standardization Festival, a premier event in the heart of San Antonio! Explore the future of technology with industry leaders and groundbreaking demonstrations. Thi', '2025-06-09 15:54:57', '2025-06-09 23:54:57', 8718, 'Canceled'),
    (1073, 25, 111, 'Balanced local extranet Festival', 'Join us for Balanced local extranet Festival, a premier event in the heart of San Antonio! Immerse yourself in creativity with local artists, live performances, and stunning theatrical acts. Perfect f', '2025-12-29 03:30:53', '2025-12-29 08:30:53', 10730, 'Completed'),
    (1074, 42, 104, 'Integrated contextually-based success Festival', 'Join us for Integrated contextually-based success Festival, a premier event in the heart of San Antonio! Immerse yourself in creativity with local artists, live performances, and stunning theatrical a', '2026-11-07 03:35:08', '2026-11-07 06:35:08', 390, 'Completed'),
    (1075, 32, 107, 'Upgradable maximized flexibility Festival', 'Join us for Upgradable maximized flexibility Festival, a premier event in the heart of San Antonio! High-octane action! Cheer on your favorite team or participate in the city-wide fun run. All skill l', '2026-07-07 09:01:52', '2026-07-07 17:01:52', 3190, 'Canceled'),
    (1076, 38, 118, 'Open-source optimal focus group Festival', 'Join us for Open-source optimal focus group Festival, a premier event in the heart of San Antonio! Knowledge five expert close while people purpose there even cause put meet hear. Featuring local band', '2026-03-21 21:29:12', '2026-03-22 02:29:12', 760, 'Completed'),
    (1077, 21, 119, 'User-centric methodical installation Festival', 'Join us for User-centric methodical installation Festival, a premier event in the heart of San Antonio! Really theory your them open accept law. See could way agency somebody foreign and.', '2025-12-18 20:36:24', '2025-12-18 23:36:24', 8788, 'Published'),
    (1078, 43, 119, 'Quality-focused analyzing task-force Festival', 'Join us for Quality-focused analyzing task-force Festival, a premier event in the heart of San Antonio! Boost your skills with our hands-on workshop focused on go and digital marketing. Bring your lap', '2026-01-11 10:20:49', '2026-01-11 16:20:49', 5860, 'Draft'),
    (1079, 44, 104, 'Streamlined multi-state help-desk Festival', 'Join us for Streamlined multi-state help-desk Festival, a premier event in the heart of San Antonio! Explore the future of technology with industry leaders and groundbreaking demonstrations. This year', '2025-06-01 21:18:21', '2025-06-02 04:18:21', 888, 'Canceled'),
    (1080, 32, 107, 'Expanded cohesive matrix Festival', 'Join us for Expanded cohesive matrix Festival, a premier event in the heart of San Antonio! And hair three north somebody statement. Two student last would. Support market candidate determine.', '2027-01-14 14:19:00', '2027-01-14 18:19:00', 10893, 'Draft'),
    (1081, 25, 105, 'Versatile background structure Festival', 'Join us for Versatile background structure Festival, a premier event in the heart of San Antonio! Boost your skills with our hands-on workshop focused on table and digital marketing. Bring your laptop', '2026-04-05 22:17:14', '2026-04-06 01:17:14', 3227, 'Canceled'),
    (1082, 45, 105, 'Configurable web-enabled migration Festival', 'Join us for Configurable web-enabled migration Festival, a premier event in the heart of San Antonio! Boost your skills with our hands-on workshop focused on peace and digital marketing. Bring your la', '2027-09-18 19:41:13', '2027-09-19 00:41:13', 2458, 'Published'),
    (1083, 18, 104, 'Adaptive fault-tolerant project Festival', 'Join us for Adaptive fault-tolerant project Festival, a premier event in the heart of San Antonio! A gastronomic journey awaits! Sample delicious offerings from the best local chefs and food trucks. L', '2026-01-01 10:04:45', '2026-01-01 17:04:45', 416, 'Draft'),
    (1084, 16, 105, 'Re-engineered leadingedge emulation Festival', 'Join us for Re-engineered leadingedge emulation Festival, a premier event in the heart of San Antonio! Immerse yourself in creativity with local artists, live performances, and stunning theatrical act', '2027-03-20 00:35:43', '2027-03-20 05:35:43', 1327, 'Draft'),
    (1085, 16, 110, 'Persevering encompassing project Festival', 'Join us for Persevering encompassing project Festival, a premier event in the heart of San Antonio! High-octane action! Cheer on your favorite team or participate in the city-wide fun run. All skill l', '2027-10-04 21:44:48', '2027-10-05 04:44:48', 3168, 'Completed'),
    (1086, 38, 111, 'Innovative optimizing data-warehouse Festival', 'Join us for Innovative optimizing data-warehouse Festival, a premier event in the heart of San Antonio! Explore the future of technology with industry leaders and groundbreaking demonstrations. This y', '2025-03-05 05:18:29', '2025-03-05 11:18:29', 11165, 'Completed'),
    (1087, 25, 103, 'Balanced empowering hub Festival', 'Join us for Balanced empowering hub Festival, a premier event in the heart of San Antonio! Immerse yourself in creativity with local artists, live performances, and stunning theatrical acts. Perfect f', '2027-02-27 00:10:57', '2027-02-27 06:10:57', 626, 'Completed'),
    (1088, 21, 103, 'Compatible eco-centric process improvement Festival', 'Join us for Compatible eco-centric process improvement Festival, a premier event in the heart of San Antonio! Immerse yourself in creativity with local artists, live performances, and stunning theatri', '2024-12-13 19:07:17', '2024-12-13 23:07:17', 324, 'Draft'),
    (1089, 10, 118, 'Customer-focused background task-force Festival', 'Join us for Customer-focused background task-force Festival, a premier event in the heart of San Antonio! Immerse yourself in creativity with local artists, live performances, and stunning theatrical ', '2027-10-10 03:34:48', '2027-10-10 05:34:48', 5476, 'Completed'),
    (1090, 31, 119, 'Cloned grid-enabled middleware Festival', 'Join us for Cloned grid-enabled middleware Festival, a premier event in the heart of San Antonio! Boost your skills with our hands-on workshop focused on record and digital marketing. Bring your lapto', '2025-09-30 10:09:47', '2025-09-30 12:09:47', 2370, 'Draft'),
    (1091, 38, 106, 'Automated client-driven application Festival', 'Join us for Automated client-driven application Festival, a premier event in the heart of San Antonio! A gastronomic journey awaits! Sample delicious offerings from the best local chefs and food truck', '2026-01-16 03:25:32', '2026-01-16 06:25:32', 232, 'Completed'),
    (1092, 42, 111, 'Automated background service-desk Festival', 'Join us for Automated background service-desk Festival, a premier event in the heart of San Antonio! Democratic fear at remember such next. Writer produce detail step. Too lay will way hour human cent', '2025-06-08 18:04:44', '2025-06-08 21:04:44', 10659, 'Canceled'),
    (1093, 21, 119, 'Decentralized disintermediate concept Festival', 'Join us for Decentralized disintermediate concept Festival, a premier event in the heart of San Antonio! Dream itself wonder he practice with religious guy whom include rather bed. Featuring local ban', '2024-10-16 14:29:57', '2024-10-16 16:29:57', 8791, 'Canceled'),
    (1094, 16, 108, 'Streamlined 6thgeneration ability Festival', 'Join us for Streamlined 6thgeneration ability Festival, a premier event in the heart of San Antonio! A gastronomic journey awaits! Sample delicious offerings from the best local chefs and food trucks.', '2024-12-07 08:31:49', '2024-12-07 10:31:49', 1197, 'Completed'),
    (1095, 45, 107, 'Diverse asymmetric architecture Festival', 'Join us for Diverse asymmetric architecture Festival, a premier event in the heart of San Antonio! Boost your skills with our hands-on workshop focused on citizen and digital marketing. Bring your lap', '2026-09-21 10:56:15', '2026-09-21 18:56:15', 7509, 'Completed'),
    (1096, 32, 106, 'Polarized homogeneous definition Festival', 'Join us for Polarized homogeneous definition Festival, a premier event in the heart of San Antonio! Immerse yourself in creativity with local artists, live performances, and stunning theatrical acts. ', '2027-06-01 10:07:54', '2027-06-01 14:07:54', 523, 'Draft'),
    (1097, 42, 110, 'Synergized system-worthy application Festival', 'Join us for Synergized system-worthy application Festival, a premier event in the heart of San Antonio! Significant some live American account wife stand activity huge possible. Featuring local bands,', '2025-07-12 08:12:46', '2025-07-12 16:12:46', 8435, 'Published'),
    (1098, 31, 117, 'Organized well-modulated Graphical User Interface Festival', 'Join us for Organized well-modulated Graphical User Interface Festival, a premier event in the heart of San Antonio! Explore the future of technology with industry leaders and groundbreaking demonstra', '2025-01-09 21:59:47', '2025-01-10 05:59:47', 3292, 'Canceled'),
    (1099, 38, 104, 'Fundamental fault-tolerant conglomeration Festival', 'Join us for Fundamental fault-tolerant conglomeration Festival, a premier event in the heart of San Antonio! None nature benefit measure million. Entire much seem father.', '2025-05-11 12:18:15', '2025-05-11 18:18:15', 2144, 'Published'),
    (1100, 32, 113, 'Ameliorated heuristic groupware Festival', 'Join us for Ameliorated heuristic groupware Festival, a premier event in the heart of San Antonio! Explore the future of technology with industry leaders and groundbreaking demonstrations. This year''s', '2025-07-16 05:37:36', '2025-07-16 12:37:36', 798, 'Published');

INSERT INTO `event_category` (`event_id`, `category_id`) VALUES
    (1001, 7),
    (1001, 2),
    (1002, 8),
    (1003, 1),
    (1003, 6),
    (1004, 3),
    (1005, 6),
    (1006, 7),
    (1007, 6),
    (1009, 2),
    (1009, 7),
    (1011, 5),
    (1012, 8),
    (1012, 4),
    (1014, 5),
    (1016, 4),
    (1017, 1),
    (1017, 7),
    (1018, 3),
    (1019, 3),
    (1020, 5),
    (1022, 2),
    (1022, 1),
    (1023, 6),
    (1023, 8),
    (1024, 3),
    (1027, 6),
    (1027, 8),
    (1030, 6),
    (1031, 5),
    (1034, 7),
    (1034, 8),
    (1035, 5),
    (1035, 7),
    (1036, 6),
    (1038, 6),
    (1039, 1),
    (1039, 7),
    (1040, 3),
    (1042, 6),
    (1043, 7),
    (1044, 7),
    (1045, 2),
    (1045, 3),
    (1046, 5),
    (1046, 6),
    (1048, 6),
    (1051, 4),
    (1051, 6),
    (1052, 8),
    (1052, 7),
    (1053, 1),
    (1054, 6),
    (1055, 1),
    (1056, 7),
    (1057, 5),
    (1057, 2),
    (1058, 3),
    (1062, 1),
    (1063, 7),
    (1064, 7),
    (1065, 1),
    (1066, 5),
    (1067, 5),
    (1067, 6),
    (1069, 3),
    (1070, 6),
    (1070, 3),
    (1071, 7),
    (1072, 4),
    (1072, 6),
    (1073, 3),
    (1073, 5),
    (1076, 4),
    (1077, 6),
    (1078, 6),
    (1078, 7),
    (1079, 4),
    (1080, 7),
    (1081, 4),
    (1081, 3),
    (1082, 4),
    (1083, 3),
    (1083, 4),
    (1086, 5),
    (1087, 7),
    (1087, 4),
    (1088, 6),
    (1088, 1),
    (1090, 3),
    (1090, 4),
    (1092, 5),
    (1093, 1),
    (1093, 5),
    (1094, 8),
    (1097, 8),
    (1097, 3),
    (1099, 3),
    (1100, 1),
    (1100, 4);

INSERT INTO `orders` (`order_id`, `user_id`, `total_amount`, `order_date`, `status`) VALUES
    (5001, 1, 490.36, '2025-10-14 14:19:04', 'Pending'),
    (5002, 46, 43.88, '2025-10-14 14:19:18', 'Refunded'),
    (5003, 48, 67.87, '2025-10-14 14:14:50', 'Refunded'),
    (5004, 1, 364.1, '2025-10-14 14:16:01', 'Pending'),
    (5005, 48, 213.13, '2025-10-14 14:17:20', 'Completed'),
    (5006, 1, 24.24, '2025-10-14 14:15:19', 'Pending'),
    (5007, 7, 349.87, '2025-10-14 14:14:23', 'Pending'),
    (5008, 46, 134.33, '2025-10-14 14:15:09', 'Completed'),
    (5009, 47, 201.69, '2025-10-14 14:16:50', 'Completed'),
    (5010, 48, 477.43, '2025-10-14 14:18:10', 'Pending'),
    (5011, 1, 414.18, '2025-10-14 14:16:01', 'Pending'),
    (5012, 6, 323.45, '2025-10-14 14:15:48', 'Completed'),
    (5013, 7, 141.63, '2025-10-14 14:16:48', 'Pending'),
    (5014, 40, 468.68, '2025-10-14 14:14:22', 'Refunded'),
    (5015, 48, 113.99, '2025-10-14 14:17:25', 'Pending'),
    (5016, 36, 319.93, '2025-10-14 14:17:02', 'Completed'),
    (5017, 48, 104.26, '2025-10-14 14:18:43', 'Completed'),
    (5018, 5, 449.83, '2025-10-14 14:18:40', 'Refunded'),
    (5019, 40, 128.44, '2025-10-14 14:16:11', 'Pending'),
    (5020, 40, 334.87, '2025-10-14 14:15:32', 'Pending'),
    (5021, 33, 80.37, '2025-10-14 14:16:08', 'Pending'),
    (5022, 11, 419.17, '2025-10-14 14:15:56', 'Pending'),
    (5023, 37, 35.47, '2025-10-14 14:15:11', 'Pending'),
    (5024, 37, 448.07, '2025-10-14 14:14:11', 'Completed'),
    (5025, 5, 419.08, '2025-10-14 14:19:08', 'Completed'),
    (5026, 47, 211.01, '2025-10-14 14:19:20', 'Refunded'),
    (5027, 37, 367.89, '2025-10-14 14:16:25', 'Pending'),
    (5028, 37, 350.46, '2025-10-14 14:15:31', 'Pending'),
    (5029, 1, 106.8, '2025-10-14 14:14:20', 'Completed'),
    (5030, 36, 366.8, '2025-10-14 14:19:22', 'Pending'),
    (5031, 6, 434.02, '2025-10-14 14:13:54', 'Pending'),
    (5032, 46, 413.44, '2025-10-14 14:13:32', 'Pending'),
    (5033, 11, 35.98, '2025-10-14 14:14:28', 'Refunded'),
    (5034, 37, 265.13, '2025-10-14 14:14:12', 'Completed'),
    (5035, 50, 303.3, '2025-10-14 14:18:16', 'Refunded'),
    (5036, 20, 400.73, '2025-10-14 14:18:13', 'Pending'),
    (5037, 48, 435.46, '2025-10-14 14:16:44', 'Completed'),
    (5038, 47, 135.46, '2025-10-14 14:16:09', 'Pending'),
    (5039, 37, 21.57, '2025-10-14 14:16:28', 'Refunded'),
    (5040, 7, 156.61, '2025-10-14 14:16:06', 'Pending'),
    (5041, 11, 89.25, '2025-10-14 14:17:43', 'Completed'),
    (5042, 11, 97.84, '2025-10-14 14:15:32', 'Refunded'),
    (5043, 7, 98.14, '2025-10-14 14:15:05', 'Pending'),
    (5044, 48, 170.18, '2025-10-14 14:16:30', 'Refunded'),
    (5045, 33, 201.37, '2025-10-14 14:15:44', 'Pending'),
    (5046, 5, 321.77, '2025-10-14 14:16:46', 'Pending'),
    (5047, 47, 388.12, '2025-10-14 14:19:22', 'Completed'),
    (5048, 20, 282.75, '2025-10-14 14:17:51', 'Pending'),
    (5049, 33, 466.32, '2025-10-14 14:17:20', 'Pending'),
    (5050, 6, 40.61, '2025-10-14 14:17:09', 'Completed'),
    (5051, 6, 100.96, '2025-10-14 14:16:59', 'Refunded'),
    (5052, 47, 158.7, '2025-10-14 14:18:47', 'Completed'),
    (5053, 36, 31.39, '2025-10-14 14:18:15', 'Pending'),
    (5054, 37, 252.88, '2025-10-14 14:17:12', 'Completed'),
    (5055, 46, 59.65, '2025-10-14 14:17:45', 'Pending'),
    (5056, 48, 393.42, '2025-10-14 14:19:18', 'Completed'),
    (5057, 11, 30.93, '2025-10-14 14:14:15', 'Completed'),
    (5058, 47, 171.12, '2025-10-14 14:17:34', 'Refunded'),
    (5059, 46, 34.76, '2025-10-14 14:18:51', 'Completed'),
    (5060, 6, 173.59, '2025-10-14 14:17:34', 'Completed'),
    (5061, 5, 487.12, '2025-10-14 14:13:37', 'Refunded'),
    (5062, 7, 164.43, '2025-10-14 14:15:58', 'Refunded'),
    (5063, 11, 163.42, '2025-10-14 14:13:45', 'Completed'),
    (5064, 33, 348.17, '2025-10-14 14:13:43', 'Completed'),
    (5065, 40, 438.49, '2025-10-14 14:13:40', 'Refunded'),
    (5066, 48, 159.69, '2025-10-14 14:15:13', 'Pending'),
    (5067, 47, 140.27, '2025-10-14 14:15:24', 'Completed'),
    (5068, 47, 398.84, '2025-10-14 14:18:38', 'Completed'),
    (5069, 11, 44.71, '2025-10-14 14:14:54', 'Completed'),
    (5070, 36, 228.52, '2025-10-14 14:18:47', 'Pending'),
    (5071, 33, 403.19, '2025-10-14 14:17:29', 'Completed'),
    (5072, 40, 217.27, '2025-10-14 14:16:33', 'Completed'),
    (5073, 20, 91.48, '2025-10-14 14:17:53', 'Completed'),
    (5074, 33, 214.89, '2025-10-14 14:16:47', 'Completed'),
    (5075, 46, 323.58, '2025-10-14 14:13:57', 'Refunded'),
    (5076, 46, 60.53, '2025-10-14 14:18:51', 'Completed'),
    (5077, 50, 36.66, '2025-10-14 14:14:37', 'Pending'),
    (5078, 40, 53.65, '2025-10-14 14:16:56', 'Completed'),
    (5079, 33, 34.66, '2025-10-14 14:17:14', 'Refunded'),
    (5080, 5, 438.71, '2025-10-14 14:14:14', 'Completed');

INSERT INTO `ticket` (`ticket_id`, `order_id`, `event_id`, `user_id`, `price`, `status`) VALUES
    ('TKT-00001', 5005, 1084, 48, 106.56, 'Refunded'),
    ('TKT-00002', 5005, 1084, 48, 106.56, 'Refunded'),
    ('TKT-00003', 5008, 1053, 46, 26.87, 'Refunded'),
    ('TKT-00004', 5008, 1053, 46, 26.87, 'Refunded'),
    ('TKT-00005', 5008, 1053, 46, 26.87, 'Refunded'),
    ('TKT-00006', 5008, 1053, 46, 26.87, 'Reserved'),
    ('TKT-00007', 5008, 1053, 46, 26.87, 'Refunded'),
    ('TKT-00008', 5009, 1097, 47, 67.23, 'Reserved'),
    ('TKT-00009', 5009, 1097, 47, 67.23, 'Refunded'),
    ('TKT-00010', 5009, 1097, 47, 67.23, 'Reserved'),
    ('TKT-00011', 5012, 1057, 6, 323.45, 'Refunded'),
    ('TKT-00012', 5016, 1044, 36, 79.98, 'Reserved'),
    ('TKT-00013', 5016, 1044, 36, 79.98, 'Reserved'),
    ('TKT-00014', 5016, 1044, 36, 79.98, 'Refunded'),
    ('TKT-00015', 5016, 1044, 36, 79.98, 'Refunded'),
    ('TKT-00016', 5017, 1037, 48, 34.75, 'Purchased'),
    ('TKT-00017', 5017, 1037, 48, 34.75, 'Purchased'),
    ('TKT-00018', 5017, 1037, 48, 34.75, 'Purchased'),
    ('TKT-00019', 5024, 1065, 37, 112.02, 'Refunded'),
    ('TKT-00020', 5024, 1065, 37, 112.02, 'Purchased'),
    ('TKT-00021', 5024, 1065, 37, 112.02, 'Reserved'),
    ('TKT-00022', 5024, 1065, 37, 112.02, 'Refunded'),
    ('TKT-00023', 5025, 1017, 5, 83.82, 'Refunded'),
    ('TKT-00024', 5025, 1017, 5, 83.82, 'Reserved'),
    ('TKT-00025', 5025, 1017, 5, 83.82, 'Refunded'),
    ('TKT-00026', 5025, 1017, 5, 83.82, 'Refunded'),
    ('TKT-00027', 5025, 1017, 5, 83.82, 'Refunded'),
    ('TKT-00028', 5029, 1006, 1, 26.7, 'Refunded'),
    ('TKT-00029', 5029, 1006, 1, 26.7, 'Refunded'),
    ('TKT-00030', 5029, 1006, 1, 26.7, 'Purchased'),
    ('TKT-00031', 5029, 1006, 1, 26.7, 'Reserved'),
    ('TKT-00032', 5034, 1073, 37, 66.28, 'Refunded'),
    ('TKT-00033', 5034, 1073, 37, 66.28, 'Purchased'),
    ('TKT-00034', 5034, 1073, 37, 66.28, 'Purchased'),
    ('TKT-00035', 5034, 1073, 37, 66.28, 'Reserved'),
    ('TKT-00036', 5037, 1099, 48, 435.46, 'Reserved'),
    ('TKT-00037', 5041, 1085, 11, 29.75, 'Purchased'),
    ('TKT-00038', 5041, 1085, 11, 29.75, 'Refunded'),
    ('TKT-00039', 5041, 1085, 11, 29.75, 'Purchased'),
    ('TKT-00040', 5047, 1022, 47, 129.37, 'Refunded'),
    ('TKT-00041', 5047, 1022, 47, 129.37, 'Refunded'),
    ('TKT-00042', 5047, 1022, 47, 129.37, 'Purchased'),
    ('TKT-00043', 5050, 1031, 6, 8.12, 'Reserved'),
    ('TKT-00044', 5050, 1031, 6, 8.12, 'Reserved'),
    ('TKT-00045', 5050, 1031, 6, 8.12, 'Reserved'),
    ('TKT-00046', 5050, 1031, 6, 8.12, 'Reserved'),
    ('TKT-00047', 5050, 1031, 6, 8.12, 'Purchased'),
    ('TKT-00048', 5052, 1006, 47, 52.9, 'Reserved'),
    ('TKT-00049', 5052, 1006, 47, 52.9, 'Purchased'),
    ('TKT-00050', 5052, 1006, 47, 52.9, 'Purchased'),
    ('TKT-00051', 5054, 1057, 37, 84.29, 'Reserved'),
    ('TKT-00052', 5054, 1057, 37, 84.29, 'Purchased'),
    ('TKT-00053', 5054, 1057, 37, 84.29, 'Purchased'),
    ('TKT-00054', 5056, 1039, 48, 98.36, 'Purchased'),
    ('TKT-00055', 5056, 1039, 48, 98.36, 'Reserved'),
    ('TKT-00056', 5056, 1039, 48, 98.36, 'Refunded'),
    ('TKT-00057', 5056, 1039, 48, 98.36, 'Refunded'),
    ('TKT-00058', 5057, 1066, 11, 15.46, 'Refunded'),
    ('TKT-00059', 5057, 1066, 11, 15.46, 'Purchased'),
    ('TKT-00060', 5059, 1085, 46, 8.69, 'Purchased'),
    ('TKT-00061', 5059, 1085, 46, 8.69, 'Purchased'),
    ('TKT-00062', 5059, 1085, 46, 8.69, 'Purchased'),
    ('TKT-00063', 5059, 1085, 46, 8.69, 'Reserved'),
    ('TKT-00064', 5060, 1038, 6, 57.86, 'Reserved'),
    ('TKT-00065', 5060, 1038, 6, 57.86, 'Purchased'),
    ('TKT-00066', 5060, 1038, 6, 57.86, 'Reserved'),
    ('TKT-00067', 5063, 1086, 11, 40.85, 'Reserved'),
    ('TKT-00068', 5063, 1086, 11, 40.85, 'Refunded'),
    ('TKT-00069', 5063, 1086, 11, 40.85, 'Reserved'),
    ('TKT-00070', 5063, 1086, 11, 40.85, 'Refunded'),
    ('TKT-00071', 5064, 1083, 33, 348.17, 'Reserved'),
    ('TKT-00072', 5067, 1013, 47, 70.14, 'Reserved'),
    ('TKT-00073', 5067, 1013, 47, 70.14, 'Purchased'),
    ('TKT-00074', 5068, 1031, 47, 79.77, 'Purchased'),
    ('TKT-00075', 5068, 1031, 47, 79.77, 'Refunded'),
    ('TKT-00076', 5068, 1031, 47, 79.77, 'Purchased'),
    ('TKT-00077', 5068, 1031, 47, 79.77, 'Reserved'),
    ('TKT-00078', 5068, 1031, 47, 79.77, 'Refunded'),
    ('TKT-00079', 5069, 1040, 11, 44.71, 'Refunded'),
    ('TKT-00080', 5071, 1077, 33, 80.64, 'Reserved'),
    ('TKT-00081', 5071, 1077, 33, 80.64, 'Purchased'),
    ('TKT-00082', 5071, 1077, 33, 80.64, 'Reserved'),
    ('TKT-00083', 5071, 1077, 33, 80.64, 'Refunded'),
    ('TKT-00084', 5071, 1077, 33, 80.64, 'Purchased'),
    ('TKT-00085', 5072, 1021, 40, 108.64, 'Refunded'),
    ('TKT-00086', 5072, 1021, 40, 108.64, 'Reserved'),
    ('TKT-00087', 5073, 1041, 20, 30.49, 'Reserved'),
    ('TKT-00088', 5073, 1041, 20, 30.49, 'Refunded'),
    ('TKT-00089', 5073, 1041, 20, 30.49, 'Refunded'),
    ('TKT-00090', 5074, 1074, 33, 71.63, 'Reserved'),
    ('TKT-00091', 5074, 1074, 33, 71.63, 'Purchased'),
    ('TKT-00092', 5074, 1074, 33, 71.63, 'Refunded'),
    ('TKT-00093', 5076, 1070, 46, 15.13, 'Refunded'),
    ('TKT-00094', 5076, 1070, 46, 15.13, 'Purchased'),
    ('TKT-00095', 5076, 1070, 46, 15.13, 'Purchased'),
    ('TKT-00096', 5076, 1070, 46, 15.13, 'Refunded'),
    ('TKT-00097', 5078, 1065, 40, 17.88, 'Refunded'),
    ('TKT-00098', 5078, 1065, 40, 17.88, 'Purchased'),
    ('TKT-00099', 5078, 1065, 40, 17.88, 'Refunded'),
    ('TKT-00100', 5080, 1058, 5, 219.35, 'Purchased'),
    ('TKT-00101', 5080, 1058, 5, 219.35, 'Reserved');

