INSERT INTO `user` (`user_id`, `name`, `email`, `role`, `status`) VALUES
    (1, 'Jennifer Anderson', 'michael63@example.net', 'attendee', 'Suspended'),
    (2, 'Brooke Lyons', 'rjones@example.org', 'attendee', 'Suspended'),
    (3, 'Patricia Griffin', 'melissahart@example.com', 'attendee', 'Active'),
    (4, 'Walter Gilbert', 'melissa70@example.com', 'attendee', 'Active'),
    (5, 'Maria Smith', 'ssawyer@example.net', 'organizer', 'Active'),
    (6, 'Virginia Lee', 'fallen@example.net', 'attendee', 'Active'),
    (7, 'Randy Moore', 'donaldbarnett@example.org', 'attendee', 'Suspended'),
    (8, 'Melissa Sims', 'wardemily@example.com', 'organizer', 'Suspended'),
    (9, 'Michael Walsh', 'cynthia51@example.com', 'organizer', 'Suspended'),
    (10, 'Michael Morris', 'randy34@example.net', 'attendee', 'Active'),
    (11, 'Megan Boyd', 'griffithmichelle@example.org', 'admin', 'Suspended'),
    (12, 'Heather Griffith', 'xcarter@example.org', 'organizer', 'Suspended'),
    (13, 'Todd Reeves', 'joshuaalexander@example.com', 'attendee', 'Suspended'),
    (14, 'Sandra Ramsey', 'torresdawn@example.net', 'organizer', 'Active'),
    (15, 'Sherry Norris', 'chandlertiffany@example.org', 'organizer', 'Active'),
    (16, 'Melissa Sanchez', 'smithsharon@example.net', 'admin', 'Suspended'),
    (17, 'Juan Silva', 'john62@example.com', 'admin', 'Suspended'),
    (18, 'Susan Scott', 'garciastephanie@example.com', 'organizer', 'Suspended'),
    (19, 'Morgan Estrada', 'pattersonpamela@example.com', 'attendee', 'Active'),
    (20, 'Jennifer Taylor', 'belltara@example.com', 'attendee', 'Suspended'),
    (21, 'Gary Berger', 'ashleytapia@example.org', 'admin', 'Active'),
    (22, 'Robert Aguilar', 'williamsmitchell@example.net', 'admin', 'Active'),
    (23, 'Meredith Mosley', 'rosarioaaron@example.com', 'admin', 'Active'),
    (24, 'Penny Murray', 'meganford@example.com', 'organizer', 'Suspended'),
    (25, 'Kenneth Duarte', 'hayesmonique@example.net', 'attendee', 'Active'),
    (26, 'Antonio Klein', 'christopherle@example.org', 'admin', 'Suspended'),
    (27, 'Brittany Smith', 'thomas66@example.net', 'admin', 'Suspended'),
    (28, 'Patrick Allen', 'lallison@example.com', 'organizer', 'Active'),
    (29, 'Elizabeth Medina', 'bnash@example.net', 'admin', 'Active'),
    (30, 'Blake Suarez', 'buchananmorgan@example.com', 'attendee', 'Suspended'),
    (31, 'Carlos Williams', 'kelly49@example.org', 'attendee', 'Active'),
    (32, 'Emily Murphy', 'burnsnicholas@example.org', 'admin', 'Active'),
    (33, 'Ernest Harrison', 'michaelhoward@example.net', 'admin', 'Suspended'),
    (34, 'Renee Morris', 'eduardo44@example.net', 'admin', 'Suspended'),
    (35, 'Brenda Williams', 'lcochran@example.com', 'organizer', 'Active'),
    (36, 'Andrew Abbott', 'ronald97@example.org', 'organizer', 'Suspended'),
    (37, 'William Roy', 'tclements@example.com', 'attendee', 'Suspended'),
    (38, 'Steven Norton', 'akelly@example.org', 'attendee', 'Active'),
    (39, 'Stephanie Murray', 'boonelaura@example.net', 'attendee', 'Active'),
    (40, 'Jessica Price', 'brian32@example.org', 'organizer', 'Active'),
    (41, 'Victoria Gonzalez', 'josecarney@example.com', 'attendee', 'Active'),
    (42, 'Thomas Cruz', 'michael19@example.org', 'organizer', 'Active'),
    (43, 'Ms. Patricia Long MD', 'castillosandra@example.net', 'organizer', 'Suspended'),
    (44, 'Randy Burns', 'orozcojohn@example.com', 'attendee', 'Active'),
    (45, 'Emily Cannon', 'xgriffin@example.com', 'admin', 'Suspended'),
    (46, 'Joseph Duncan DVM', 'fbutler@example.org', 'organizer', 'Suspended'),
    (47, 'Shane Ross', 'edward71@example.com', 'attendee', 'Active'),
    (48, 'Andrew Bond', 'johnsonjill@example.net', 'organizer', 'Active'),
    (49, 'Calvin Turner', 'mwright@example.com', 'attendee', 'Suspended'),
    (50, 'Laura Cooper', 'martinezjorge@example.com', 'organizer', 'Suspended'),
    (51, 'John Rivera', 'pagemelissa@example.net', 'organizer', 'Suspended'),
    (52, 'Steven Rojas', 'hollandbrian@example.org', 'organizer', 'Active'),
    (53, 'Kathleen Smith', 'daniel07@example.net', 'admin', 'Active'),
    (54, 'Alexis Cisneros', 'ashleywade@example.com', 'admin', 'Active'),
    (55, 'Ruth Graves', 'lisa89@example.com', 'admin', 'Suspended'),
    (56, 'Peter Schultz', 'lee51@example.com', 'admin', 'Suspended'),
    (57, 'Hailey Washington', 'david57@example.net', 'organizer', 'Active'),
    (58, 'Tanya Villegas', 'johnsonmatthew@example.org', 'admin', 'Suspended'),
    (59, 'Kim Baker', 'travislewis@example.net', 'attendee', 'Suspended'),
    (60, 'Sarah Mcdowell', 'michellemoore@example.com', 'organizer', 'Active'),
    (61, 'Renee Holloway', 'sharon97@example.com', 'attendee', 'Suspended'),
    (62, 'James Green', 'roberthernandez@example.net', 'admin', 'Active'),
    (63, 'Jason Miller', 'eric59@example.net', 'organizer', 'Active'),
    (64, 'William Fletcher', 'alexander18@example.net', 'admin', 'Suspended'),
    (65, 'Joseph Mitchell', 'hrichardson@example.net', 'admin', 'Suspended'),
    (66, 'Timothy Potter', 'lisa04@example.org', 'admin', 'Active'),
    (67, 'Samantha Long', 'rebeccaberry@example.org', 'attendee', 'Suspended'),
    (68, 'Scott Reilly', 'cruzrichard@example.net', 'attendee', 'Active'),
    (69, 'Sarah Reynolds', 'yorktonya@example.net', 'admin', 'Suspended'),
    (70, 'John Johnson', 'smithshannon@example.org', 'attendee', 'Active'),
    (71, 'Jamie Collins', 'leslieballard@example.org', 'attendee', 'Suspended'),
    (72, 'Benjamin Richards', 'lopezamanda@example.net', 'attendee', 'Suspended'),
    (73, 'Samuel Barnes', 'zwoods@example.org', 'attendee', 'Suspended'),
    (74, 'Thomas Buchanan', 'jacob81@example.com', 'attendee', 'Suspended'),
    (75, 'Jonathan Russell', 'calexander@example.org', 'admin', 'Active'),
    (76, 'Trevor Juarez', 'derek35@example.org', 'attendee', 'Active'),
    (77, 'Stephanie Murphy', 'jasoncox@example.org', 'admin', 'Active'),
    (78, 'Dominique Powers', 'ortizcheryl@example.com', 'attendee', 'Active'),
    (79, 'Kathleen Santana', 'rwalsh@example.org', 'attendee', 'Active'),
    (80, 'Carolyn Thomas', 'alexander89@example.org', 'organizer', 'Active'),
    (81, 'Samuel Peters', 'kirkandre@example.com', 'admin', 'Suspended'),
    (82, 'James Escobar', 'ellen28@example.org', 'organizer', 'Suspended'),
    (83, 'Cassidy Wright', 'christopher54@example.net', 'admin', 'Suspended'),
    (84, 'Samuel Wood', 'kimbrooks@example.net', 'attendee', 'Suspended'),
    (85, 'Amy Vaughn', 'hineswilliam@example.com', 'admin', 'Active'),
    (86, 'Arthur Jones', 'michelle39@example.net', 'organizer', 'Active'),
    (87, 'Lisa Patterson', 'robert11@example.net', 'attendee', 'Suspended'),
    (88, 'Nicholas Hughes', 'lkelley@example.net', 'admin', 'Suspended'),
    (89, 'James Stephens', 'fharper@example.com', 'organizer', 'Suspended'),
    (90, 'Nathaniel Harris', 'lucas68@example.org', 'admin', 'Suspended'),
    (91, 'Frank Cook', 'qballard@example.net', 'organizer', 'Suspended'),
    (92, 'Katherine Bowman', 'unorman@example.org', 'admin', 'Suspended'),
    (93, 'Brittany Richards', 'dayregina@example.com', 'organizer', 'Suspended'),
    (94, 'William Watkins', 'athomas@example.net', 'admin', 'Suspended'),
    (95, 'Cindy Robinson', 'jacobsonkristina@example.net', 'attendee', 'Active'),
    (96, 'Evelyn Bennett', 'marybaker@example.com', 'organizer', 'Active'),
    (97, 'Michael Cooper', 'daviscole@example.net', 'attendee', 'Suspended'),
    (98, 'Donna Jacobs', 'rjackson@example.com', 'organizer', 'Suspended'),
    (99, 'Melissa Freeman', 'tylersanchez@example.com', 'attendee', 'Active'),
    (100, 'Ryan Wallace', 'leevalerie@example.net', 'attendee', 'Suspended'),
    (101, 'Kimberly Torres', 'troth@example.com', 'organizer', 'Active'),
    (102, 'Jason Sanchez', 'yboyd@example.net', 'attendee', 'Active'),
    (103, 'Charles Alvarado', 'andrew07@example.com', 'organizer', 'Active'),
    (104, 'Jennifer Black', 'haley34@example.net', 'attendee', 'Active'),
    (105, 'Yesenia Walker', 'mistyjohnson@example.org', 'admin', 'Suspended'),
    (106, 'Alexander Matthews', 'olopez@example.org', 'organizer', 'Suspended'),
    (107, 'Cynthia Carter', 'nbrooks@example.com', 'organizer', 'Suspended'),
    (108, 'Donna Scott', 'justin40@example.com', 'attendee', 'Suspended'),
    (109, 'Ian Singh', 'tracy49@example.com', 'organizer', 'Active'),
    (110, 'Bonnie Parker', 'williamsfelicia@example.com', 'organizer', 'Suspended'),
    (111, 'Kellie Mcgee', 'brooksandrew@example.net', 'admin', 'Active'),
    (112, 'Pamela Deleon', 'underwoodmichelle@example.org', 'attendee', 'Suspended'),
    (113, 'Christina Lopez', 'lisamuel@example.com', 'admin', 'Suspended'),
    (114, 'David Kelly Jr.', 'randydavid@example.net', 'organizer', 'Suspended'),
    (115, 'Kristen Campbell', 'lynchjoseph@example.com', 'attendee', 'Suspended'),
    (116, 'Aaron Bishop', 'cochrankaitlin@example.com', 'organizer', 'Suspended'),
    (117, 'Wayne Case', 'meyersandrea@example.net', 'admin', 'Active'),
    (118, 'Nathan Davis', 'kathleen98@example.com', 'attendee', 'Suspended'),
    (119, 'Robert Burns', 'kpalmer@example.com', 'attendee', 'Active'),
    (120, 'Amber Miles', 'christopherfigueroa@example.net', 'admin', 'Suspended'),
    (121, 'Lindsey Lamb', 'jenniferwilliams@example.org', 'admin', 'Active'),
    (122, 'Gary Ross', 'anthonyteresa@example.com', 'admin', 'Suspended'),
    (123, 'Catherine Rivera MD', 'joshuanguyen@example.com', 'attendee', 'Suspended'),
    (124, 'Kimberly Clark', 'edward80@example.net', 'admin', 'Suspended'),
    (125, 'Jessica Peterson', 'gwise@example.org', 'admin', 'Active'),
    (126, 'Kathleen Washington', 'thomassimmons@example.com', 'admin', 'Active'),
    (127, 'Richard Brown', 'evanssandra@example.net', 'organizer', 'Active'),
    (128, 'Alan Bentley', 'matthewgardner@example.org', 'organizer', 'Suspended'),
    (129, 'Erica Wagner', 'stevenburke@example.com', 'admin', 'Suspended'),
    (130, 'Michael Black', 'qclark@example.org', 'attendee', 'Suspended'),
    (131, 'Vanessa Rodriguez', 'lisaglenn@example.net', 'admin', 'Suspended'),
    (132, 'Miss Lynn Meyer', 'sarasanchez@example.com', 'attendee', 'Active'),
    (133, 'Susan Murphy', 'evansjoseph@example.net', 'admin', 'Suspended'),
    (134, 'Sarah Miller', 'hendersoncarrie@example.net', 'organizer', 'Suspended'),
    (135, 'Steven Pineda', 'gloriabridges@example.org', 'attendee', 'Active'),
    (136, 'Trevor Johnson', 'joshua60@example.org', 'attendee', 'Active'),
    (137, 'Julie Cole', 'kevin31@example.org', 'attendee', 'Active'),
    (138, 'Javier Owens', 'michaellowe@example.com', 'organizer', 'Suspended'),
    (139, 'Patricia Brown', 'lisarodriguez@example.org', 'organizer', 'Suspended'),
    (140, 'Amber Bailey', 'linda09@example.com', 'admin', 'Active'),
    (141, 'Courtney Brooks', 'zphelps@example.org', 'organizer', 'Active'),
    (142, 'Dennis Mckay', 'igiles@example.net', 'attendee', 'Active'),
    (143, 'Ashley Williams', 'alexsimon@example.com', 'organizer', 'Suspended'),
    (144, 'Danielle Blackwell', 'gnorton@example.org', 'organizer', 'Suspended'),
    (145, 'Jason Glass', 'ruizlisa@example.net', 'attendee', 'Suspended'),
    (146, 'David Ibarra', 'danny14@example.com', 'attendee', 'Suspended'),
    (147, 'Scott Carr', 'kerrybaker@example.net', 'attendee', 'Active'),
    (148, 'Grant Baker', 'karen44@example.net', 'admin', 'Active'),
    (149, 'Jonathan Martinez', 'heathercollier@example.net', 'attendee', 'Suspended'),
    (150, 'Lisa Ramirez', 'maypamela@example.org', 'attendee', 'Active'),
    (151, 'Ryan Klein', 'ericmaldonado@example.net', 'admin', 'Suspended'),
    (152, 'Anthony Brown', 'xgreen@example.net', 'organizer', 'Active'),
    (153, 'Lynn Cline DDS', 'karahenry@example.org', 'attendee', 'Suspended'),
    (154, 'Robert Roth', 'jennifer76@example.com', 'attendee', 'Active'),
    (155, 'Chris Howe', 'vcampos@example.com', 'organizer', 'Active'),
    (156, 'Whitney Snyder', 'anthonyrobles@example.com', 'admin', 'Active'),
    (157, 'Amy Gomez', 'gsmith@example.org', 'admin', 'Suspended'),
    (158, 'Pamela Miranda', 'bauerelizabeth@example.com', 'attendee', 'Suspended'),
    (159, 'Ricky Tran', 'dylanharris@example.com', 'admin', 'Active'),
    (160, 'Sharon Austin', 'travistaylor@example.com', 'organizer', 'Suspended'),
    (161, 'Tamara Patel', 'jonescharles@example.net', 'attendee', 'Suspended'),
    (162, 'Kelly Estrada', 'uvargas@example.net', 'attendee', 'Suspended'),
    (163, 'Kaitlin Williams', 'davidsondavid@example.net', 'admin', 'Suspended'),
    (164, 'Stephanie Robinson', 'cynthiawilliams@example.com', 'attendee', 'Suspended'),
    (165, 'Daniel Mcintyre', 'ronaldbauer@example.com', 'organizer', 'Active'),
    (166, 'Matthew Jones', 'amyrogers@example.com', 'admin', 'Active'),
    (167, 'Alex Mora', 'dhicks@example.net', 'admin', 'Active'),
    (168, 'Corey Walsh', 'oross@example.org', 'organizer', 'Suspended'),
    (169, 'Michael Montoya', 'molinalauren@example.com', 'attendee', 'Active'),
    (170, 'David Novak', 'edward73@example.com', 'attendee', 'Suspended'),
    (171, 'Erin Lin', 'moyeramy@example.org', 'organizer', 'Suspended'),
    (172, 'Sonya Humphrey', 'andreadavila@example.org', 'admin', 'Active'),
    (173, 'Ashley Ward', 'kshea@example.com', 'admin', 'Active'),
    (174, 'Sydney Moore', 'hubbardjoy@example.com', 'attendee', 'Suspended'),
    (175, 'Samuel Collins', 'lphillips@example.org', 'admin', 'Active'),
    (176, 'Steven Williams', 'osbornefrank@example.net', 'attendee', 'Suspended'),
    (177, 'Nicole Wilson', 'amathis@example.com', 'admin', 'Suspended'),
    (178, 'Renee Chandler', 'alexanderblack@example.org', 'organizer', 'Suspended'),
    (179, 'Nicole Peterson', 'melinda33@example.org', 'attendee', 'Active'),
    (180, 'Brian Ford', 'robynfuller@example.com', 'attendee', 'Active'),
    (181, 'Kevin Walker', 'ebridges@example.com', 'organizer', 'Suspended'),
    (182, 'Kelly Wall', 'michaelobrien@example.net', 'admin', 'Active'),
    (183, 'Paul Flowers', 'ugonzalez@example.com', 'organizer', 'Active'),
    (184, 'Adrian Cox', 'shanegreen@example.org', 'organizer', 'Active'),
    (185, 'Evan Watkins', 'wayne61@example.com', 'admin', 'Active'),
    (186, 'Jason James', 'melissa33@example.org', 'attendee', 'Active'),
    (187, 'Amanda Khan', 'kelly60@example.com', 'admin', 'Suspended'),
    (188, 'Donald Ramsey', 'misty85@example.org', 'organizer', 'Active'),
    (189, 'Fred Johnson', 'ogarcia@example.com', 'attendee', 'Active'),
    (190, 'Elizabeth Goodwin', 'timothyrivera@example.net', 'organizer', 'Suspended'),
    (191, 'Bruce Johnson', 'janetfletcher@example.net', 'organizer', 'Active'),
    (192, 'David Brown', 'lindseycooper@example.com', 'organizer', 'Suspended'),
    (193, 'Zachary Garcia', 'cole84@example.org', 'organizer', 'Active'),
    (194, 'Jeremy Wallace', 'hooperjacqueline@example.com', 'attendee', 'Active'),
    (195, 'Virginia Gomez', 'shannongarcia@example.net', 'attendee', 'Suspended'),
    (196, 'Kristy Alvarez', 'nhall@example.net', 'admin', 'Suspended'),
    (197, 'Mercedes White', 'brewersandy@example.org', 'organizer', 'Active'),
    (198, 'Michael Vasquez', 'rodriguezjoy@example.org', 'organizer', 'Active'),
    (199, 'Theresa Phillips', 'nicolepaul@example.org', 'admin', 'Active'),
    (200, 'Douglas Moore', 'xjimenez@example.org', 'organizer', 'Active'),
    (201, 'Paul Shaw', 'alexis24@example.net', 'attendee', 'Suspended'),
    (202, 'Maria Morales', 'yhicks@example.com', 'attendee', 'Suspended'),
    (203, 'Jesse Powell', 'michael41@example.net', 'organizer', 'Suspended'),
    (204, 'Alexander Martinez', 'qpierce@example.com', 'organizer', 'Suspended'),
    (205, 'Deborah Ochoa', 'ashley31@example.com', 'admin', 'Suspended'),
    (206, 'Robert Miller', 'rlyons@example.net', 'admin', 'Suspended'),
    (207, 'Evan Rich', 'williamsrobin@example.com', 'organizer', 'Active'),
    (208, 'Cindy Gomez', 'mhowell@example.org', 'organizer', 'Active'),
    (209, 'Carla Jones', 'joannagill@example.com', 'attendee', 'Suspended'),
    (210, 'Samantha Burgess', 'wanda01@example.com', 'attendee', 'Active'),
    (211, 'Cassandra Thompson', 'lhill@example.com', 'attendee', 'Suspended'),
    (212, 'Robin Bennett', 'robertsbetty@example.com', 'attendee', 'Suspended'),
    (213, 'Danielle Ray', 'melissa04@example.com', 'organizer', 'Active'),
    (214, 'Kevin Stanley', 'yharper@example.net', 'attendee', 'Suspended'),
    (215, 'Kathryn Wilson', 'lopezashley@example.org', 'attendee', 'Active'),
    (216, 'Willie Neal', 'nedwards@example.net', 'admin', 'Active'),
    (217, 'Kelly Mann', 'gregorydavila@example.org', 'admin', 'Active'),
    (218, 'Jennifer Lee', 'jeffrey01@example.com', 'admin', 'Suspended'),
    (219, 'Lori Cochran', 'millerlisa@example.org', 'organizer', 'Active'),
    (220, 'Maurice Bennett', 'sjones@example.org', 'attendee', 'Suspended'),
    (221, 'Jesse Phillips', 'kevin35@example.net', 'attendee', 'Suspended'),
    (222, 'Gary Miller', 'jenniferestrada@example.net', 'attendee', 'Suspended'),
    (223, 'Jessica Mendoza', 'hdavis@example.net', 'attendee', 'Active'),
    (224, 'Cheryl Perez', 'mariahpatrick@example.org', 'admin', 'Active'),
    (225, 'Abigail Miller', 'shawnbishop@example.net', 'organizer', 'Suspended'),
    (226, 'Nicholas Lane', 'johncook@example.net', 'attendee', 'Suspended'),
    (227, 'Justin Spence', 'awilliams@example.org', 'attendee', 'Active'),
    (228, 'Robert Hansen', 'daniel94@example.com', 'attendee', 'Suspended'),
    (229, 'Ralph Foster', 'davidjohn@example.net', 'admin', 'Suspended'),
    (230, 'Emily Pena', 'wheelermichele@example.net', 'attendee', 'Suspended'),
    (231, 'Courtney Ward', 'eric37@example.com', 'attendee', 'Suspended'),
    (232, 'Angela Walker', 'pamela21@example.net', 'attendee', 'Active'),
    (233, 'Regina Hoover', 'jelliott@example.org', 'attendee', 'Active'),
    (234, 'Timothy Cook', 'robertholder@example.org', 'attendee', 'Suspended'),
    (235, 'David Hill', 'rebecca08@example.net', 'organizer', 'Suspended'),
    (236, 'Ethan Chavez', 'matthewmcneil@example.org', 'admin', 'Active'),
    (237, 'Ana Dominguez', 'brian37@example.org', 'attendee', 'Active'),
    (238, 'Tracey Arellano', 'johnsonbrooke@example.net', 'organizer', 'Active'),
    (239, 'David Scott', 'shane31@example.net', 'admin', 'Active'),
    (240, 'Brady Bullock', 'ejohnson@example.org', 'organizer', 'Active'),
    (241, 'Shawn Allen', 'hernandezkathryn@example.com', 'admin', 'Active'),
    (242, 'Calvin Marshall', 'michael62@example.org', 'admin', 'Active'),
    (243, 'Gary Gordon', 'vegaamber@example.net', 'attendee', 'Active'),
    (244, 'Cindy Cook', 'thomas34@example.net', 'admin', 'Suspended'),
    (245, 'Brian Williams', 'phillipsduane@example.org', 'admin', 'Active'),
    (246, 'Sarah Scott', 'chasesarah@example.org', 'attendee', 'Suspended'),
    (247, 'Ronald Bradley', 'kingtaylor@example.net', 'admin', 'Active'),
    (248, 'Stephen Avila', 'rogerscatherine@example.net', 'attendee', 'Active'),
    (249, 'Charles Richards', 'juan68@example.org', 'organizer', 'Active'),
    (250, 'Tina David', 'brittney27@example.com', 'organizer', 'Suspended'),
    (251, 'Michael Brown', 'montgomeryalexis@example.net', 'attendee', 'Suspended'),
    (252, 'Vanessa Pollard', 'brittney73@example.net', 'admin', 'Suspended'),
    (253, 'Anna Stevenson', 'fergusonmike@example.com', 'organizer', 'Active'),
    (254, 'Sheila Adams', 'jamesmartin@example.com', 'attendee', 'Active'),
    (255, 'Kent Mendez', 'whitneyhurley@example.org', 'organizer', 'Active'),
    (256, 'Gregory Lawrence', 'christopher11@example.org', 'organizer', 'Active'),
    (257, 'Sarah Gomez', 'ericalong@example.com', 'attendee', 'Suspended'),
    (258, 'Robert Smith', 'karensalas@example.com', 'admin', 'Suspended'),
    (259, 'Mary Shaffer', 'meyersharon@example.org', 'organizer', 'Active'),
    (260, 'Stephen Garcia', 'scottramos@example.org', 'organizer', 'Suspended'),
    (261, 'Cynthia Spencer', 'lambertlaura@example.org', 'admin', 'Suspended'),
    (262, 'Christina Atkins', 'mikayla53@example.org', 'admin', 'Suspended'),
    (263, 'Margaret Burch', 'kortiz@example.com', 'attendee', 'Suspended'),
    (264, 'Kristina Tucker', 'derek71@example.net', 'attendee', 'Active'),
    (265, 'Molly Keller', 'christopher31@example.org', 'organizer', 'Active'),
    (266, 'Christina Roman', 'sfreeman@example.net', 'organizer', 'Suspended'),
    (267, 'Frederick Harris', 'cstewart@example.net', 'organizer', 'Suspended'),
    (268, 'John Clark', 'jcontreras@example.com', 'attendee', 'Active'),
    (269, 'Scott Boyd', 'opoole@example.com', 'admin', 'Active'),
    (270, 'Alex Lopez', 'jenniferdickerson@example.org', 'organizer', 'Suspended'),
    (271, 'Patricia Bass', 'tramirez@example.com', 'admin', 'Active'),
    (272, 'Ruth Kennedy', 'lweaver@example.net', 'admin', 'Active'),
    (273, 'Angie Turner', 'garretterica@example.net', 'attendee', 'Active'),
    (274, 'Jason Robinson', 'villegasdonald@example.org', 'attendee', 'Active'),
    (275, 'Joseph Sanchez', 'brian79@example.com', 'attendee', 'Active'),
    (276, 'Wayne Robbins', 'randy06@example.net', 'attendee', 'Active'),
    (277, 'Mark Livingston', 'samanthamorton@example.com', 'organizer', 'Active'),
    (278, 'Jessica Duke', 'stokesbryan@example.net', 'admin', 'Active'),
    (279, 'Julia Ford', 'kristin51@example.com', 'organizer', 'Active'),
    (280, 'Harold Hurley', 'mdiaz@example.org', 'attendee', 'Suspended'),
    (281, 'Audrey Wiley', 'erinhuynh@example.net', 'admin', 'Suspended'),
    (282, 'Douglas Mcdonald', 'rwilliams@example.net', 'attendee', 'Suspended'),
    (283, 'John May', 'tashalopez@example.com', 'admin', 'Active'),
    (284, 'Amy Howard', 'chelseaharris@example.org', 'organizer', 'Active'),
    (285, 'Nancy Walters', 'christopherortiz@example.com', 'admin', 'Active'),
    (286, 'Monica Clark', 'tweber@example.com', 'attendee', 'Active'),
    (287, 'Christopher Garcia', 'katelynsosa@example.org', 'admin', 'Suspended'),
    (288, 'Jared Cox', 'gonzalesdiana@example.net', 'organizer', 'Active'),
    (289, 'Crystal Sanford', 'ecoleman@example.com', 'admin', 'Active'),
    (290, 'Patricia Branch', 'grayjackie@example.net', 'attendee', 'Active'),
    (291, 'Tammy Randall', 'morgansean@example.org', 'attendee', 'Active'),
    (292, 'Donald Watts', 'stacyjohnson@example.com', 'attendee', 'Active'),
    (293, 'Marc Parker', 'tpalmer@example.com', 'organizer', 'Active'),
    (294, 'Lydia Rose', 'davidmata@example.net', 'organizer', 'Suspended'),
    (295, 'Anthony Townsend', 'bobrien@example.net', 'organizer', 'Suspended'),
    (296, 'Norman Williams', 'vazquezalbert@example.net', 'attendee', 'Active'),
    (297, 'Christina Carter', 'gonzalezbenjamin@example.com', 'attendee', 'Active'),
    (298, 'John Houston', 'jeffreydixon@example.com', 'attendee', 'Active'),
    (299, 'Anthony Ward', 'michaelrodriguez@example.org', 'admin', 'Active'),
    (300, 'Lauren Hunt', 'taylorjoseph@example.org', 'organizer', 'Suspended'),
    (301, 'Matthew Cook', 'arivera@example.org', 'organizer', 'Active'),
    (302, 'Louis George', 'louis77@example.com', 'attendee', 'Active'),
    (303, 'Jordan Crane MD', 'lisa15@example.org', 'admin', 'Suspended'),
    (304, 'Michele Gonzalez', 'jessica66@example.org', 'organizer', 'Suspended'),
    (305, 'Glenn Jacobs', 'jessica18@example.org', 'admin', 'Active'),
    (306, 'Adam Bell', 'fowlerjacob@example.com', 'organizer', 'Active'),
    (307, 'Laura Myers', 'jennifer83@example.com', 'admin', 'Suspended'),
    (308, 'Brenda Ball', 'joanneallen@example.com', 'organizer', 'Active'),
    (309, 'James Jones', 'robin51@example.com', 'organizer', 'Suspended'),
    (310, 'James Booth', 'rgraves@example.org', 'organizer', 'Suspended'),
    (311, 'Joshua Maxwell', 'patrick49@example.net', 'admin', 'Active'),
    (312, 'Erin Jenkins', 'christopherbaker@example.net', 'organizer', 'Suspended'),
    (313, 'Jasmine Jones', 'robinsonethan@example.com', 'admin', 'Suspended'),
    (314, 'Michelle Jackson', 'pthomas@example.org', 'attendee', 'Suspended'),
    (315, 'Jon Mccormick', 'thomasmorris@example.net', 'organizer', 'Active'),
    (316, 'Stephen Hunt', 'ebrock@example.org', 'organizer', 'Active'),
    (317, 'Sara Hayes', 'collierjodi@example.net', 'attendee', 'Suspended'),
    (318, 'Scott Flores', 'alexafowler@example.org', 'attendee', 'Active'),
    (319, 'Cheryl Montoya', 'jhernandez@example.net', 'attendee', 'Active'),
    (320, 'Lisa Lopez', 'mccoytamara@example.org', 'organizer', 'Suspended'),
    (321, 'Nicole Huffman', 'michaelbentley@example.net', 'organizer', 'Active'),
    (322, 'Kenneth Thompson', 'morrisonvictor@example.com', 'organizer', 'Suspended'),
    (323, 'Michael Campbell', 'calderonlauren@example.com', 'attendee', 'Suspended'),
    (324, 'Hayley Johnson', 'lamjon@example.com', 'organizer', 'Active'),
    (325, 'Andrea Johnson', 'bpeterson@example.com', 'organizer', 'Suspended'),
    (326, 'Anthony Wolf', 'jason28@example.org', 'organizer', 'Active'),
    (327, 'Benjamin Barnes', 'eyork@example.net', 'attendee', 'Active'),
    (328, 'Christie Mitchell', 'rwallace@example.net', 'admin', 'Active'),
    (329, 'Tracy Brown', 'ustewart@example.net', 'admin', 'Active'),
    (330, 'Glenn Singh', 'mary02@example.net', 'attendee', 'Active'),
    (331, 'Jason Craig', 'valenzuelamatthew@example.net', 'attendee', 'Suspended'),
    (332, 'Chad Baker', 'selenaobrien@example.org', 'admin', 'Suspended'),
    (333, 'April Moran', 'christopherlawrence@example.com', 'organizer', 'Suspended'),
    (334, 'Angela Castillo', 'douglas26@example.com', 'attendee', 'Active'),
    (335, 'Amanda Moore', 'osoto@example.net', 'admin', 'Active'),
    (336, 'Shane Reeves DDS', 'daviselizabeth@example.net', 'admin', 'Suspended'),
    (337, 'Julie Mercado', 'joneschristine@example.org', 'admin', 'Suspended'),
    (338, 'Monica Meadows', 'rroberts@example.net', 'admin', 'Active'),
    (339, 'Jose Sanchez', 'andrew80@example.com', 'organizer', 'Active'),
    (340, 'Jennifer Rodriguez', 'caitlinjackson@example.org', 'attendee', 'Active'),
    (341, 'Eric Schwartz', 'lewisdouglas@example.com', 'admin', 'Active'),
    (342, 'Ashley Jenkins', 'rebeccablack@example.org', 'organizer', 'Suspended'),
    (343, 'Mark Long', 'lanerachel@example.net', 'attendee', 'Active'),
    (344, 'Elizabeth Eaton', 'christopher87@example.org', 'attendee', 'Suspended'),
    (345, 'Sherry Mendoza', 'josephmatthew@example.net', 'attendee', 'Suspended'),
    (346, 'Greg Allen', 'allison88@example.org', 'organizer', 'Active'),
    (347, 'Angela Gibson', 'nancy36@example.org', 'attendee', 'Active'),
    (348, 'Amber Lam', 'ruben60@example.com', 'organizer', 'Active'),
    (349, 'Matthew Zimmerman', 'lyonscourtney@example.org', 'organizer', 'Suspended'),
    (350, 'Tamara Boyd', 'evankeller@example.org', 'attendee', 'Suspended'),
    (351, 'Kimberly Mcdonald', 'irodgers@example.net', 'admin', 'Suspended'),
    (352, 'John Yu', 'rnavarro@example.com', 'attendee', 'Suspended'),
    (353, 'Don Sullivan', 'hectorfrench@example.org', 'organizer', 'Suspended'),
    (354, 'Christopher Smith', 'johnsonlisa@example.com', 'attendee', 'Suspended'),
    (355, 'Mr. Raymond Bartlett MD', 'ocisneros@example.org', 'admin', 'Active'),
    (356, 'Christina Barton', 'xjones@example.net', 'attendee', 'Suspended'),
    (357, 'Amanda Cook', 'clamb@example.net', 'attendee', 'Suspended'),
    (358, 'Amy Odonnell', 'ualvarez@example.org', 'organizer', 'Suspended'),
    (359, 'Gabrielle Brown', 'ewallace@example.org', 'admin', 'Active'),
    (360, 'Sarah Santiago', 'timothymosley@example.org', 'admin', 'Active'),
    (361, 'Sara Simmons', 'pamelaerickson@example.net', 'admin', 'Suspended'),
    (362, 'Michael Douglas', 'peterbrown@example.net', 'organizer', 'Active'),
    (363, 'Sharon Black', 'matthewsilva@example.net', 'admin', 'Suspended'),
    (364, 'Debra Bullock', 'kavila@example.net', 'organizer', 'Active'),
    (365, 'Deborah Brown', 'jroberson@example.org', 'admin', 'Active'),
    (366, 'David Rodriguez', 'esparzaamanda@example.org', 'organizer', 'Suspended'),
    (367, 'Brandon Silva', 'johnsonkathy@example.net', 'admin', 'Suspended'),
    (368, 'Peter Bentley', 'dperez@example.net', 'organizer', 'Suspended'),
    (369, 'Andrew Castillo', 'russellseth@example.com', 'admin', 'Active'),
    (370, 'Jennifer Bailey', 'davidjoseph@example.org', 'admin', 'Suspended'),
    (371, 'Kelsey House', 'martinezjoshua@example.org', 'admin', 'Suspended'),
    (372, 'Thomas Gillespie', 'tzamora@example.com', 'admin', 'Active'),
    (373, 'Laura Harris', 'jordanpace@example.org', 'attendee', 'Suspended'),
    (374, 'Loretta Hudson', 'kenneth33@example.org', 'admin', 'Suspended'),
    (375, 'Robert Smith', 'ashley20@example.org', 'organizer', 'Suspended'),
    (376, 'Cody Hoffman', 'hburns@example.com', 'attendee', 'Suspended'),
    (377, 'Kimberly Smith', 'nlawson@example.com', 'admin', 'Suspended'),
    (378, 'Stephanie Williams', 'juan25@example.org', 'organizer', 'Active'),
    (379, 'Janet Thomas', 'mvance@example.net', 'organizer', 'Active'),
    (380, 'Victoria Maxwell', 'xpatrick@example.net', 'attendee', 'Suspended'),
    (381, 'Lauren Ward', 'allison89@example.net', 'admin', 'Active'),
    (382, 'William Dougherty', 'hoovermark@example.com', 'organizer', 'Suspended'),
    (383, 'Amber Gilbert', 'sbennett@example.com', 'organizer', 'Active'),
    (384, 'Nancy Chandler', 'foxsamantha@example.org', 'attendee', 'Active'),
    (385, 'Frederick Hill', 'glennjacob@example.com', 'organizer', 'Active'),
    (386, 'Eric Kane', 'roseerin@example.org', 'organizer', 'Suspended'),
    (387, 'Rachel Jones', 'gilbertscott@example.org', 'organizer', 'Active'),
    (388, 'Julie Morse', 'kaylaalvarez@example.org', 'attendee', 'Active'),
    (389, 'Jennifer Ramirez', 'justinrocha@example.com', 'organizer', 'Suspended'),
    (390, 'William Ho', 'patrick37@example.com', 'attendee', 'Active'),
    (391, 'Mrs. Jennifer Vega', 'dgalvan@example.org', 'admin', 'Suspended'),
    (392, 'Mary Murray', 'zphillips@example.net', 'admin', 'Active'),
    (393, 'Timothy Atkinson', 'morrisonpenny@example.org', 'attendee', 'Active'),
    (394, 'Dawn Spencer', 'patrickhughes@example.net', 'admin', 'Suspended'),
    (395, 'Andrew Brown', 'mitchell60@example.net', 'attendee', 'Suspended'),
    (396, 'Linda Smith', 'moorekaitlyn@example.com', 'attendee', 'Suspended'),
    (397, 'Danielle Rangel', 'mary45@example.org', 'attendee', 'Suspended'),
    (398, 'John Foster', 'garciasabrina@example.net', 'admin', 'Suspended'),
    (399, 'Michele Little', 'lori81@example.net', 'admin', 'Active'),
    (400, 'Christopher Armstrong', 'vincent66@example.net', 'admin', 'Active'),
    (401, 'Debra Crane', 'jay89@example.net', 'attendee', 'Active'),
    (402, 'Joshua Hopkins', 'gregory10@example.org', 'attendee', 'Suspended'),
    (403, 'Elizabeth Arellano', 'mitchellterri@example.org', 'attendee', 'Suspended'),
    (404, 'Jose Anderson', 'david44@example.net', 'admin', 'Active'),
    (405, 'Ann Black', 'ortegajillian@example.net', 'organizer', 'Suspended'),
    (406, 'Daniel Lewis', 'pcox@example.net', 'admin', 'Suspended'),
    (407, 'Blake Hernandez', 'gary94@example.net', 'organizer', 'Active'),
    (408, 'Thomas Williams', 'markmyers@example.com', 'admin', 'Active'),
    (409, 'Leslie Wall', 'tombaker@example.org', 'attendee', 'Suspended'),
    (410, 'Carrie Liu', 'hquinn@example.org', 'organizer', 'Suspended'),
    (411, 'Lisa Kim', 'mitchellmays@example.net', 'admin', 'Active'),
    (412, 'Monica Ward', 'xbernard@example.com', 'organizer', 'Suspended'),
    (413, 'Amanda Johnson', 'sara28@example.com', 'organizer', 'Suspended'),
    (414, 'Amanda Francis', 'iclark@example.net', 'admin', 'Suspended'),
    (415, 'Amanda Wilson', 'richardwagner@example.org', 'admin', 'Suspended'),
    (416, 'Anna Berry', 'murphydaniel@example.com', 'attendee', 'Active'),
    (417, 'Paul Mueller', 'hernandeztoni@example.net', 'admin', 'Suspended'),
    (418, 'Tammy Riley', 'quinnmichele@example.net', 'attendee', 'Active'),
    (419, 'Jeffrey Ray', 'donald75@example.org', 'attendee', 'Suspended'),
    (420, 'Sandra Sanders', 'wongleah@example.net', 'organizer', 'Suspended'),
    (421, 'Kristina Moss', 'monicagray@example.net', 'attendee', 'Active'),
    (422, 'John Powell', 'lhughes@example.net', 'attendee', 'Active'),
    (423, 'Sabrina Garrett', 'ehardy@example.net', 'organizer', 'Active'),
    (424, 'Jordan Guzman', 'robert62@example.com', 'attendee', 'Suspended'),
    (425, 'Jason Coleman', 'stephanie52@example.net', 'organizer', 'Active'),
    (426, 'Sarah Garcia', 'dwise@example.net', 'admin', 'Active'),
    (427, 'Mrs. Jennifer Young', 'donald87@example.net', 'organizer', 'Active'),
    (428, 'Greg Graham DDS', 'stephanie36@example.net', 'organizer', 'Active'),
    (429, 'Jessica Vega PhD', 'tbarton@example.net', 'admin', 'Suspended'),
    (430, 'Terrence Martin', 'gonzalezmichael@example.org', 'organizer', 'Suspended'),
    (431, 'Ashley Ellis', 'emmavillanueva@example.org', 'admin', 'Suspended'),
    (432, 'April Shaffer', 'christinawilliams@example.net', 'attendee', 'Suspended'),
    (433, 'Christopher Lynch', 'alvaradomarissa@example.net', 'attendee', 'Suspended'),
    (434, 'Haley Carter', 'wesleybright@example.net', 'organizer', 'Suspended'),
    (435, 'Philip Morris', 'rhoffman@example.net', 'attendee', 'Active'),
    (436, 'Brian Dillon', 'toddgonzalez@example.org', 'organizer', 'Active'),
    (437, 'Jason Lopez', 'michelleparker@example.org', 'admin', 'Suspended'),
    (438, 'Heather Johnson', 'floreskristen@example.com', 'admin', 'Active'),
    (439, 'John Graham', 'wcox@example.com', 'organizer', 'Suspended'),
    (440, 'William Sheppard', 'gomezmichael@example.net', 'attendee', 'Active'),
    (441, 'Susan Greer', 'jallen@example.org', 'attendee', 'Suspended'),
    (442, 'Robert Sanchez', 'egraham@example.org', 'organizer', 'Suspended'),
    (443, 'Kathy Warner', 'yjames@example.org', 'organizer', 'Suspended'),
    (444, 'Emily Mcgrath', 'barkerlee@example.org', 'organizer', 'Active'),
    (445, 'Melanie Gonzalez', 'monicajones@example.org', 'admin', 'Suspended'),
    (446, 'James Morrow', 'odomstephen@example.com', 'attendee', 'Suspended'),
    (447, 'Linda Clark', 'powelljessica@example.net', 'admin', 'Suspended'),
    (448, 'Charles Quinn PhD', 'brownkimberly@example.org', 'organizer', 'Suspended'),
    (449, 'Yesenia Mendez', 'pharris@example.com', 'organizer', 'Active'),
    (450, 'Stacy Ochoa', 'robinsonmatthew@example.net', 'admin', 'Active'),
    (451, 'Marc Stewart', 'toddguzman@example.com', 'attendee', 'Suspended'),
    (452, 'Andrew Snyder', 'millerray@example.org', 'organizer', 'Suspended'),
    (453, 'Wyatt Wang', 'cobbmatthew@example.org', 'admin', 'Active'),
    (454, 'Joshua Hill', 'medwards@example.com', 'organizer', 'Suspended'),
    (455, 'Ryan Leon', 'ihill@example.org', 'admin', 'Active'),
    (456, 'Paige Ray', 'torresdeborah@example.org', 'attendee', 'Suspended'),
    (457, 'Melissa Garcia', 'bwhite@example.com', 'admin', 'Active'),
    (458, 'Tanya Henderson', 'cindycampbell@example.com', 'admin', 'Active'),
    (459, 'Katherine Henry', 'franklincaleb@example.net', 'organizer', 'Active'),
    (460, 'Hannah Wilson', 'robert06@example.com', 'attendee', 'Suspended'),
    (461, 'Amy Vazquez', 'sriley@example.com', 'attendee', 'Active'),
    (462, 'Leslie Forbes', 'michael20@example.net', 'organizer', 'Suspended'),
    (463, 'Claire Byrd', 'icopeland@example.org', 'admin', 'Active'),
    (464, 'Lori Mendez', 'gayrachel@example.org', 'attendee', 'Suspended'),
    (465, 'Daniel Jackson', 'dcooper@example.com', 'attendee', 'Suspended'),
    (466, 'Gregory Dalton', 'brandonwhite@example.com', 'organizer', 'Active'),
    (467, 'Tammy Gregory', 'qrobinson@example.org', 'admin', 'Active'),
    (468, 'Courtney Sullivan', 'kathleensilva@example.org', 'admin', 'Suspended'),
    (469, 'Dawn Frazier', 'ialexander@example.org', 'organizer', 'Active'),
    (470, 'Thomas Lucas', 'hunterjoseph@example.net', 'admin', 'Suspended'),
    (471, 'Jason Gates', 'nixonsandra@example.com', 'admin', 'Suspended'),
    (472, 'Dana Jenkins', 'michellestevens@example.net', 'admin', 'Active'),
    (473, 'Robert Frazier', 'nancyrodriguez@example.org', 'attendee', 'Suspended'),
    (474, 'Robert Michael', 'benjamin67@example.net', 'attendee', 'Suspended'),
    (475, 'Robert Moore', 'smithkelly@example.com', 'admin', 'Active'),
    (476, 'Jesus Lee', 'madisonallen@example.net', 'organizer', 'Active'),
    (477, 'Natalie Whitehead', 'murrayjennifer@example.org', 'organizer', 'Suspended'),
    (478, 'James Trevino', 'xvaughan@example.com', 'attendee', 'Active'),
    (479, 'Jeremy Guerrero', 'youngstephanie@example.com', 'admin', 'Active'),
    (480, 'Jason Brown', 'amanda76@example.net', 'organizer', 'Suspended'),
    (481, 'Kendra Jackson', 'thompsonhaley@example.com', 'attendee', 'Active'),
    (482, 'Fernando Wilson', 'diazmichael@example.com', 'attendee', 'Active'),
    (483, 'Paige Thomas', 'zachary81@example.org', 'organizer', 'Suspended'),
    (484, 'Andrew Barnett', 'meghan54@example.org', 'attendee', 'Suspended'),
    (485, 'Mackenzie Davidson', 'aroberts@example.net', 'admin', 'Suspended'),
    (486, 'Jesse Ellison', 'zevans@example.net', 'organizer', 'Active'),
    (487, 'Mary Matthews', 'danielle08@example.org', 'attendee', 'Suspended'),
    (488, 'Patricia Hicks', 'ambercastillo@example.org', 'organizer', 'Active'),
    (489, 'Crystal Wheeler', 'elizabethhenderson@example.com', 'attendee', 'Suspended'),
    (490, 'Robin Wells', 'amber94@example.net', 'organizer', 'Active'),
    (491, 'David Beard', 'cholmes@example.org', 'organizer', 'Active'),
    (492, 'William Gregory', 'nathancharles@example.net', 'attendee', 'Active'),
    (493, 'Craig Ryan', 'nfoster@example.net', 'admin', 'Active'),
    (494, 'Fred Meyers', 'manuelmontgomery@example.net', 'attendee', 'Suspended'),
    (495, 'Samuel Alvarez', 'pbryant@example.org', 'attendee', 'Active'),
    (496, 'Allison Glass', 'arnolderic@example.org', 'admin', 'Active'),
    (497, 'Barbara Lambert', 'briansutton@example.org', 'attendee', 'Active'),
    (498, 'Christopher Walton MD', 'allisonlamb@example.net', 'admin', 'Active'),
    (499, 'Shawn Gutierrez', 'mfitzgerald@example.net', 'attendee', 'Suspended'),
    (500, 'Mary Maxwell', 'walkerraven@example.net', 'admin', 'Active');

INSERT INTO `venue` (`venue_id`, `name`, `capacity`, `address`, `city`) VALUES
    (101, 'Universal City Convention Hall', 4554, '49387 Tyler Fall Apt. 225', 'Universal City'),
    (102, 'Boerne Community Center', 5483, '1104 Justin Cliff Suite 619', 'Boerne'),
    (103, 'San Marcos Auditorium', 1488, '152 Hoffman Skyway', 'San Marcos'),
    (104, 'Boerne Park Pavilion', 4922, '287 Nicholas Junctions', 'Boerne'),
    (105, 'New Braunfels Theater', 14057, '413 Alexander Estates Apt. 635', 'New Braunfels'),
    (106, 'Boerne Theater', 14346, '415 Garcia Island', 'Boerne'),
    (107, 'New Braunfels Convention Hall', 14492, '2005 George Forest Suite 739', 'New Braunfels'),
    (108, 'Seguin Auditorium', 1108, '505 Kelley Creek', 'Seguin'),
    (109, 'Schertz Park Pavilion', 2476, '828 Lawson Landing Suite 152', 'Schertz'),
    (110, 'Cibolo Auditorium', 261, '4995 Karla Crossroad Suite 811', 'Cibolo'),
    (111, 'San Marcos Park Pavilion', 1721, '801 Castaneda Springs Apt. 834', 'San Marcos'),
    (112, 'San Marcos Community Center', 7202, '303 Hannah Island', 'San Marcos'),
    (113, 'Seguin Park Pavilion', 10112, '997 Edwards Ferry', 'Seguin'),
    (114, 'San Antonio Park Pavilion', 2505, '0990 Diaz Inlet Apt. 975', 'San Antonio'),
    (115, 'Universal City Park Pavilion', 6457, '38862 Smith Fields Apt. 225', 'Universal City'),
    (116, 'New Braunfels Theater', 5888, '34880 Peterson Creek Apt. 429', 'New Braunfels'),
    (117, 'Seguin Convention Hall', 10143, '100 Bray Points Apt. 309', 'Seguin'),
    (118, 'Cibolo Theater', 10145, '889 Lopez Crossroad', 'Cibolo'),
    (119, 'New Braunfels Park Pavilion', 2334, '550 Walker Mountains Apt. 700', 'New Braunfels'),
    (120, 'Boerne Community Center', 11033, '396 Smith Trail Suite 432', 'Boerne'),
    (121, 'San Antonio Park Pavilion', 14264, '210 Kristopher Passage', 'San Antonio'),
    (122, 'New Braunfels Auditorium', 10886, '248 James Burg Suite 607', 'New Braunfels'),
    (123, 'Boerne Auditorium', 5186, '197 Devin Road Suite 652', 'Boerne'),
    (124, 'Seguin Theater', 11558, '1087 Yang Neck', 'Seguin'),
    (125, 'Universal City Convention Hall', 10977, '10825 Paula Locks', 'Universal City'),
    (126, 'Universal City Convention Hall', 2834, '29861 Rivers Motorway Apt. 102', 'Universal City'),
    (127, 'Seguin Convention Hall', 9816, '008 Jonathan Island Suite 041', 'Seguin'),
    (128, 'Schertz Park Pavilion', 627, '968 Ramirez Port Suite 135', 'Schertz'),
    (129, 'San Antonio Theater', 12286, '1614 Sims Courts Suite 510', 'San Antonio'),
    (130, 'Boerne Community Center', 7051, '403 Young Heights Apt. 608', 'Boerne'),
    (131, 'Universal City Theater', 8419, '4688 Christopher Landing Apt. 154', 'Universal City'),
    (132, 'Schertz Convention Hall', 6136, '0301 Michael Street', 'Schertz'),
    (133, 'New Braunfels Convention Hall', 5469, '2620 Randolph Station', 'New Braunfels'),
    (134, 'San Antonio Park Pavilion', 11342, '18318 Angela Turnpike', 'San Antonio'),
    (135, 'Seguin Auditorium', 3005, '10093 Shelley Inlet', 'Seguin'),
    (136, 'Boerne Convention Hall', 14301, '259 Alexis Lakes Suite 140', 'Boerne'),
    (137, 'New Braunfels Park Pavilion', 5281, '488 Williams Vista', 'New Braunfels'),
    (138, 'San Antonio Park Pavilion', 11273, '116 Walker Road Apt. 697', 'San Antonio'),
    (139, 'San Antonio Park Pavilion', 10383, '289 Davis Lake Apt. 168', 'San Antonio'),
    (140, 'Seguin Theater', 7259, '37078 Washington Underpass', 'Seguin'),
    (141, 'San Antonio Auditorium', 6837, '506 Gary Avenue Apt. 181', 'San Antonio'),
    (142, 'San Antonio Park Pavilion', 4589, '238 Brandon Circles Suite 612', 'San Antonio'),
    (143, 'Universal City Auditorium', 10683, '39901 Harry Estates Apt. 185', 'Universal City'),
    (144, 'New Braunfels Auditorium', 6820, '31383 Sawyer Stravenue', 'New Braunfels'),
    (145, 'San Marcos Park Pavilion', 1837, '772 Hughes Park Suite 067', 'San Marcos'),
    (146, 'Seguin Theater', 1415, '107 James Canyon', 'Seguin'),
    (147, 'New Braunfels Convention Hall', 1684, '00518 Ramirez Motorway', 'New Braunfels'),
    (148, 'New Braunfels Auditorium', 7948, '342 Sarah Burg Suite 426', 'New Braunfels'),
    (149, 'New Braunfels Theater', 10472, '88599 Mercado Square Suite 285', 'New Braunfels'),
    (150, 'Schertz Auditorium', 14145, '24033 Aguilar Viaduct', 'Schertz');

INSERT INTO `category` (`category_id`, `name`) VALUES
    (1, 'Music'),
    (2, 'Tech Conference'),
    (3, 'Food Festival'),
    (4, 'Sport'),
    (5, 'Arts & Theater'),
    (6, 'Workshop'),
    (7, 'Comedy'),
    (8, 'Exhibition');

INSERT INTO `event` (`event_id`, `organizer_id`, `venue_id`, `title`, `description`, `start_time`, `end_time`, `capacity`, `status`) VALUES
    (1001, 476, 117, 'Pre-emptive stable knowledgebase Festival', 'Join us for Pre-emptive stable knowledgebase Festival, a premier event in the heart of San Antonio! Authority boy too garden drop wait car five. National herself whom Republican risk usually.', '2027-01-18 23:53:23', '2027-01-19 02:53:23', 7505, 'Published'),
    (1002, 490, 107, 'Upgradable contextually-based protocol Festival', 'Join us for Upgradable contextually-based protocol Festival, a premier event in the heart of San Antonio! A gastronomic journey awaits! Sample delicious offerings from the best local chefs and food tr', '2026-10-20 13:30:35', '2026-10-20 18:30:35', 8085, 'Published'),
    (1003, 259, 110, 'Implemented executive architecture Festival', 'Join us for Implemented executive architecture Festival, a premier event in the heart of San Antonio! Radio party might opportunity up life hospital measure into us eye ever. Featuring local bands, ri', '2027-08-28 12:59:19', '2027-08-28 15:59:19', 165, 'Published'),
    (1004, 477, 130, 'Assimilated background policy Festival', 'Join us for Assimilated background policy Festival, a premier event in the heart of San Antonio! Boost your skills with our hands-on workshop focused on better and digital marketing. Bring your laptop', '2027-04-23 21:37:05', '2027-04-24 04:37:05', 1604, 'Published'),
    (1005, 255, 123, 'Profit-focused global moderator Festival', 'Join us for Profit-focused global moderator Festival, a premier event in the heart of San Antonio! High-octane action! Cheer on your favorite team or participate in the city-wide fun run. All skill le', '2025-02-09 22:10:05', '2025-02-10 06:10:05', 378, 'Completed'),
    (1006, 339, 132, 'Future-proofed zero-defect attitude Festival', 'Join us for Future-proofed zero-defect attitude Festival, a premier event in the heart of San Antonio! Administration blood act may. Short and work artist end.', '2027-06-10 08:11:41', '2027-06-10 11:11:41', 2447, 'Canceled'),
    (1007, 382, 104, 'Universal maximized function Festival', 'Join us for Universal maximized function Festival, a premier event in the heart of San Antonio! A gastronomic journey awaits! Sample delicious offerings from the best local chefs and food trucks. Limi', '2026-06-28 01:54:24', '2026-06-28 06:54:24', 932, 'Published'),
    (1008, 366, 121, 'Focused exuding knowledge user Festival', 'Join us for Focused exuding knowledge user Festival, a premier event in the heart of San Antonio! A gastronomic journey awaits! Sample delicious offerings from the best local chefs and food trucks. Li', '2026-02-04 07:00:46', '2026-02-04 11:00:46', 1297, 'Published'),
    (1009, 267, 150, 'Persistent zero administration software Festival', 'Join us for Persistent zero administration software Festival, a premier event in the heart of San Antonio! A gastronomic journey awaits! Sample delicious offerings from the best local chefs and food t', '2026-07-02 15:03:49', '2026-07-02 23:03:49', 4482, 'Published'),
    (1010, 389, 110, 'Right-sized foreground knowledge user Festival', 'Join us for Right-sized foreground knowledge user Festival, a premier event in the heart of San Antonio! Around condition compare chair force consider sign activity perform. Featuring local bands, ris', '2026-01-23 23:21:58', '2026-01-24 01:21:58', 107, 'Published'),
    (1011, 255, 123, 'Enhanced demand-driven methodology Festival', 'Join us for Enhanced demand-driven methodology Festival, a premier event in the heart of San Antonio! High-octane action! Cheer on your favorite team or participate in the city-wide fun run. All skill', '2027-08-19 13:41:40', '2027-08-19 19:41:40', 2599, 'Published'),
    (1012, 439, 104, 'Synchronized multi-state functionalities Festival', 'Join us for Synchronized multi-state functionalities Festival, a premier event in the heart of San Antonio! Boost your skills with our hands-on workshop focused on heavy and digital marketing. Bring y', '2024-12-10 20:51:28', '2024-12-11 00:51:28', 1227, 'Completed'),
    (1013, 35, 148, 'Self-enabling 6thgeneration core Festival', 'Join us for Self-enabling 6thgeneration core Festival, a premier event in the heart of San Antonio! Explore the future of technology with industry leaders and groundbreaking demonstrations. This year''', '2025-04-02 18:57:44', '2025-04-03 00:57:44', 216, 'Completed'),
    (1014, 8, 148, 'Mandatory directional budgetary management Festival', 'Join us for Mandatory directional budgetary management Festival, a premier event in the heart of San Antonio! Lot project daughter rule area. Rest over for imagine type those find.', '2026-01-04 05:22:46', '2026-01-04 09:22:46', 517, 'Published'),
    (1015, 14, 136, 'Digitized value-added standardization Festival', 'Join us for Digitized value-added standardization Festival, a premier event in the heart of San Antonio! Fall back result create least character natural. List need technology wind quality office. Auth', '2024-11-13 01:17:10', '2024-11-13 04:17:10', 10543, 'Completed'),
    (1016, 50, 106, 'Fundamental incremental Graphical User Interface Festival', 'Join us for Fundamental incremental Graphical User Interface Festival, a premier event in the heart of San Antonio! Immerse yourself in creativity with local artists, live performances, and stunning t', '2025-04-13 11:07:41', '2025-04-13 14:07:41', 976, 'Completed'),
    (1017, 171, 103, 'User-centric intangible software Festival', 'Join us for User-centric intangible software Festival, a premier event in the heart of San Antonio! A gastronomic journey awaits! Sample delicious offerings from the best local chefs and food trucks. ', '2026-02-08 22:05:25', '2026-02-09 06:05:25', 898, 'Draft'),
    (1018, 255, 122, 'Reactive discrete function Festival', 'Join us for Reactive discrete function Festival, a premier event in the heart of San Antonio! Policy population training factor under message her with least develop. Featuring local bands, rising star', '2027-10-09 09:28:45', '2027-10-09 15:28:45', 8074, 'Published'),
    (1019, 134, 115, 'Streamlined transitional synergy Festival', 'Join us for Streamlined transitional synergy Festival, a premier event in the heart of San Antonio! Immerse yourself in creativity with local artists, live performances, and stunning theatrical acts. ', '2027-07-03 00:12:48', '2027-07-03 07:12:48', 4733, 'Canceled'),
    (1020, 407, 103, 'Innovative foreground frame Festival', 'Join us for Innovative foreground frame Festival, a premier event in the heart of San Antonio! After night edge scientist garden number be positive. Least town here wide pay plant. Cost child like bec', '2027-05-14 06:40:45', '2027-05-14 11:40:45', 1054, 'Draft'),
    (1021, 366, 123, 'Integrated local focus group Festival', 'Join us for Integrated local focus group Festival, a premier event in the heart of San Antonio! Machine stay population after nice we also east. Explain magazine must list.', '2025-02-28 16:43:57', '2025-02-28 23:43:57', 3322, 'Completed'),
    (1022, 469, 131, 'Assimilated hybrid hub Festival', 'Join us for Assimilated hybrid hub Festival, a premier event in the heart of San Antonio! Sport special democratic model study respond strong tough paper moment. Featuring local bands, rising stars, a', '2025-03-06 07:32:07', '2025-03-06 10:32:07', 3543, 'Completed'),
    (1023, 476, 146, 'Reduced 6thgeneration database Festival', 'Join us for Reduced 6thgeneration database Festival, a premier event in the heart of San Antonio! Boost your skills with our hands-on workshop focused on manage and digital marketing. Bring your lapto', '2027-05-18 20:36:10', '2027-05-19 04:36:10', 111, 'Draft'),
    (1024, 362, 101, 'Re-engineered real-time firmware Festival', 'Join us for Re-engineered real-time firmware Festival, a premier event in the heart of San Antonio! Speak rule red under chair yard although.', '2026-06-21 17:41:55', '2026-06-21 19:41:55', 3085, 'Published'),
    (1025, 428, 139, 'Polarized holistic info-mediaries Festival', 'Join us for Polarized holistic info-mediaries Festival, a premier event in the heart of San Antonio! Explore the future of technology with industry leaders and groundbreaking demonstrations. This year', '2026-10-19 19:30:52', '2026-10-20 03:30:52', 9021, 'Canceled'),
    (1026, 308, 147, 'Quality-focused system-worthy architecture Festival', 'Join us for Quality-focused system-worthy architecture Festival, a premier event in the heart of San Antonio! Boost your skills with our hands-on workshop focused on within and digital marketing. Brin', '2027-10-27 11:05:16', '2027-10-27 15:05:16', 1415, 'Published'),
    (1027, 490, 116, 'Grass-roots asymmetric infrastructure Festival', 'Join us for Grass-roots asymmetric infrastructure Festival, a premier event in the heart of San Antonio! Foot condition policy better sound education. Discussion scientist tough policy anyone. Success', '2027-03-20 07:53:23', '2027-03-20 12:53:23', 1060, 'Draft'),
    (1028, 294, 108, 'Configurable intangible parallelism Festival', 'Join us for Configurable intangible parallelism Festival, a premier event in the heart of San Antonio! Behavior serious degree land sense reality follow cell. Featuring local bands, rising stars, and ', '2027-02-02 15:16:06', '2027-02-02 19:16:06', 667, 'Published'),
    (1029, 444, 149, 'Triple-buffered real-time service-desk Festival', 'Join us for Triple-buffered real-time service-desk Festival, a premier event in the heart of San Antonio! High-octane action! Cheer on your favorite team or participate in the city-wide fun run. All s', '2026-04-02 00:28:52', '2026-04-02 05:28:52', 1931, 'Published'),
    (1030, 197, 109, 'Pre-emptive next generation utilization Festival', 'Join us for Pre-emptive next generation utilization Festival, a premier event in the heart of San Antonio! Actually report yourself offer. Himself require the can just. Process pretty cut check night ', '2025-05-05 04:40:30', '2025-05-05 07:40:30', 907, 'Canceled'),
    (1031, 155, 142, 'Future-proofed non-volatile middleware Festival', 'Join us for Future-proofed non-volatile middleware Festival, a premier event in the heart of San Antonio! A gastronomic journey awaits! Sample delicious offerings from the best local chefs and food tr', '2027-02-11 10:17:15', '2027-02-11 14:17:15', 3494, 'Published'),
    (1032, 18, 104, 'Object-based holistic synergy Festival', 'Join us for Object-based holistic synergy Festival, a premier event in the heart of San Antonio! High-octane action! Cheer on your favorite team or participate in the city-wide fun run. All skill leve', '2025-03-29 07:28:45', '2025-03-29 10:28:45', 583, 'Completed'),
    (1033, 184, 149, 'Virtual well-modulated moratorium Festival', 'Join us for Virtual well-modulated moratorium Festival, a premier event in the heart of San Antonio! A gastronomic journey awaits! Sample delicious offerings from the best local chefs and food trucks.', '2026-02-24 19:46:06', '2026-02-24 23:46:06', 9242, 'Canceled'),
    (1034, 260, 129, 'Networked didactic open system Festival', 'Join us for Networked didactic open system Festival, a premier event in the heart of San Antonio! High-octane action! Cheer on your favorite team or participate in the city-wide fun run. All skill lev', '2026-01-26 23:08:27', '2026-01-27 05:08:27', 5528, 'Published'),
    (1035, 449, 137, 'Enterprise-wide full-range open architecture Festival', 'Join us for Enterprise-wide full-range open architecture Festival, a premier event in the heart of San Antonio! Immerse yourself in creativity with local artists, live performances, and stunning theat', '2026-11-10 18:17:16', '2026-11-10 22:17:16', 2896, 'Published'),
    (1036, 191, 142, 'Horizontal content-based projection Festival', 'Join us for Horizontal content-based projection Festival, a premier event in the heart of San Antonio! Boost your skills with our hands-on workshop focused on us and digital marketing. Bring your lapt', '2026-10-17 23:02:49', '2026-10-18 04:02:49', 1609, 'Published'),
    (1037, 184, 150, 'Innovative multi-state monitoring Festival', 'Join us for Innovative multi-state monitoring Festival, a premier event in the heart of San Antonio! High-octane action! Cheer on your favorite team or participate in the city-wide fun run. All skill ', '2027-03-21 08:59:06', '2027-03-21 11:59:06', 6578, 'Published'),
    (1038, 14, 102, 'Innovative optimal encoding Festival', 'Join us for Innovative optimal encoding Festival, a premier event in the heart of San Antonio! Boost your skills with our hands-on workshop focused on toward and digital marketing. Bring your laptop a', '2025-03-27 16:18:22', '2025-03-27 22:18:22', 1703, 'Completed'),
    (1039, 279, 102, 'Reactive dedicated support Festival', 'Join us for Reactive dedicated support Festival, a premier event in the heart of San Antonio! That above challenge smile democratic across summer. Mother wonder economic. Capital far respond month win', '2027-10-03 20:02:56', '2027-10-03 22:02:56', 1923, 'Published'),
    (1040, 413, 108, 'Ameliorated executive archive Festival', 'Join us for Ameliorated executive archive Festival, a premier event in the heart of San Antonio! Data apply short hope film total major describe rate option explain summer very. Featuring local bands,', '2025-09-30 03:46:55', '2025-09-30 08:46:55', 761, 'Completed'),
    (1041, 466, 110, 'Total tertiary help-desk Festival', 'Join us for Total tertiary help-desk Festival, a premier event in the heart of San Antonio! Oil operation range not receive operation town still sort party. Featuring local bands, rising stars, and a ', '2026-12-18 21:12:18', '2026-12-19 04:12:18', 186, 'Draft'),
    (1042, 128, 116, 'Triple-buffered interactive core Festival', 'Join us for Triple-buffered interactive core Festival, a premier event in the heart of San Antonio! Floor range better author perhaps head.', '2026-07-29 06:37:42', '2026-07-29 13:37:42', 1926, 'Published'),
    (1043, 383, 139, 'Multi-tiered needs-based product Festival', 'Join us for Multi-tiered needs-based product Festival, a premier event in the heart of San Antonio! Enter science nothing choose make we everyone.', '2027-06-01 20:09:59', '2027-06-02 04:09:59', 4502, 'Published'),
    (1044, 260, 103, 'Balanced scalable open system Festival', 'Join us for Balanced scalable open system Festival, a premier event in the heart of San Antonio! A gastronomic journey awaits! Sample delicious offerings from the best local chefs and food trucks. Lim', '2025-08-22 20:51:22', '2025-08-23 01:51:22', 135, 'Completed'),
    (1045, 430, 113, 'Profit-focused upward-trending help-desk Festival', 'Join us for Profit-focused upward-trending help-desk Festival, a premier event in the heart of San Antonio! A gastronomic journey awaits! Sample delicious offerings from the best local chefs and food ', '2025-05-06 21:59:33', '2025-05-07 01:59:33', 2999, 'Canceled'),
    (1046, 412, 110, 'Streamlined national function Festival', 'Join us for Streamlined national function Festival, a premier event in the heart of San Antonio! Explore the future of technology with industry leaders and groundbreaking demonstrations. This year''s f', '2025-05-04 10:04:14', '2025-05-04 12:04:14', 55, 'Completed'),
    (1047, 267, 118, 'Reactive 24hour complexity Festival', 'Join us for Reactive 24hour complexity Festival, a premier event in the heart of San Antonio! High-octane action! Cheer on your favorite team or participate in the city-wide fun run. All skill levels ', '2027-07-01 00:12:04', '2027-07-01 03:12:04', 1113, 'Published'),
    (1048, 312, 107, 'Organized user-facing orchestration Festival', 'Join us for Organized user-facing orchestration Festival, a premier event in the heart of San Antonio! Boost your skills with our hands-on workshop focused on each and digital marketing. Bring your la', '2026-11-29 07:17:56', '2026-11-29 13:17:56', 6370, 'Published'),
    (1049, 198, 145, 'Digitized attitude-oriented open architecture Festival', 'Join us for Digitized attitude-oriented open architecture Festival, a premier event in the heart of San Antonio! A gastronomic journey awaits! Sample delicious offerings from the best local chefs and ', '2026-11-12 06:30:58', '2026-11-12 10:30:58', 849, 'Published'),
    (1050, 425, 110, 'Ergonomic object-oriented middleware Festival', 'Join us for Ergonomic object-oriented middleware Festival, a premier event in the heart of San Antonio! High-octane action! Cheer on your favorite team or participate in the city-wide fun run. All ski', '2027-10-13 12:44:52', '2027-10-13 17:44:52', 219, 'Draft'),
    (1051, 266, 107, 'Customer-focused uniform database Festival', 'Join us for Customer-focused uniform database Festival, a premier event in the heart of San Antonio! Explore the future of technology with industry leaders and groundbreaking demonstrations. This year', '2027-06-14 22:51:54', '2027-06-15 05:51:54', 1807, 'Published'),
    (1052, 316, 107, 'Optional tertiary parallelism Festival', 'Join us for Optional tertiary parallelism Festival, a premier event in the heart of San Antonio! Boost your skills with our hands-on workshop focused on whose and digital marketing. Bring your laptop ', '2025-03-22 09:26:50', '2025-03-22 16:26:50', 10832, 'Completed'),
    (1053, 51, 107, 'Enhanced full-range matrices Festival', 'Join us for Enhanced full-range matrices Festival, a premier event in the heart of San Antonio! High-octane action! Cheer on your favorite team or participate in the city-wide fun run. All skill level', '2026-01-16 03:18:56', '2026-01-16 10:18:56', 9506, 'Published'),
    (1054, 284, 141, 'Devolved 4thgeneration hardware Festival', 'Join us for Devolved 4thgeneration hardware Festival, a premier event in the heart of San Antonio! Immerse yourself in creativity with local artists, live performances, and stunning theatrical acts. P', '2027-10-19 17:13:00', '2027-10-19 20:13:00', 2217, 'Published'),
    (1055, 139, 140, 'Stand-alone bottom-line ability Festival', 'Join us for Stand-alone bottom-line ability Festival, a premier event in the heart of San Antonio! Explore the future of technology with industry leaders and groundbreaking demonstrations. This year''s', '2026-01-26 19:14:18', '2026-01-27 02:14:18', 3875, 'Published'),
    (1056, 449, 134, 'Switchable hybrid process improvement Festival', 'Join us for Switchable hybrid process improvement Festival, a premier event in the heart of San Antonio! Boost your skills with our hands-on workshop focused on despite and digital marketing. Bring yo', '2026-01-16 22:02:47', '2026-01-17 00:02:47', 8404, 'Published'),
    (1057, 284, 101, 'User-centric motivating monitoring Festival', 'Join us for User-centric motivating monitoring Festival, a premier event in the heart of San Antonio! Explore the future of technology with industry leaders and groundbreaking demonstrations. This yea', '2027-01-18 18:36:58', '2027-01-18 22:36:58', 2531, 'Published'),
    (1058, 288, 122, 'Right-sized systemic application Festival', 'Join us for Right-sized systemic application Festival, a premier event in the heart of San Antonio! Immerse yourself in creativity with local artists, live performances, and stunning theatrical acts. ', '2025-04-01 08:51:40', '2025-04-01 13:51:40', 5551, 'Completed'),
    (1059, 203, 126, 'De-engineered 24hour emulation Festival', 'Join us for De-engineered 24hour emulation Festival, a premier event in the heart of San Antonio! Boost your skills with our hands-on workshop focused on you and digital marketing. Bring your laptop a', '2025-04-11 23:34:30', '2025-04-12 02:34:30', 1156, 'Completed'),
    (1060, 12, 122, 'Grass-roots scalable parallelism Festival', 'Join us for Grass-roots scalable parallelism Festival, a premier event in the heart of San Antonio! True sing subject star certainly whether board smile music go see their. Featuring local bands, risi', '2027-05-31 13:44:57', '2027-05-31 20:44:57', 7863, 'Published'),
    (1061, 253, 147, 'Compatible secondary firmware Festival', 'Join us for Compatible secondary firmware Festival, a premier event in the heart of San Antonio! Happy majority future right instead. Religious party full generation guy worker son.', '2025-08-19 21:38:38', '2025-08-20 05:38:38', 1172, 'Completed'),
    (1062, 114, 145, 'Realigned intangible ability Festival', 'Join us for Realigned intangible ability Festival, a premier event in the heart of San Antonio! Explore the future of technology with industry leaders and groundbreaking demonstrations. This year''s fo', '2026-08-18 03:35:23', '2026-08-18 08:35:23', 1444, 'Draft'),
    (1063, 91, 140, 'Multi-channeled bi-directional task-force Festival', 'Join us for Multi-channeled bi-directional task-force Festival, a premier event in the heart of San Antonio! High-octane action! Cheer on your favorite team or participate in the city-wide fun run. Al', '2025-02-09 16:14:32', '2025-02-10 00:14:32', 5061, 'Completed'),
    (1064, 407, 124, 'Adaptive heuristic capability Festival', 'Join us for Adaptive heuristic capability Festival, a premier event in the heart of San Antonio! Stop avoid use turn down friend. Choice decision letter fall rock girl. Either officer ball born catch.', '2027-04-04 14:15:18', '2027-04-04 17:15:18', 158, 'Draft'),
    (1065, 486, 124, 'Extended methodical infrastructure Festival', 'Join us for Extended methodical infrastructure Festival, a premier event in the heart of San Antonio! Boost your skills with our hands-on workshop focused on nation and digital marketing. Bring your l', '2026-11-03 02:18:57', '2026-11-03 06:18:57', 5442, 'Draft'),
    (1066, 60, 112, 'Enterprise-wide disintermediate array Festival', 'Join us for Enterprise-wide disintermediate array Festival, a premier event in the heart of San Antonio! A gastronomic journey awaits! Sample delicious offerings from the best local chefs and food tru', '2025-03-04 22:17:34', '2025-03-05 05:17:34', 2908, 'Completed'),
    (1067, 207, 145, 'Advanced intermediate model Festival', 'Join us for Advanced intermediate model Festival, a premier event in the heart of San Antonio! High-octane action! Cheer on your favorite team or participate in the city-wide fun run. All skill levels', '2027-01-05 08:29:32', '2027-01-05 14:29:32', 1273, 'Draft'),
    (1068, 405, 137, 'Face-to-face value-added definition Festival', 'Join us for Face-to-face value-added definition Festival, a premier event in the heart of San Antonio! Boost your skills with our hands-on workshop focused on no and digital marketing. Bring your lapt', '2026-01-15 00:18:00', '2026-01-15 04:18:00', 2071, 'Canceled'),
    (1069, 165, 114, 'Virtual solution-oriented process improvement Festival', 'Join us for Virtual solution-oriented process improvement Festival, a premier event in the heart of San Antonio! Sound offer season kid teach. New because community structure me.', '2027-09-21 12:32:04', '2027-09-21 20:32:04', 1804, 'Published'),
    (1070, 178, 126, 'Focused radical conglomeration Festival', 'Join us for Focused radical conglomeration Festival, a premier event in the heart of San Antonio! Explore the future of technology with industry leaders and groundbreaking demonstrations. This year''s ', '2026-01-07 02:10:49', '2026-01-07 09:10:49', 2034, 'Published'),
    (1071, 324, 109, 'Virtual holistic framework Festival', 'Join us for Virtual holistic framework Festival, a premier event in the heart of San Antonio! A gastronomic journey awaits! Sample delicious offerings from the best local chefs and food trucks. Limite', '2026-03-08 10:24:15', '2026-03-08 18:24:15', 1240, 'Draft'),
    (1072, 184, 128, 'Centralized maximized moratorium Festival', 'Join us for Centralized maximized moratorium Festival, a premier event in the heart of San Antonio! A gastronomic journey awaits! Sample delicious offerings from the best local chefs and food trucks. ', '2025-03-27 10:54:41', '2025-03-27 12:54:41', 157, 'Completed'),
    (1073, 80, 147, 'Integrated empowering analyzer Festival', 'Join us for Integrated empowering analyzer Festival, a premier event in the heart of San Antonio! Western without thank. Run black example production a. Congress she executive wrong range understand.', '2026-02-10 22:38:31', '2026-02-11 01:38:31', 596, 'Published'),
    (1074, 449, 108, 'Extended client-driven Graphical User Interface Festival', 'Join us for Extended client-driven Graphical User Interface Festival, a premier event in the heart of San Antonio! Religious work recognize without. Appear pattern wide each base truth concern. She ci', '2027-02-14 14:10:44', '2027-02-14 16:10:44', 215, 'Published'),
    (1075, 339, 120, 'Proactive system-worthy time-frame Festival', 'Join us for Proactive system-worthy time-frame Festival, a premier event in the heart of San Antonio! Parent charge too mean moment trade something amount thank forward. Featuring local bands, rising ', '2025-05-10 19:01:31', '2025-05-11 01:01:31', 3225, 'Completed'),
    (1076, 198, 136, 'Progressive demand-driven extranet Festival', 'Join us for Progressive demand-driven extranet Festival, a premier event in the heart of San Antonio! Boost your skills with our hands-on workshop focused on summer and digital marketing. Bring your l', '2025-06-30 03:39:05', '2025-06-30 09:39:05', 8107, 'Completed'),
    (1077, 436, 111, 'Persistent maximized capability Festival', 'Join us for Persistent maximized capability Festival, a premier event in the heart of San Antonio! Explore the future of technology with industry leaders and groundbreaking demonstrations. This year''s', '2025-12-28 08:29:02', '2025-12-28 10:29:02', 1483, 'Published'),
    (1078, 203, 142, 'Versatile analyzing algorithm Festival', 'Join us for Versatile analyzing algorithm Festival, a premier event in the heart of San Antonio! Explore the future of technology with industry leaders and groundbreaking demonstrations. This year''s f', '2025-05-27 05:32:42', '2025-05-27 13:32:42', 1595, 'Completed'),
    (1079, 181, 114, 'Optional high-level system engine Festival', 'Join us for Optional high-level system engine Festival, a premier event in the heart of San Antonio! Great room seek seven treat appear. Join beyond spring industry. Investment form practice call.', '2026-05-14 22:45:49', '2026-05-15 06:45:49', 1463, 'Published'),
    (1080, 405, 136, 'Total didactic task-force Festival', 'Join us for Total didactic task-force Festival, a premier event in the heart of San Antonio! A gastronomic journey awaits! Sample delicious offerings from the best local chefs and food trucks. Limited', '2025-01-20 00:34:20', '2025-01-20 05:34:20', 12212, 'Completed'),
    (1081, 368, 104, 'Progressive asynchronous structure Festival', 'Join us for Progressive asynchronous structure Festival, a premier event in the heart of San Antonio! Five either free every high few drug treatment own couple mention opportunity. Featuring local ban', '2026-05-06 03:09:20', '2026-05-06 06:09:20', 3563, 'Published'),
    (1082, 193, 146, 'Optimized high-level leverage Festival', 'Join us for Optimized high-level leverage Festival, a premier event in the heart of San Antonio! Hotel management study sport could husband. Around letter third. Specific note occur town term material', '2026-04-09 10:32:17', '2026-04-09 13:32:17', 798, 'Draft'),
    (1083, 46, 114, 'Horizontal 24/7 data-warehouse Festival', 'Join us for Horizontal 24/7 data-warehouse Festival, a premier event in the heart of San Antonio! Boost your skills with our hands-on workshop focused on since and digital marketing. Bring your laptop', '2026-03-21 22:31:44', '2026-03-22 06:31:44', 55, 'Published'),
    (1084, 425, 133, 'Extended real-time product Festival', 'Join us for Extended real-time product Festival, a premier event in the heart of San Antonio! Rise first remember. Space pass population kitchen. Trade would model their huge card.', '2027-01-10 06:11:32', '2027-01-10 11:11:32', 1407, 'Published'),
    (1085, 382, 137, 'Cloned methodical leverage Festival', 'Join us for Cloned methodical leverage Festival, a premier event in the heart of San Antonio! Need letter economic follow speech out reduce. Central them west his yeah. Lawyer official care place. Fin', '2027-07-07 05:33:09', '2027-07-07 13:33:09', 1273, 'Draft'),
    (1086, 385, 133, 'Progressive even-keeled implementation Festival', 'Join us for Progressive even-keeled implementation Festival, a premier event in the heart of San Antonio! Immerse yourself in creativity with local artists, live performances, and stunning theatrical ', '2025-01-04 16:24:23', '2025-01-05 00:24:23', 902, 'Completed'),
    (1087, 477, 120, 'Persevering maximized knowledge user Festival', 'Join us for Persevering maximized knowledge user Festival, a premier event in the heart of San Antonio! High-octane action! Cheer on your favorite team or participate in the city-wide fun run. All ski', '2027-04-05 08:10:23', '2027-04-05 11:10:23', 212, 'Canceled'),
    (1088, 86, 142, 'Polarized global time-frame Festival', 'Join us for Polarized global time-frame Festival, a premier event in the heart of San Antonio! Vote policy ever establish along particular home feeling child nothing. Featuring local bands, rising sta', '2026-08-03 14:26:59', '2026-08-03 19:26:59', 2541, 'Canceled'),
    (1089, 82, 111, 'Cross-platform background implementation Festival', 'Join us for Cross-platform background implementation Festival, a premier event in the heart of San Antonio! Defense three successful look wall again. Argue relationship write help pattern left establi', '2027-11-10 14:35:52', '2027-11-10 16:35:52', 1401, 'Published'),
    (1090, 316, 132, 'Switchable radical task-force Festival', 'Join us for Switchable radical task-force Festival, a premier event in the heart of San Antonio! Explore the future of technology with industry leaders and groundbreaking demonstrations. This year''s f', '2025-07-29 22:09:26', '2025-07-30 05:09:26', 4238, 'Completed'),
    (1091, 407, 129, 'Expanded zero tolerance flexibility Festival', 'Join us for Expanded zero tolerance flexibility Festival, a premier event in the heart of San Antonio! Immerse yourself in creativity with local artists, live performances, and stunning theatrical act', '2026-03-26 16:23:24', '2026-03-26 18:23:24', 9389, 'Published'),
    (1092, 358, 124, 'Face-to-face bi-directional parallelism Festival', 'Join us for Face-to-face bi-directional parallelism Festival, a premier event in the heart of San Antonio! Try opportunity professional pretty story agreement. Featuring local bands, rising stars, and', '2025-01-10 10:11:30', '2025-01-10 15:11:30', 596, 'Completed'),
    (1093, 188, 144, 'Adaptive real-time parallelism Festival', 'Join us for Adaptive real-time parallelism Festival, a premier event in the heart of San Antonio! Immerse yourself in creativity with local artists, live performances, and stunning theatrical acts. Pe', '2025-07-28 04:00:05', '2025-07-28 08:00:05', 3395, 'Completed'),
    (1094, 387, 103, 'Exclusive context-sensitive instruction set Festival', 'Join us for Exclusive context-sensitive instruction set Festival, a premier event in the heart of San Antonio! Immerse yourself in creativity with local artists, live performances, and stunning theatr', '2026-01-26 07:22:44', '2026-01-26 14:22:44', 541, 'Published'),
    (1095, 9, 133, 'Synergized uniform standardization Festival', 'Join us for Synergized uniform standardization Festival, a premier event in the heart of San Antonio! High-octane action! Cheer on your favorite team or participate in the city-wide fun run. All skill', '2026-09-25 00:57:17', '2026-09-25 05:57:17', 1408, 'Published'),
    (1096, 213, 124, 'Realigned coherent Internet solution Festival', 'Join us for Realigned coherent Internet solution Festival, a premier event in the heart of San Antonio! Boost your skills with our hands-on workshop focused on each and digital marketing. Bring your l', '2025-09-28 21:33:25', '2025-09-28 23:33:25', 96, 'Completed'),
    (1097, 483, 115, 'Virtual local extranet Festival', 'Join us for Virtual local extranet Festival, a premier event in the heart of San Antonio! A gastronomic journey awaits! Sample delicious offerings from the best local chefs and food trucks. Limited VI', '2024-12-18 19:01:01', '2024-12-19 03:01:01', 4409, 'Completed'),
    (1098, 315, 128, 'Reduced 24/7 neural-net Festival', 'Join us for Reduced 24/7 neural-net Festival, a premier event in the heart of San Antonio! A gastronomic journey awaits! Sample delicious offerings from the best local chefs and food trucks. Limited V', '2027-01-23 22:49:15', '2027-01-24 01:49:15', 239, 'Draft'),
    (1099, 18, 110, 'Polarized transitional service-desk Festival', 'Join us for Polarized transitional service-desk Festival, a premier event in the heart of San Antonio! High-octane action! Cheer on your favorite team or participate in the city-wide fun run. All skil', '2027-08-22 19:16:17', '2027-08-23 02:16:17', 195, 'Published'),
    (1100, 8, 110, 'Multi-channeled explicit customer loyalty Festival', 'Join us for Multi-channeled explicit customer loyalty Festival, a premier event in the heart of San Antonio! Explore the future of technology with industry leaders and groundbreaking demonstrations. T', '2026-10-12 12:30:54', '2026-10-12 20:30:54', 181, 'Published'),
    (1101, 8, 139, 'Virtual homogeneous policy Festival', 'Join us for Virtual homogeneous policy Festival, a premier event in the heart of San Antonio! Professional work message. Plan value start.', '2025-12-18 17:53:47', '2025-12-19 00:53:47', 2135, 'Published'),
    (1102, 382, 123, 'Adaptive zero tolerance methodology Festival', 'Join us for Adaptive zero tolerance methodology Festival, a premier event in the heart of San Antonio! Immerse yourself in creativity with local artists, live performances, and stunning theatrical act', '2026-09-25 03:18:28', '2026-09-25 07:18:28', 2338, 'Published'),
    (1103, 127, 138, 'Reduced neutral core Festival', 'Join us for Reduced neutral core Festival, a premier event in the heart of San Antonio! Arrive finally add action. Hand watch assume charge ask candidate notice. Doctor data just we line him.', '2027-02-18 02:40:49', '2027-02-18 08:40:49', 2073, 'Published'),
    (1104, 266, 139, 'Persevering heuristic secured line Festival', 'Join us for Persevering heuristic secured line Festival, a premier event in the heart of San Antonio! High-octane action! Cheer on your favorite team or participate in the city-wide fun run. All skill', '2026-07-28 05:35:24', '2026-07-28 12:35:24', 6950, 'Published'),
    (1105, 200, 148, 'Right-sized full-range adapter Festival', 'Join us for Right-sized full-range adapter Festival, a premier event in the heart of San Antonio! Boost your skills with our hands-on workshop focused on pick and digital marketing. Bring your laptop ', '2026-09-02 00:34:15', '2026-09-02 07:34:15', 1211, 'Published'),
    (1106, 109, 102, 'User-centric zero administration protocol Festival', 'Join us for User-centric zero administration protocol Festival, a premier event in the heart of San Antonio! Explore the future of technology with industry leaders and groundbreaking demonstrations. T', '2027-01-17 03:58:11', '2027-01-17 07:58:11', 873, 'Canceled'),
    (1107, 420, 108, 'Down-sized multi-state policy Festival', 'Join us for Down-sized multi-state policy Festival, a premier event in the heart of San Antonio! Boost your skills with our hands-on workshop focused on wonder and digital marketing. Bring your laptop', '2025-08-12 17:27:41', '2025-08-12 21:27:41', 335, 'Completed'),
    (1108, 265, 127, 'Re-engineered radical framework Festival', 'Join us for Re-engineered radical framework Festival, a premier event in the heart of San Antonio! Immerse yourself in creativity with local artists, live performances, and stunning theatrical acts. P', '2026-04-21 19:36:45', '2026-04-21 21:36:45', 8163, 'Published'),
    (1109, 324, 129, 'Seamless multi-state groupware Festival', 'Join us for Seamless multi-state groupware Festival, a premier event in the heart of San Antonio! A gastronomic journey awaits! Sample delicious offerings from the best local chefs and food trucks. Li', '2026-03-20 05:36:36', '2026-03-20 12:36:36', 467, 'Published'),
    (1110, 326, 133, 'Vision-oriented context-sensitive service-desk Festival', 'Join us for Vision-oriented context-sensitive service-desk Festival, a premier event in the heart of San Antonio! A gastronomic journey awaits! Sample delicious offerings from the best local chefs and', '2026-06-25 21:57:14', '2026-06-26 03:57:14', 4217, 'Published'),
    (1111, 12, 104, 'Reduced asymmetric utilization Festival', 'Join us for Reduced asymmetric utilization Festival, a premier event in the heart of San Antonio! Explore the future of technology with industry leaders and groundbreaking demonstrations. This year''s ', '2027-06-17 09:42:46', '2027-06-17 16:42:46', 1793, 'Published'),
    (1112, 138, 112, 'Organized multi-tasking matrix Festival', 'Join us for Organized multi-tasking matrix Festival, a premier event in the heart of San Antonio! Probably travel go yard explain hard interest team almost. Featuring local bands, rising stars, and a ', '2026-04-03 11:54:23', '2026-04-03 14:54:23', 4446, 'Published'),
    (1113, 277, 124, 'Upgradable impactful infrastructure Festival', 'Join us for Upgradable impactful infrastructure Festival, a premier event in the heart of San Antonio! Street magazine civil seek. Health because few their account watch.', '2027-02-14 17:28:24', '2027-02-14 23:28:24', 4628, 'Published'),
    (1114, 325, 110, 'Networked neutral synergy Festival', 'Join us for Networked neutral synergy Festival, a premier event in the heart of San Antonio! Immerse yourself in creativity with local artists, live performances, and stunning theatrical acts. Perfect', '2025-06-21 19:59:05', '2025-06-22 02:59:05', 193, 'Completed'),
    (1115, 109, 138, 'Versatile mobile array Festival', 'Join us for Versatile mobile array Festival, a premier event in the heart of San Antonio! A gastronomic journey awaits! Sample delicious offerings from the best local chefs and food trucks. Limited VI', '2025-01-08 14:11:14', '2025-01-08 19:11:14', 1160, 'Completed'),
    (1116, 35, 139, 'Extended dynamic Internet solution Festival', 'Join us for Extended dynamic Internet solution Festival, a premier event in the heart of San Antonio! Data evidence necessary commercial seat break gas want high perhaps doctor all western. Featuring ', '2027-01-16 16:39:02', '2027-01-17 00:39:02', 5252, 'Canceled'),
    (1117, 427, 107, 'Persevering non-volatile installation Festival', 'Join us for Persevering non-volatile installation Festival, a premier event in the heart of San Antonio! Immerse yourself in creativity with local artists, live performances, and stunning theatrical a', '2027-08-09 03:13:17', '2027-08-09 05:13:17', 9195, 'Draft'),
    (1118, 428, 126, 'Public-key human-resource utilization Festival', 'Join us for Public-key human-resource utilization Festival, a premier event in the heart of San Antonio! Boost your skills with our hands-on workshop focused on face and digital marketing. Bring your ', '2027-01-31 15:45:46', '2027-01-31 22:45:46', 800, 'Canceled'),
    (1119, 387, 107, 'Quality-focused global circuit Festival', 'Join us for Quality-focused global circuit Festival, a premier event in the heart of San Antonio! Explore the future of technology with industry leaders and groundbreaking demonstrations. This year''s ', '2026-04-12 02:46:01', '2026-04-12 06:46:01', 775, 'Published'),
    (1120, 389, 116, 'Open-source bandwidth-monitored synergy Festival', 'Join us for Open-source bandwidth-monitored synergy Festival, a premier event in the heart of San Antonio! Immerse yourself in creativity with local artists, live performances, and stunning theatrical', '2025-09-18 20:16:18', '2025-09-19 04:16:18', 3718, 'Completed'),
    (1121, 430, 108, 'Right-sized human-resource contingency Festival', 'Join us for Right-sized human-resource contingency Festival, a premier event in the heart of San Antonio! High-octane action! Cheer on your favorite team or participate in the city-wide fun run. All s', '2025-12-24 04:30:13', '2025-12-24 10:30:13', 919, 'Published'),
    (1122, 439, 141, 'Open-source object-oriented policy Festival', 'Join us for Open-source object-oriented policy Festival, a premier event in the heart of San Antonio! Follow letter job. Develop still trial artist keep seven. Air magazine particularly fact who.', '2025-09-16 08:17:47', '2025-09-16 14:17:47', 4556, 'Completed'),
    (1123, 386, 124, 'Fundamental bi-directional intranet Festival', 'Join us for Fundamental bi-directional intranet Festival, a premier event in the heart of San Antonio! High-octane action! Cheer on your favorite team or participate in the city-wide fun run. All skil', '2025-08-19 12:53:27', '2025-08-19 20:53:27', 5310, 'Completed'),
    (1124, 93, 124, 'Visionary attitude-oriented functionalities Festival', 'Join us for Visionary attitude-oriented functionalities Festival, a premier event in the heart of San Antonio! Land recent support give third tonight. Featuring local bands, rising stars, and a dynami', '2026-03-05 07:12:35', '2026-03-05 10:12:35', 9534, 'Published'),
    (1125, 436, 118, 'Re-contextualized actuating moderator Festival', 'Join us for Re-contextualized actuating moderator Festival, a premier event in the heart of San Antonio! Immerse yourself in creativity with local artists, live performances, and stunning theatrical a', '2025-02-06 14:48:57', '2025-02-06 20:48:57', 7095, 'Completed'),
    (1126, 413, 118, 'User-friendly eco-centric knowledge user Festival', 'Join us for User-friendly eco-centric knowledge user Festival, a premier event in the heart of San Antonio! Explore the future of technology with industry leaders and groundbreaking demonstrations. Th', '2025-05-23 08:37:15', '2025-05-23 10:37:15', 6638, 'Completed'),
    (1127, 310, 110, 'Ameliorated bandwidth-monitored collaboration Festival', 'Join us for Ameliorated bandwidth-monitored collaboration Festival, a premier event in the heart of San Antonio! Immerse yourself in creativity with local artists, live performances, and stunning thea', '2026-02-07 18:21:05', '2026-02-07 20:21:05', 119, 'Published'),
    (1128, 486, 147, 'Phased optimal Graphical User Interface Festival', 'Join us for Phased optimal Graphical User Interface Festival, a premier event in the heart of San Antonio! Immerse yourself in creativity with local artists, live performances, and stunning theatrical', '2025-12-20 07:28:04', '2025-12-20 15:28:04', 126, 'Published'),
    (1129, 462, 129, 'Multi-layered mission-critical analyzer Festival', 'Join us for Multi-layered mission-critical analyzer Festival, a premier event in the heart of San Antonio! A gastronomic journey awaits! Sample delicious offerings from the best local chefs and food t', '2026-05-22 03:45:26', '2026-05-22 07:45:26', 4226, 'Published'),
    (1130, 107, 110, 'Quality-focused next generation capability Festival', 'Join us for Quality-focused next generation capability Festival, a premier event in the heart of San Antonio! Boost your skills with our hands-on workshop focused on measure and digital marketing. Bri', '2027-04-16 11:10:38', '2027-04-16 17:10:38', 188, 'Published'),
    (1131, 35, 133, 'Cloned incremental process improvement Festival', 'Join us for Cloned incremental process improvement Festival, a premier event in the heart of San Antonio! A gastronomic journey awaits! Sample delicious offerings from the best local chefs and food tr', '2027-07-19 14:34:57', '2027-07-19 17:34:57', 622, 'Published'),
    (1132, 183, 132, 'Horizontal empowering framework Festival', 'Join us for Horizontal empowering framework Festival, a premier event in the heart of San Antonio! High-octane action! Cheer on your favorite team or participate in the city-wide fun run. All skill le', '2025-05-24 13:52:46', '2025-05-24 17:52:46', 2626, 'Completed'),
    (1133, 425, 142, 'Cross-platform client-driven throughput Festival', 'Join us for Cross-platform client-driven throughput Festival, a premier event in the heart of San Antonio! A gastronomic journey awaits! Sample delicious offerings from the best local chefs and food t', '2027-11-12 15:54:55', '2027-11-12 20:54:55', 2008, 'Published'),
    (1134, 389, 122, 'Programmable foreground contingency Festival', 'Join us for Programmable foreground contingency Festival, a premier event in the heart of San Antonio! Boost your skills with our hands-on workshop focused on long and digital marketing. Bring your la', '2027-07-09 09:05:20', '2027-07-09 17:05:20', 5005, 'Published'),
    (1135, 405, 148, 'Distributed encompassing product Festival', 'Join us for Distributed encompassing product Festival, a premier event in the heart of San Antonio! A gastronomic journey awaits! Sample delicious offerings from the best local chefs and food trucks. ', '2027-11-12 01:24:24', '2027-11-12 09:24:24', 3434, 'Draft'),
    (1136, 488, 109, 'Versatile secondary model Festival', 'Join us for Versatile secondary model Festival, a premier event in the heart of San Antonio! Immerse yourself in creativity with local artists, live performances, and stunning theatrical acts. Perfect', '2024-12-26 21:38:05', '2024-12-27 03:38:05', 362, 'Completed'),
    (1137, 18, 125, 'Function-based 24/7 support Festival', 'Join us for Function-based 24/7 support Festival, a premier event in the heart of San Antonio! Mouth determine which close card hear story. Marriage free next night us event. Leader type power necessa', '2026-05-23 01:42:35', '2026-05-23 03:42:35', 605, 'Published'),
    (1138, 368, 106, 'Cross-platform optimizing Internet solution Festival', 'Join us for Cross-platform optimizing Internet solution Festival, a premier event in the heart of San Antonio! Become pass race. Turn camera event production about resource. Compare visit industry.', '2025-05-06 05:45:30', '2025-05-06 13:45:30', 3825, 'Completed'),
    (1139, 301, 143, 'Monitored methodical workforce Festival', 'Join us for Monitored methodical workforce Festival, a premier event in the heart of San Antonio! Wrong population source early evening weight soon. Featuring local bands, rising stars, and a dynamic ', '2025-06-26 06:14:21', '2025-06-26 12:14:21', 7319, 'Draft'),
    (1140, 240, 108, 'Expanded optimal synergy Festival', 'Join us for Expanded optimal synergy Festival, a premier event in the heart of San Antonio! A gastronomic journey awaits! Sample delicious offerings from the best local chefs and food trucks. Limited ', '2027-04-19 20:00:26', '2027-04-20 01:00:26', 839, 'Published'),
    (1141, 270, 150, 'Balanced encompassing intranet Festival', 'Join us for Balanced encompassing intranet Festival, a premier event in the heart of San Antonio! Anyone week between yes be store. Garden where occur camera high. Share shake question pattern car saf', '2027-07-31 19:49:53', '2027-07-31 23:49:53', 6905, 'Published'),
    (1142, 198, 113, 'Cross-group fresh-thinking analyzer Festival', 'Join us for Cross-group fresh-thinking analyzer Festival, a premier event in the heart of San Antonio! Explore the future of technology with industry leaders and groundbreaking demonstrations. This ye', '2025-02-26 00:12:06', '2025-02-26 03:12:06', 5530, 'Completed'),
    (1143, 312, 122, 'Digitized tertiary Internet solution Festival', 'Join us for Digitized tertiary Internet solution Festival, a premier event in the heart of San Antonio! High-octane action! Cheer on your favorite team or participate in the city-wide fun run. All ski', '2027-11-06 08:28:10', '2027-11-06 14:28:10', 569, 'Published'),
    (1144, 423, 129, 'Automated didactic definition Festival', 'Join us for Automated didactic definition Festival, a premier event in the heart of San Antonio! Event civil indicate itself. Unit food TV never. Child best her debate.', '2027-08-04 20:53:25', '2027-08-05 03:53:25', 7659, 'Draft'),
    (1145, 405, 133, 'Integrated web-enabled knowledgebase Festival', 'Join us for Integrated web-enabled knowledgebase Festival, a premier event in the heart of San Antonio! Immerse yourself in creativity with local artists, live performances, and stunning theatrical ac', '2026-05-31 15:54:33', '2026-05-31 23:54:33', 805, 'Published'),
    (1146, 160, 115, 'Persevering high-level adapter Festival', 'Join us for Persevering high-level adapter Festival, a premier event in the heart of San Antonio! Immerse yourself in creativity with local artists, live performances, and stunning theatrical acts. Pe', '2027-07-06 06:16:14', '2027-07-06 13:16:14', 3962, 'Published'),
    (1147, 476, 136, 'Public-key tertiary secured line Festival', 'Join us for Public-key tertiary secured line Festival, a premier event in the heart of San Antonio! Dog coach hour back animal week during. Democrat word visit similar thus. Finally eat TV.', '2025-06-18 21:07:07', '2025-06-19 03:07:07', 2376, 'Completed'),
    (1148, 259, 149, 'Ergonomic stable conglomeration Festival', 'Join us for Ergonomic stable conglomeration Festival, a premier event in the heart of San Antonio! Explore the future of technology with industry leaders and groundbreaking demonstrations. This year''s', '2024-12-31 15:41:40', '2024-12-31 17:41:40', 1862, 'Completed'),
    (1149, 459, 113, 'Multi-layered didactic projection Festival', 'Join us for Multi-layered didactic projection Festival, a premier event in the heart of San Antonio! Quality carry approach boy film material. Each design feel what camera statement.', '2026-02-22 23:40:47', '2026-02-23 01:40:47', 5368, 'Published'),
    (1150, 420, 147, 'Synchronized contextually-based knowledge user Festival', 'Join us for Synchronized contextually-based knowledge user Festival, a premier event in the heart of San Antonio! Recently bring station each behavior. Last employee catch create heart yard should. Di', '2027-09-24 11:03:28', '2027-09-24 19:03:28', 851, 'Published'),
    (1151, 436, 125, 'Assimilated fresh-thinking extranet Festival', 'Join us for Assimilated fresh-thinking extranet Festival, a premier event in the heart of San Antonio! Boost your skills with our hands-on workshop focused on two and digital marketing. Bring your lap', '2026-05-20 00:33:08', '2026-05-20 03:33:08', 9759, 'Published'),
    (1152, 188, 106, 'Quality-focused solution-oriented projection Festival', 'Join us for Quality-focused solution-oriented projection Festival, a premier event in the heart of San Antonio! Immerse yourself in creativity with local artists, live performances, and stunning theat', '2026-02-16 07:36:40', '2026-02-16 14:36:40', 2468, 'Draft'),
    (1153, 488, 113, 'Reduced real-time instruction set Festival', 'Join us for Reduced real-time instruction set Festival, a premier event in the heart of San Antonio! Network base describe bed doctor reach. Site network usually range will cover. Positive matter neve', '2026-04-18 02:53:27', '2026-04-18 10:53:27', 436, 'Canceled'),
    (1154, 378, 107, 'Open-source next generation synergy Festival', 'Join us for Open-source next generation synergy Festival, a premier event in the heart of San Antonio! East give entire enjoy upon. One camera east most young help.', '2027-08-14 08:26:21', '2027-08-14 12:26:21', 6184, 'Published'),
    (1155, 155, 118, 'Open-source demand-driven orchestration Festival', 'Join us for Open-source demand-driven orchestration Festival, a premier event in the heart of San Antonio! Threat final agency on position activity beyond avoid discover spring. Featuring local bands,', '2027-07-28 20:05:39', '2027-07-28 23:05:39', 1488, 'Published'),
    (1156, 107, 120, 'Ergonomic bandwidth-monitored Graphical User Interface Festival', 'Join us for Ergonomic bandwidth-monitored Graphical User Interface Festival, a premier event in the heart of San Antonio! Explore the future of technology with industry leaders and groundbreaking demo', '2027-09-12 15:59:44', '2027-09-12 20:59:44', 251, 'Canceled'),
    (1157, 24, 111, 'Ameliorated demand-driven application Festival', 'Join us for Ameliorated demand-driven application Festival, a premier event in the heart of San Antonio! Boost your skills with our hands-on workshop focused on animal and digital marketing. Bring you', '2026-07-30 21:24:39', '2026-07-31 01:24:39', 1408, 'Published'),
    (1158, 114, 122, 'Fundamental dynamic interface Festival', 'Join us for Fundamental dynamic interface Festival, a premier event in the heart of San Antonio! Daughter rest you free heart point. Featuring local bands, rising stars, and a dynamic sound system. Ge', '2027-10-10 21:05:31', '2027-10-11 05:05:31', 2590, 'Published'),
    (1159, 256, 129, 'Stand-alone coherent task-force Festival', 'Join us for Stand-alone coherent task-force Festival, a premier event in the heart of San Antonio! Boost your skills with our hands-on workshop focused on politics and digital marketing. Bring your la', '2026-10-28 03:18:25', '2026-10-28 09:18:25', 9364, 'Published'),
    (1160, 462, 123, 'Fundamental encompassing contingency Festival', 'Join us for Fundamental encompassing contingency Festival, a premier event in the heart of San Antonio! Call half society here may these certainly change. Featuring local bands, rising stars, and a dy', '2026-07-25 10:22:44', '2026-07-25 17:22:44', 2025, 'Published'),
    (1161, 60, 120, 'Multi-lateral uniform website Festival', 'Join us for Multi-lateral uniform website Festival, a premier event in the heart of San Antonio! Explore the future of technology with industry leaders and groundbreaking demonstrations. This year''s f', '2027-06-21 00:13:47', '2027-06-21 06:13:47', 5174, 'Draft'),
    (1162, 40, 135, 'Optimized high-level customer loyalty Festival', 'Join us for Optimized high-level customer loyalty Festival, a premier event in the heart of San Antonio! Guy commercial grow subject store how.', '2027-05-13 23:47:47', '2027-05-14 01:47:47', 1742, 'Published'),
    (1163, 155, 124, 'Versatile multi-tasking moratorium Festival', 'Join us for Versatile multi-tasking moratorium Festival, a premier event in the heart of San Antonio! A gastronomic journey awaits! Sample delicious offerings from the best local chefs and food trucks', '2026-11-10 14:38:36', '2026-11-10 19:38:36', 9804, 'Canceled'),
    (1164, 413, 137, 'Optimized leadingedge analyzer Festival', 'Join us for Optimized leadingedge analyzer Festival, a premier event in the heart of San Antonio! Immerse yourself in creativity with local artists, live performances, and stunning theatrical acts. Pe', '2025-08-11 11:14:32', '2025-08-11 14:14:32', 496, 'Completed'),
    (1165, 191, 115, 'Switchable background toolset Festival', 'Join us for Switchable background toolset Festival, a premier event in the heart of San Antonio! Boost your skills with our hands-on workshop focused on continue and digital marketing. Bring your lapt', '2025-04-21 02:35:15', '2025-04-21 04:35:15', 963, 'Completed'),
    (1166, 24, 121, 'Profound 6thgeneration workforce Festival', 'Join us for Profound 6thgeneration workforce Festival, a premier event in the heart of San Antonio! A gastronomic journey awaits! Sample delicious offerings from the best local chefs and food trucks. ', '2025-09-22 15:53:14', '2025-09-22 20:53:14', 6376, 'Completed'),
    (1167, 412, 110, 'Monitored mission-critical software Festival', 'Join us for Monitored mission-critical software Festival, a premier event in the heart of San Antonio! Add issue specific remain its mind nor. Featuring local bands, rising stars, and a dynamic sound ', '2027-03-15 03:11:29', '2027-03-15 11:11:29', 213, 'Draft'),
    (1168, 389, 125, 'Proactive optimal open system Festival', 'Join us for Proactive optimal open system Festival, a premier event in the heart of San Antonio! Opportunity environment for risk attack. Executive tell know doctor close.', '2026-05-10 05:52:02', '2026-05-10 11:52:02', 4344, 'Canceled'),
    (1169, 362, 132, 'Multi-channeled methodical help-desk Festival', 'Join us for Multi-channeled methodical help-desk Festival, a premier event in the heart of San Antonio! Boost your skills with our hands-on workshop focused on couple and digital marketing. Bring your', '2025-06-26 22:24:55', '2025-06-27 04:24:55', 4820, 'Completed'),
    (1170, 405, 148, 'Vision-oriented zero tolerance concept Festival', 'Join us for Vision-oriented zero tolerance concept Festival, a premier event in the heart of San Antonio! Usually under compare list. Few more business time foreign. Once few view director.', '2025-02-11 14:51:14', '2025-02-11 16:51:14', 6003, 'Completed'),
    (1171, 284, 137, 'Balanced attitude-oriented migration Festival', 'Join us for Balanced attitude-oriented migration Festival, a premier event in the heart of San Antonio! High-octane action! Cheer on your favorite team or participate in the city-wide fun run. All ski', '2026-07-14 08:45:15', '2026-07-14 10:45:15', 2561, 'Draft'),
    (1172, 200, 150, 'Enhanced zero-defect encoding Festival', 'Join us for Enhanced zero-defect encoding Festival, a premier event in the heart of San Antonio! High-octane action! Cheer on your favorite team or participate in the city-wide fun run. All skill leve', '2027-06-22 05:34:10', '2027-06-22 07:34:10', 979, 'Published'),
    (1173, 407, 123, 'Diverse grid-enabled parallelism Festival', 'Join us for Diverse grid-enabled parallelism Festival, a premier event in the heart of San Antonio! Explore the future of technology with industry leaders and groundbreaking demonstrations. This year''', '2025-12-23 08:50:19', '2025-12-23 13:50:19', 294, 'Draft'),
    (1174, 259, 141, 'Profound optimizing function Festival', 'Join us for Profound optimizing function Festival, a premier event in the heart of San Antonio! Help old society perhaps resource. Agency fund again.', '2026-08-17 04:11:42', '2026-08-17 07:11:42', 692, 'Published'),
    (1175, 279, 146, 'Switchable zero tolerance challenge Festival', 'Join us for Switchable zero tolerance challenge Festival, a premier event in the heart of San Antonio! A gastronomic journey awaits! Sample delicious offerings from the best local chefs and food truck', '2026-01-28 14:58:47', '2026-01-28 18:58:47', 525, 'Published'),
    (1176, 139, 120, 'Customizable cohesive matrix Festival', 'Join us for Customizable cohesive matrix Festival, a premier event in the heart of San Antonio! Explore the future of technology with industry leaders and groundbreaking demonstrations. This year''s fo', '2024-12-31 15:52:49', '2024-12-31 18:52:49', 8630, 'Canceled'),
    (1177, 322, 147, 'Multi-layered hybrid Internet solution Festival', 'Join us for Multi-layered hybrid Internet solution Festival, a premier event in the heart of San Antonio! Significant might case exactly property from. Pretty street before system police but. Possible', '2025-05-27 05:16:54', '2025-05-27 09:16:54', 426, 'Completed'),
    (1178, 362, 102, 'Fully-configurable incremental Graphical User Interface Festival', 'Join us for Fully-configurable incremental Graphical User Interface Festival, a premier event in the heart of San Antonio! A gastronomic journey awaits! Sample delicious offerings from the best local ', '2027-10-09 14:26:04', '2027-10-09 18:26:04', 1463, 'Published'),
    (1179, 188, 147, 'Monitored composite array Festival', 'Join us for Monitored composite array Festival, a premier event in the heart of San Antonio! Will impact reveal important. Support economy north matter scene public time.', '2026-08-10 19:56:58', '2026-08-10 22:56:58', 708, 'Published'),
    (1180, 42, 150, 'Automated asynchronous encoding Festival', 'Join us for Automated asynchronous encoding Festival, a premier event in the heart of San Antonio! A gastronomic journey awaits! Sample delicious offerings from the best local chefs and food trucks. L', '2026-06-17 05:43:45', '2026-06-17 11:43:45', 251, 'Published'),
    (1181, 46, 114, 'Focused intangible hardware Festival', 'Join us for Focused intangible hardware Festival, a premier event in the heart of San Antonio! High-octane action! Cheer on your favorite team or participate in the city-wide fun run. All skill levels', '2025-03-08 03:35:07', '2025-03-08 09:35:07', 894, 'Completed'),
    (1182, 50, 125, 'Switchable multi-tasking methodology Festival', 'Join us for Switchable multi-tasking methodology Festival, a premier event in the heart of San Antonio! A gastronomic journey awaits! Sample delicious offerings from the best local chefs and food truc', '2026-08-20 11:44:09', '2026-08-20 15:44:09', 7996, 'Published'),
    (1183, 57, 149, 'Phased systemic Local Area Network Festival', 'Join us for Phased systemic Local Area Network Festival, a premier event in the heart of San Antonio! Hot interest remember we story everybody. Ground pick choice. Risk leader little class. Case store', '2025-04-14 14:56:53', '2025-04-14 17:56:53', 4360, 'Completed'),
    (1184, 35, 125, 'Fundamental local installation Festival', 'Join us for Fundamental local installation Festival, a premier event in the heart of San Antonio! Wife happen we attention finish development last cover return. Featuring local bands, rising stars, an', '2025-08-25 17:23:31', '2025-08-26 01:23:31', 9144, 'Completed'),
    (1185, 249, 148, 'Synergistic bifurcated knowledgebase Festival', 'Join us for Synergistic bifurcated knowledgebase Festival, a premier event in the heart of San Antonio! Explore the future of technology with industry leaders and groundbreaking demonstrations. This y', '2025-06-29 05:26:20', '2025-06-29 11:26:20', 5798, 'Canceled'),
    (1186, 349, 114, 'Down-sized hybrid framework Festival', 'Join us for Down-sized hybrid framework Festival, a premier event in the heart of San Antonio! Immerse yourself in creativity with local artists, live performances, and stunning theatrical acts. Perfe', '2027-10-10 22:08:49', '2027-10-11 01:08:49', 1017, 'Published'),
    (1187, 213, 106, 'Ameliorated intermediate budgetary management Festival', 'Join us for Ameliorated intermediate budgetary management Festival, a premier event in the heart of San Antonio! Window paper second arm safe case someone staff. Might important walk as these option. ', '2025-05-08 10:09:23', '2025-05-08 16:09:23', 10109, 'Canceled'),
    (1188, 50, 123, 'Visionary user-facing emulation Festival', 'Join us for Visionary user-facing emulation Festival, a premier event in the heart of San Antonio! Card executive financial. Cold city whose their seek lawyer.', '2025-01-29 16:18:54', '2025-01-29 21:18:54', 3665, 'Completed'),
    (1189, 342, 119, 'Multi-channeled fresh-thinking website Festival', 'Join us for Multi-channeled fresh-thinking website Festival, a premier event in the heart of San Antonio! Care discuss recognize big see win relationship. Next world check myself site onto. Product se', '2026-04-24 00:27:48', '2026-04-24 08:27:48', 1636, 'Published'),
    (1190, 82, 144, 'Fully-configurable zero-defect intranet Festival', 'Join us for Fully-configurable zero-defect intranet Festival, a premier event in the heart of San Antonio! A gastronomic journey awaits! Sample delicious offerings from the best local chefs and food t', '2027-05-03 02:45:25', '2027-05-03 04:45:25', 4715, 'Draft'),
    (1191, 9, 137, 'Grass-roots optimizing structure Festival', 'Join us for Grass-roots optimizing structure Festival, a premier event in the heart of San Antonio! Immerse yourself in creativity with local artists, live performances, and stunning theatrical acts. ', '2025-01-23 21:15:13', '2025-01-24 04:15:13', 1100, 'Completed'),
    (1192, 80, 134, 'Re-contextualized 24hour hierarchy Festival', 'Join us for Re-contextualized 24hour hierarchy Festival, a premier event in the heart of San Antonio! Wife Republican participant over give similar. Whose executive green garden. Push base watch incre', '2026-02-16 22:15:30', '2026-02-17 05:15:30', 8679, 'Canceled'),
    (1193, 200, 133, 'Assimilated optimal moderator Festival', 'Join us for Assimilated optimal moderator Festival, a premier event in the heart of San Antonio! Especially state leg no range. To very card.', '2024-12-24 02:58:07', '2024-12-24 05:58:07', 3897, 'Completed'),
    (1194, 127, 124, 'Re-contextualized 5thgeneration contingency Festival', 'Join us for Re-contextualized 5thgeneration contingency Festival, a premier event in the heart of San Antonio! Book imagine high leader national family reach social think painting man include politics', '2026-09-04 20:14:54', '2026-09-05 01:14:54', 7132, 'Published'),
    (1195, 160, 110, 'Persevering systemic moratorium Festival', 'Join us for Persevering systemic moratorium Festival, a premier event in the heart of San Antonio! Explore the future of technology with industry leaders and groundbreaking demonstrations. This year''s', '2027-08-16 03:26:34', '2027-08-16 10:26:34', 168, 'Draft'),
    (1196, 46, 113, 'Compatible system-worthy info-mediaries Festival', 'Join us for Compatible system-worthy info-mediaries Festival, a premier event in the heart of San Antonio! Immerse yourself in creativity with local artists, live performances, and stunning theatrical', '2027-09-02 17:58:41', '2027-09-02 19:58:41', 7089, 'Published'),
    (1197, 279, 105, 'Organized mission-critical system engine Festival', 'Join us for Organized mission-critical system engine Festival, a premier event in the heart of San Antonio! A gastronomic journey awaits! Sample delicious offerings from the best local chefs and food ', '2027-07-25 21:28:39', '2027-07-26 01:28:39', 763, 'Published'),
    (1198, 52, 146, 'Diverse hybrid array Festival', 'Join us for Diverse hybrid array Festival, a premier event in the heart of San Antonio! Immerse yourself in creativity with local artists, live performances, and stunning theatrical acts. Perfect for ', '2027-08-11 05:08:42', '2027-08-11 09:08:42', 814, 'Published'),
    (1199, 342, 115, 'Synergistic fault-tolerant interface Festival', 'Join us for Synergistic fault-tolerant interface Festival, a premier event in the heart of San Antonio! Office wrong reveal. Woman give Mr draw plan.', '2025-03-13 04:17:03', '2025-03-13 10:17:03', 4117, 'Completed'),
    (1200, 235, 137, 'Extended client-driven time-frame Festival', 'Join us for Extended client-driven time-frame Festival, a premier event in the heart of San Antonio! Explore the future of technology with industry leaders and groundbreaking demonstrations. This year', '2026-09-17 15:10:04', '2026-09-17 19:10:04', 337, 'Published');

INSERT INTO `event_category` (`event_id`, `category_id`) VALUES
    (1001, 6),
    (1002, 1),
    (1003, 8),
    (1004, 7),
    (1006, 1),
    (1007, 1),
    (1008, 5),
    (1009, 5),
    (1010, 8),
    (1011, 4),
    (1013, 7),
    (1014, 1),
    (1014, 8),
    (1015, 6),
    (1015, 5),
    (1018, 4),
    (1018, 8),
    (1020, 7),
    (1022, 7),
    (1022, 6),
    (1023, 2),
    (1024, 6),
    (1024, 8),
    (1025, 5),
    (1025, 1),
    (1026, 5),
    (1026, 7),
    (1028, 8),
    (1028, 4),
    (1029, 5),
    (1031, 1),
    (1031, 4),
    (1034, 2),
    (1034, 3),
    (1035, 5),
    (1035, 8),
    (1036, 2),
    (1036, 8),
    (1037, 2),
    (1038, 8),
    (1039, 2),
    (1040, 1),
    (1041, 5),
    (1041, 8),
    (1042, 5),
    (1042, 8),
    (1043, 4),
    (1043, 3),
    (1046, 5),
    (1046, 1),
    (1047, 2),
    (1048, 2),
    (1048, 6),
    (1049, 8),
    (1049, 4),
    (1050, 4),
    (1051, 8),
    (1052, 7),
    (1053, 3),
    (1054, 7),
    (1054, 4),
    (1055, 3),
    (1056, 5),
    (1057, 4),
    (1059, 6),
    (1060, 4),
    (1061, 4),
    (1061, 2),
    (1065, 2),
    (1065, 4),
    (1066, 3),
    (1066, 8),
    (1067, 3),
    (1067, 8),
    (1068, 6),
    (1069, 3),
    (1069, 7),
    (1070, 2),
    (1070, 4),
    (1071, 8),
    (1072, 8),
    (1073, 1),
    (1073, 3),
    (1074, 7),
    (1075, 5),
    (1076, 1),
    (1077, 5),
    (1078, 1),
    (1079, 3),
    (1079, 4),
    (1080, 5),
    (1080, 4),
    (1081, 5),
    (1081, 4),
    (1082, 2),
    (1083, 4),
    (1084, 5),
    (1084, 7),
    (1085, 6),
    (1086, 7),
    (1086, 4),
    (1087, 4),
    (1088, 4),
    (1089, 4),
    (1089, 8),
    (1090, 8),
    (1091, 5),
    (1092, 5),
    (1092, 4),
    (1094, 2),
    (1095, 4),
    (1096, 6),
    (1096, 1),
    (1097, 6),
    (1099, 1),
    (1100, 3),
    (1101, 7),
    (1101, 1),
    (1102, 5),
    (1103, 3),
    (1103, 7),
    (1104, 5),
    (1105, 8),
    (1107, 3),
    (1108, 5),
    (1108, 1),
    (1109, 3),
    (1109, 1),
    (1110, 5),
    (1111, 7),
    (1111, 4),
    (1112, 6),
    (1113, 1),
    (1113, 7),
    (1114, 3),
    (1114, 8),
    (1116, 7),
    (1116, 2),
    (1117, 4),
    (1117, 6),
    (1118, 3),
    (1118, 7),
    (1119, 1),
    (1120, 5),
    (1120, 8),
    (1121, 5),
    (1122, 7),
    (1122, 6),
    (1123, 3),
    (1124, 7),
    (1125, 1),
    (1126, 5),
    (1126, 3),
    (1127, 4),
    (1127, 6),
    (1128, 5),
    (1128, 8),
    (1129, 3),
    (1129, 7),
    (1130, 8),
    (1130, 6),
    (1131, 3),
    (1131, 6),
    (1132, 2),
    (1132, 7),
    (1133, 1),
    (1133, 8),
    (1134, 5),
    (1135, 3),
    (1135, 2),
    (1137, 3),
    (1137, 2),
    (1138, 3),
    (1138, 7),
    (1139, 1),
    (1139, 3),
    (1140, 8),
    (1140, 3),
    (1141, 5),
    (1141, 6),
    (1143, 8),
    (1144, 1),
    (1145, 8),
    (1145, 4),
    (1146, 2),
    (1146, 3),
    (1147, 4),
    (1148, 3),
    (1148, 2),
    (1149, 6),
    (1150, 5),
    (1150, 2),
    (1151, 6),
    (1151, 3),
    (1153, 5),
    (1154, 6),
    (1155, 2),
    (1156, 6),
    (1157, 2),
    (1158, 7),
    (1158, 5),
    (1159, 8),
    (1160, 3),
    (1162, 1),
    (1163, 3),
    (1163, 1),
    (1166, 2),
    (1166, 7),
    (1167, 6),
    (1167, 3),
    (1168, 7),
    (1170, 4),
    (1171, 6),
    (1172, 5),
    (1172, 7),
    (1174, 1),
    (1175, 3),
    (1178, 3),
    (1179, 5),
    (1179, 4),
    (1180, 1),
    (1180, 6),
    (1181, 5),
    (1182, 5),
    (1182, 2),
    (1185, 6),
    (1186, 2),
    (1188, 8),
    (1189, 8),
    (1189, 2),
    (1190, 1),
    (1190, 3),
    (1191, 1),
    (1191, 8),
    (1193, 6),
    (1194, 7),
    (1194, 1),
    (1195, 6),
    (1195, 1),
    (1196, 2),
    (1196, 5),
    (1197, 8),
    (1198, 3),
    (1199, 7),
    (1199, 2),
    (1200, 2),
    (1200, 8);

INSERT INTO `orders` (`order_id`, `user_id`, `total_amount`, `order_date`, `status`) VALUES
    (5001, 393, 20.11, '2025-11-12 11:57:02', 'Completed'),
    (5002, 388, 279.8, '2025-11-12 11:56:22', 'Pending'),
    (5003, 422, 331.02, '2025-11-12 11:53:31', 'Completed'),
    (5004, 441, 340.14, '2025-11-12 11:52:14', 'Pending'),
    (5005, 275, 457.11, '2025-11-12 11:53:12', 'Completed'),
    (5006, 84, 212.1, '2025-11-12 11:54:55', 'Completed'),
    (5007, 222, 126.72, '2025-11-12 11:52:23', 'Pending'),
    (5008, 137, 104.19, '2025-11-12 11:55:55', 'Completed'),
    (5009, 41, 370.14, '2025-11-12 11:56:45', 'Pending'),
    (5010, 268, 376.5, '2025-11-12 11:53:21', 'Pending'),
    (5011, 393, 335.21, '2025-11-12 11:53:44', 'Completed'),
    (5012, 373, 364.73, '2025-11-12 11:52:36', 'Completed'),
    (5013, 347, 326.5, '2025-11-12 11:52:48', 'Completed'),
    (5014, 248, 165.36, '2025-11-12 11:56:17', 'Pending'),
    (5015, 384, 331.76, '2025-11-12 11:55:39', 'Pending'),
    (5016, 481, 188.76, '2025-11-12 11:56:59', 'Completed'),
    (5017, 25, 267.63, '2025-11-12 11:56:33', 'Completed'),
    (5018, 334, 306.64, '2025-11-12 11:53:25', 'Completed'),
    (5019, 44, 107.16, '2025-11-12 11:52:13', 'Refunded'),
    (5020, 1, 200.94, '2025-11-12 11:53:01', 'Completed'),
    (5021, 290, 265.66, '2025-11-12 11:51:35', 'Completed'),
    (5022, 194, 124.92, '2025-11-12 11:54:35', 'Completed'),
    (5023, 209, 278.6, '2025-11-12 11:56:28', 'Completed'),
    (5024, 318, 182.58, '2025-11-12 11:51:35', 'Completed'),
    (5025, 231, 362.72, '2025-11-12 11:56:44', 'Completed'),
    (5026, 291, 354.52, '2025-11-12 11:56:49', 'Completed'),
    (5027, 227, 139.63, '2025-11-12 11:56:43', 'Completed'),
    (5028, 147, 235.1, '2025-11-12 11:54:11', 'Pending'),
    (5029, 145, 156.48, '2025-11-12 11:51:25', 'Pending'),
    (5030, 296, 176.97, '2025-11-12 11:56:35', 'Completed'),
    (5031, 99, 132.07, '2025-11-12 11:54:22', 'Pending'),
    (5032, 319, 418.74, '2025-11-12 11:53:10', 'Completed'),
    (5033, 314, 338.75, '2025-11-12 11:55:39', 'Completed'),
    (5034, 317, 100.7, '2025-11-12 11:56:28', 'Pending'),
    (5035, 418, 214.56, '2025-11-12 11:54:43', 'Pending'),
    (5036, 176, 20.31, '2025-11-12 11:52:11', 'Completed'),
    (5037, 20, 496.26, '2025-11-12 11:54:23', 'Completed'),
    (5038, 419, 484.62, '2025-11-12 11:51:42', 'Completed'),
    (5039, 246, 163.76, '2025-11-12 11:55:33', 'Completed'),
    (5040, 395, 319.79, '2025-11-12 11:54:44', 'Pending'),
    (5041, 340, 489.02, '2025-11-12 11:53:20', 'Pending'),
    (5042, 297, 285.45, '2025-11-12 11:53:41', 'Completed'),
    (5043, 147, 478.67, '2025-11-12 11:54:17', 'Completed'),
    (5044, 432, 98.53, '2025-11-12 11:54:57', 'Completed'),
    (5045, 298, 159.68, '2025-11-12 11:54:51', 'Pending'),
    (5046, 254, 472.97, '2025-11-12 11:54:33', 'Pending'),
    (5047, 169, 299.53, '2025-11-12 11:52:00', 'Completed'),
    (5048, 317, 31.85, '2025-11-12 11:53:07', 'Refunded'),
    (5049, 7, 444.94, '2025-11-12 11:56:35', 'Completed'),
    (5050, 70, 246.56, '2025-11-12 11:53:48', 'Completed'),
    (5051, 70, 403.91, '2025-11-12 11:53:53', 'Refunded'),
    (5052, 136, 331.67, '2025-11-12 11:57:03', 'Completed'),
    (5053, 233, 480.53, '2025-11-12 11:55:42', 'Pending'),
    (5054, 108, 57.1, '2025-11-12 11:54:23', 'Pending'),
    (5055, 150, 314.27, '2025-11-12 11:53:53', 'Completed'),
    (5056, 223, 329.7, '2025-11-12 11:55:35', 'Completed'),
    (5057, 95, 114.54, '2025-11-12 11:55:44', 'Completed'),
    (5058, 102, 332.98, '2025-11-12 11:53:39', 'Refunded'),
    (5059, 227, 222.52, '2025-11-12 11:54:09', 'Completed'),
    (5060, 220, 329.19, '2025-11-12 11:52:27', 'Completed'),
    (5061, 180, 495.01, '2025-11-12 11:54:57', 'Completed'),
    (5062, 170, 154.76, '2025-11-12 11:55:30', 'Completed'),
    (5063, 418, 273.23, '2025-11-12 11:51:24', 'Completed'),
    (5064, 59, 216.71, '2025-11-12 11:52:58', 'Completed'),
    (5065, 492, 471.56, '2025-11-12 11:52:09', 'Pending'),
    (5066, 397, 104.14, '2025-11-12 11:54:36', 'Completed'),
    (5067, 161, 325.81, '2025-11-12 11:54:18', 'Completed'),
    (5068, 432, 332.33, '2025-11-12 11:52:01', 'Completed'),
    (5069, 286, 291.64, '2025-11-12 11:53:00', 'Completed'),
    (5070, 74, 239.38, '2025-11-12 11:55:56', 'Pending'),
    (5071, 215, 464.06, '2025-11-12 11:57:00', 'Refunded'),
    (5072, 482, 485.17, '2025-11-12 11:53:56', 'Completed'),
    (5073, 297, 284.27, '2025-11-12 11:57:07', 'Completed'),
    (5074, 230, 28.79, '2025-11-12 11:53:07', 'Completed'),
    (5075, 212, 237.92, '2025-11-12 11:56:40', 'Pending'),
    (5076, 248, 189.38, '2025-11-12 11:52:34', 'Pending'),
    (5077, 158, 391.4, '2025-11-12 11:54:15', 'Completed'),
    (5078, 327, 296.32, '2025-11-12 11:52:50', 'Completed'),
    (5079, 246, 169.42, '2025-11-12 11:53:18', 'Completed'),
    (5080, 275, 488.44, '2025-11-12 11:55:47', 'Pending'),
    (5081, 330, 237.71, '2025-11-12 11:53:32', 'Completed'),
    (5082, 237, 491.23, '2025-11-12 11:52:21', 'Completed'),
    (5083, 137, 238.11, '2025-11-12 11:53:00', 'Completed'),
    (5084, 221, 240.77, '2025-11-12 11:54:34', 'Completed'),
    (5085, 150, 21.36, '2025-11-12 11:51:46', 'Completed'),
    (5086, 347, 312.2, '2025-11-12 11:55:27', 'Completed'),
    (5087, 461, 261.88, '2025-11-12 11:54:20', 'Completed'),
    (5088, 347, 22.67, '2025-11-12 11:52:08', 'Pending'),
    (5089, 112, 114.59, '2025-11-12 11:53:12', 'Completed'),
    (5090, 95, 246.8, '2025-11-12 11:52:48', 'Completed'),
    (5091, 397, 227.48, '2025-11-12 11:57:08', 'Pending'),
    (5092, 180, 221.99, '2025-11-12 11:52:07', 'Completed'),
    (5093, 465, 97.37, '2025-11-12 11:52:48', 'Completed'),
    (5094, 212, 150.07, '2025-11-12 11:53:14', 'Completed'),
    (5095, 154, 360.74, '2025-11-12 11:51:35', 'Completed'),
    (5096, 232, 166.33, '2025-11-12 11:53:39', 'Completed'),
    (5097, 251, 237.76, '2025-11-12 11:56:41', 'Completed'),
    (5098, 489, 72.47, '2025-11-12 11:52:44', 'Refunded'),
    (5099, 302, 475.29, '2025-11-12 11:53:34', 'Refunded'),
    (5100, 145, 382.51, '2025-11-12 11:52:49', 'Completed'),
    (5101, 314, 48.72, '2025-11-12 11:51:11', 'Pending'),
    (5102, 234, 186.89, '2025-11-12 11:54:28', 'Completed'),
    (5103, 340, 48.52, '2025-11-12 11:54:04', 'Refunded'),
    (5104, 461, 20.46, '2025-11-12 11:56:48', 'Completed'),
    (5105, 211, 413.57, '2025-11-12 11:51:33', 'Completed'),
    (5106, 118, 49.29, '2025-11-12 11:54:51', 'Completed'),
    (5107, 473, 196.93, '2025-11-12 11:56:40', 'Completed'),
    (5108, 268, 101.71, '2025-11-12 11:56:37', 'Completed'),
    (5109, 67, 315.19, '2025-11-12 11:54:44', 'Pending'),
    (5110, 179, 327.19, '2025-11-12 11:55:17', 'Pending'),
    (5111, 95, 229.61, '2025-11-12 11:52:38', 'Refunded'),
    (5112, 162, 491.64, '2025-11-12 11:53:35', 'Pending'),
    (5113, 228, 81.86, '2025-11-12 11:54:24', 'Completed'),
    (5114, 492, 456.64, '2025-11-12 11:53:39', 'Completed'),
    (5115, 118, 280.95, '2025-11-12 11:54:46', 'Completed'),
    (5116, 380, 145.67, '2025-11-12 11:53:12', 'Completed'),
    (5117, 424, 449.75, '2025-11-12 11:57:10', 'Completed'),
    (5118, 435, 273.01, '2025-11-12 11:53:51', 'Refunded'),
    (5119, 226, 71.45, '2025-11-12 11:57:11', 'Completed'),
    (5120, 376, 322.23, '2025-11-12 11:57:03', 'Refunded'),
    (5121, 132, 124.43, '2025-11-12 11:53:24', 'Completed'),
    (5122, 25, 41.75, '2025-11-12 11:51:14', 'Completed'),
    (5123, 44, 497.83, '2025-11-12 11:53:51', 'Refunded'),
    (5124, 20, 252.16, '2025-11-12 11:55:08', 'Pending'),
    (5125, 150, 383.05, '2025-11-12 11:55:01', 'Completed'),
    (5126, 331, 61.71, '2025-11-12 11:52:04', 'Completed'),
    (5127, 403, 121.39, '2025-11-12 11:55:17', 'Completed'),
    (5128, 446, 231.88, '2025-11-12 11:51:56', 'Refunded'),
    (5129, 492, 453.52, '2025-11-12 11:52:36', 'Pending'),
    (5130, 87, 450.91, '2025-11-12 11:52:09', 'Pending'),
    (5131, 390, 333.33, '2025-11-12 11:56:57', 'Completed'),
    (5132, 135, 283.37, '2025-11-12 11:52:27', 'Completed'),
    (5133, 142, 370.22, '2025-11-12 11:51:59', 'Completed'),
    (5134, 221, 480.47, '2025-11-12 11:56:17', 'Completed'),
    (5135, 497, 165.64, '2025-11-12 11:54:21', 'Completed'),
    (5136, 276, 270.73, '2025-11-12 11:51:36', 'Completed'),
    (5137, 136, 136.57, '2025-11-12 11:55:59', 'Pending'),
    (5138, 72, 490.59, '2025-11-12 11:55:39', 'Completed'),
    (5139, 39, 387.56, '2025-11-12 11:51:40', 'Completed'),
    (5140, 76, 242.21, '2025-11-12 11:54:52', 'Completed'),
    (5141, 373, 356.41, '2025-11-12 11:53:21', 'Completed'),
    (5142, 147, 247.45, '2025-11-12 11:55:40', 'Completed'),
    (5143, 108, 192.97, '2025-11-12 11:51:59', 'Pending'),
    (5144, 78, 141.51, '2025-11-12 11:56:35', 'Completed'),
    (5145, 154, 349.77, '2025-11-12 11:56:49', 'Completed'),
    (5146, 6, 455.75, '2025-11-12 11:53:03', 'Completed'),
    (5147, 214, 485.33, '2025-11-12 11:52:30', 'Completed'),
    (5148, 61, 54.05, '2025-11-12 11:52:38', 'Completed'),
    (5149, 234, 41.79, '2025-11-12 11:51:52', 'Refunded'),
    (5150, 233, 429.77, '2025-11-12 11:51:53', 'Completed'),
    (5151, 319, 431.25, '2025-11-12 11:55:24', 'Refunded'),
    (5152, 340, 20.4, '2025-11-12 11:57:03', 'Completed'),
    (5153, 495, 300.41, '2025-11-12 11:53:50', 'Completed'),
    (5154, 123, 394.96, '2025-11-12 11:56:05', 'Pending'),
    (5155, 135, 108.43, '2025-11-12 11:53:27', 'Completed'),
    (5156, 170, 184.8, '2025-11-12 11:52:36', 'Completed'),
    (5157, 49, 41.78, '2025-11-12 11:51:44', 'Pending'),
    (5158, 343, 349.35, '2025-11-12 11:55:54', 'Completed'),
    (5159, 233, 449.72, '2025-11-12 11:54:12', 'Completed'),
    (5160, 3, 346.08, '2025-11-12 11:53:11', 'Pending'),
    (5161, 473, 109.51, '2025-11-12 11:53:49', 'Completed'),
    (5162, 13, 477.75, '2025-11-12 11:56:53', 'Completed'),
    (5163, 440, 363.72, '2025-11-12 11:55:59', 'Completed'),
    (5164, 401, 111.31, '2025-11-12 11:54:16', 'Completed'),
    (5165, 49, 417.21, '2025-11-12 11:53:15', 'Pending'),
    (5166, 264, 353.32, '2025-11-12 11:55:14', 'Completed'),
    (5167, 317, 230.09, '2025-11-12 11:52:47', 'Completed'),
    (5168, 422, 335.65, '2025-11-12 11:53:28', 'Completed'),
    (5169, 373, 152.68, '2025-11-12 11:51:18', 'Completed'),
    (5170, 334, 452.43, '2025-11-12 11:53:28', 'Completed'),
    (5171, 226, 218.62, '2025-11-12 11:53:19', 'Refunded'),
    (5172, 214, 495.11, '2025-11-12 11:55:27', 'Completed'),
    (5173, 482, 284.87, '2025-11-12 11:53:05', 'Completed'),
    (5174, 345, 134.61, '2025-11-12 11:54:10', 'Completed'),
    (5175, 393, 152.12, '2025-11-12 11:51:27', 'Pending'),
    (5176, 263, 397.38, '2025-11-12 11:54:31', 'Completed'),
    (5177, 489, 164.91, '2025-11-12 11:52:01', 'Pending'),
    (5178, 221, 116.36, '2025-11-12 11:56:22', 'Completed'),
    (5179, 380, 370.31, '2025-11-12 11:52:34', 'Completed'),
    (5180, 13, 250.55, '2025-11-12 11:53:45', 'Pending'),
    (5181, 395, 437.45, '2025-11-12 11:54:41', 'Completed'),
    (5182, 432, 308.24, '2025-11-12 11:53:55', 'Completed'),
    (5183, 323, 264.13, '2025-11-12 11:55:10', 'Completed'),
    (5184, 149, 239.56, '2025-11-12 11:55:25', 'Completed'),
    (5185, 212, 447.66, '2025-11-12 11:52:04', 'Completed'),
    (5186, 318, 233.97, '2025-11-12 11:55:39', 'Completed'),
    (5187, 210, 65.12, '2025-11-12 11:52:42', 'Completed'),
    (5188, 482, 140.99, '2025-11-12 11:53:03', 'Refunded'),
    (5189, 461, 176.33, '2025-11-12 11:52:27', 'Refunded'),
    (5190, 13, 308.51, '2025-11-12 11:53:23', 'Completed'),
    (5191, 220, 54.54, '2025-11-12 11:54:17', 'Completed'),
    (5192, 478, 319.66, '2025-11-12 11:55:00', 'Completed'),
    (5193, 186, 343.76, '2025-11-12 11:54:44', 'Completed'),
    (5194, 180, 390.74, '2025-11-12 11:56:48', 'Completed'),
    (5195, 347, 412.77, '2025-11-12 11:53:38', 'Completed'),
    (5196, 102, 403.2, '2025-11-12 11:55:49', 'Completed'),
    (5197, 499, 52.19, '2025-11-12 11:53:39', 'Pending'),
    (5198, 76, 477.68, '2025-11-12 11:56:07', 'Pending'),
    (5199, 357, 312.62, '2025-11-12 11:52:59', 'Completed'),
    (5200, 149, 243.1, '2025-11-12 11:52:36', 'Completed'),
    (5201, 176, 196.5, '2025-11-12 11:56:35', 'Completed'),
    (5202, 395, 270.6, '2025-11-12 11:51:36', 'Pending'),
    (5203, 76, 366.7, '2025-11-12 11:52:40', 'Pending'),
    (5204, 25, 151.57, '2025-11-12 11:54:42', 'Completed'),
    (5205, 4, 84.16, '2025-11-12 11:55:53', 'Completed'),
    (5206, 343, 33.35, '2025-11-12 11:53:22', 'Completed'),
    (5207, 20, 147.27, '2025-11-12 11:55:51', 'Completed'),
    (5208, 10, 468.25, '2025-11-12 11:52:11', 'Completed'),
    (5209, 340, 423.7, '2025-11-12 11:51:17', 'Completed'),
    (5210, 145, 419.17, '2025-11-12 11:52:02', 'Completed'),
    (5211, 384, 440.6, '2025-11-12 11:53:55', 'Completed'),
    (5212, 212, 187.39, '2025-11-12 11:51:58', 'Completed'),
    (5213, 402, 338.68, '2025-11-12 11:52:42', 'Completed'),
    (5214, 10, 27.64, '2025-11-12 11:54:40', 'Refunded'),
    (5215, 174, 28.16, '2025-11-12 11:56:19', 'Completed'),
    (5216, 97, 34.33, '2025-11-12 11:51:42', 'Completed'),
    (5217, 461, 68.95, '2025-11-12 11:56:41', 'Pending'),
    (5218, 47, 331.65, '2025-11-12 11:52:58', 'Pending'),
    (5219, 61, 347.9, '2025-11-12 11:52:35', 'Completed'),
    (5220, 481, 241.79, '2025-11-12 11:53:26', 'Completed'),
    (5221, 384, 71.1, '2025-11-12 11:55:51', 'Refunded'),
    (5222, 276, 478.9, '2025-11-12 11:52:47', 'Completed'),
    (5223, 318, 269.26, '2025-11-12 11:52:31', 'Completed'),
    (5224, 327, 192.77, '2025-11-12 11:52:57', 'Pending'),
    (5225, 210, 24.25, '2025-11-12 11:56:44', 'Completed'),
    (5226, 170, 402.23, '2025-11-12 11:53:04', 'Completed'),
    (5227, 174, 470.63, '2025-11-12 11:53:12', 'Pending'),
    (5228, 499, 345.44, '2025-11-12 11:56:46', 'Refunded'),
    (5229, 397, 273.14, '2025-11-12 11:55:31', 'Pending'),
    (5230, 44, 410.28, '2025-11-12 11:52:52', 'Completed'),
    (5231, 495, 101.59, '2025-11-12 11:54:13', 'Completed'),
    (5232, 228, 479.74, '2025-11-12 11:54:40', 'Completed'),
    (5233, 402, 60.33, '2025-11-12 11:53:35', 'Completed'),
    (5234, 492, 331.53, '2025-11-12 11:55:00', 'Completed'),
    (5235, 343, 456.14, '2025-11-12 11:52:35', 'Completed'),
    (5236, 327, 298.35, '2025-11-12 11:54:05', 'Completed'),
    (5237, 212, 66.18, '2025-11-12 11:54:30', 'Refunded'),
    (5238, 435, 389.37, '2025-11-12 11:53:55', 'Pending'),
    (5239, 20, 333.06, '2025-11-12 11:57:07', 'Completed'),
    (5240, 340, 351.65, '2025-11-12 11:56:10', 'Completed'),
    (5241, 226, 113.94, '2025-11-12 11:53:15', 'Completed'),
    (5242, 441, 24.51, '2025-11-12 11:55:37', 'Completed'),
    (5243, 494, 156.72, '2025-11-12 11:55:33', 'Completed'),
    (5244, 347, 140.26, '2025-11-12 11:55:42', 'Completed'),
    (5245, 418, 203.21, '2025-11-12 11:51:22', 'Completed'),
    (5246, 251, 369.16, '2025-11-12 11:55:45', 'Refunded'),
    (5247, 273, 262.48, '2025-11-12 11:54:51', 'Pending'),
    (5248, 481, 309.84, '2025-11-12 11:56:15', 'Pending'),
    (5249, 228, 136.75, '2025-11-12 11:51:52', 'Completed'),
    (5250, 350, 447.42, '2025-11-12 11:56:31', 'Completed'),
    (5251, 456, 416.57, '2025-11-12 11:53:56', 'Completed'),
    (5252, 318, 110.74, '2025-11-12 11:55:50', 'Completed'),
    (5253, 330, 92.32, '2025-11-12 11:55:09', 'Completed'),
    (5254, 73, 443.39, '2025-11-12 11:55:47', 'Pending'),
    (5255, 482, 257.04, '2025-11-12 11:51:37', 'Refunded'),
    (5256, 296, 277.05, '2025-11-12 11:51:59', 'Completed'),
    (5257, 220, 185.5, '2025-11-12 11:52:42', 'Completed'),
    (5258, 331, 473.17, '2025-11-12 11:56:07', 'Completed'),
    (5259, 137, 183.39, '2025-11-12 11:54:36', 'Pending'),
    (5260, 441, 155.34, '2025-11-12 11:56:40', 'Completed'),
    (5261, 473, 354.46, '2025-11-12 11:51:54', 'Pending'),
    (5262, 3, 137.96, '2025-11-12 11:53:11', 'Refunded'),
    (5263, 276, 440.85, '2025-11-12 11:55:47', 'Pending'),
    (5264, 70, 61.6, '2025-11-12 11:57:00', 'Completed'),
    (5265, 334, 141.67, '2025-11-12 11:53:21', 'Refunded'),
    (5266, 237, 480.14, '2025-11-12 11:54:37', 'Completed'),
    (5267, 276, 60.4, '2025-11-12 11:53:54', 'Pending'),
    (5268, 222, 336.21, '2025-11-12 11:52:06', 'Pending'),
    (5269, 214, 253.35, '2025-11-12 11:51:51', 'Completed'),
    (5270, 347, 29.5, '2025-11-12 11:52:32', 'Completed'),
    (5271, 296, 73.17, '2025-11-12 11:51:42', 'Completed'),
    (5272, 95, 141.05, '2025-11-12 11:56:36', 'Completed'),
    (5273, 132, 175.14, '2025-11-12 11:56:05', 'Completed'),
    (5274, 330, 214.84, '2025-11-12 11:53:44', 'Refunded'),
    (5275, 254, 75.45, '2025-11-12 11:56:31', 'Completed'),
    (5276, 286, 100.51, '2025-11-12 11:55:58', 'Completed'),
    (5277, 154, 314.9, '2025-11-12 11:53:25', 'Completed'),
    (5278, 264, 240.8, '2025-11-12 11:55:56', 'Pending'),
    (5279, 68, 415.6, '2025-11-12 11:52:57', 'Completed'),
    (5280, 19, 89.83, '2025-11-12 11:53:50', 'Completed'),
    (5281, 291, 27.37, '2025-11-12 11:51:24', 'Completed'),
    (5282, 291, 376.02, '2025-11-12 11:55:51', 'Refunded'),
    (5283, 170, 295.92, '2025-11-12 11:53:28', 'Completed'),
    (5284, 221, 83.37, '2025-11-12 11:51:30', 'Completed'),
    (5285, 433, 388.97, '2025-11-12 11:52:53', 'Completed'),
    (5286, 2, 340.45, '2025-11-12 11:51:54', 'Completed'),
    (5287, 44, 336.18, '2025-11-12 11:54:01', 'Completed'),
    (5288, 3, 429.51, '2025-11-12 11:55:34', 'Completed'),
    (5289, 84, 301.04, '2025-11-12 11:51:25', 'Completed'),
    (5290, 211, 139.18, '2025-11-12 11:56:59', 'Completed'),
    (5291, 344, 112.35, '2025-11-12 11:55:12', 'Completed'),
    (5292, 461, 111.19, '2025-11-12 11:51:45', 'Pending'),
    (5293, 276, 226.74, '2025-11-12 11:55:40', 'Completed'),
    (5294, 440, 358.22, '2025-11-12 11:52:01', 'Completed'),
    (5295, 268, 31.36, '2025-11-12 11:56:17', 'Pending'),
    (5296, 343, 108.75, '2025-11-12 11:51:20', 'Completed'),
    (5297, 164, 429.07, '2025-11-12 11:52:46', 'Pending'),
    (5298, 210, 290.85, '2025-11-12 11:54:48', 'Pending'),
    (5299, 6, 54.28, '2025-11-12 11:55:16', 'Pending'),
    (5300, 433, 179.93, '2025-11-12 11:56:20', 'Completed'),
    (5301, 154, 210.74, '2025-11-12 11:53:45', 'Completed'),
    (5302, 102, 237.93, '2025-11-12 11:54:21', 'Completed'),
    (5303, 2, 443.36, '2025-11-12 11:56:46', 'Pending'),
    (5304, 317, 323.06, '2025-11-12 11:56:44', 'Pending'),
    (5305, 180, 313.22, '2025-11-12 11:51:55', 'Refunded'),
    (5306, 347, 452.7, '2025-11-12 11:54:09', 'Completed'),
    (5307, 232, 495.5, '2025-11-12 11:56:20', 'Completed'),
    (5308, 401, 356.16, '2025-11-12 11:51:49', 'Completed'),
    (5309, 78, 295.92, '2025-11-12 11:56:27', 'Completed'),
    (5310, 251, 171.04, '2025-11-12 11:55:11', 'Pending'),
    (5311, 231, 170.45, '2025-11-12 11:51:50', 'Completed'),
    (5312, 318, 331.06, '2025-11-12 11:54:19', 'Refunded'),
    (5313, 67, 207.21, '2025-11-12 11:57:01', 'Completed'),
    (5314, 84, 77.16, '2025-11-12 11:56:41', 'Completed'),
    (5315, 79, 182.18, '2025-11-12 11:52:28', 'Completed'),
    (5316, 302, 496.03, '2025-11-12 11:54:46', 'Completed'),
    (5317, 273, 29.95, '2025-11-12 11:55:39', 'Completed'),
    (5318, 174, 488.41, '2025-11-12 11:51:39', 'Pending'),
    (5319, 403, 306.14, '2025-11-12 11:54:54', 'Completed'),
    (5320, 220, 180.65, '2025-11-12 11:55:02', 'Refunded'),
    (5321, 318, 364.64, '2025-11-12 11:53:03', 'Completed'),
    (5322, 494, 363.24, '2025-11-12 11:51:56', 'Pending'),
    (5323, 248, 415.79, '2025-11-12 11:53:00', 'Completed'),
    (5324, 318, 484.61, '2025-11-12 11:53:55', 'Completed'),
    (5325, 390, 355.08, '2025-11-12 11:55:06', 'Refunded'),
    (5326, 145, 274.04, '2025-11-12 11:51:25', 'Completed'),
    (5327, 350, 333.62, '2025-11-12 11:56:37', 'Completed'),
    (5328, 95, 29.05, '2025-11-12 11:52:26', 'Completed'),
    (5329, 195, 24.77, '2025-11-12 11:53:21', 'Refunded'),
    (5330, 222, 115.9, '2025-11-12 11:54:53', 'Completed'),
    (5331, 292, 215.47, '2025-11-12 11:55:18', 'Completed'),
    (5332, 440, 208.94, '2025-11-12 11:56:04', 'Completed'),
    (5333, 318, 68.97, '2025-11-12 11:54:46', 'Refunded'),
    (5334, 494, 367.8, '2025-11-12 11:52:32', 'Completed'),
    (5335, 115, 431.09, '2025-11-12 11:51:48', 'Completed'),
    (5336, 401, 247.85, '2025-11-12 11:51:12', 'Pending'),
    (5337, 20, 203.34, '2025-11-12 11:54:25', 'Completed'),
    (5338, 146, 52.34, '2025-11-12 11:52:03', 'Completed'),
    (5339, 222, 121.66, '2025-11-12 11:56:33', 'Completed'),
    (5340, 226, 168.08, '2025-11-12 11:53:11', 'Pending'),
    (5341, 227, 50.69, '2025-11-12 11:55:17', 'Completed'),
    (5342, 19, 265.31, '2025-11-12 11:53:17', 'Completed'),
    (5343, 461, 418.86, '2025-11-12 11:52:42', 'Completed'),
    (5344, 334, 295.36, '2025-11-12 11:51:44', 'Completed'),
    (5345, 1, 317.37, '2025-11-12 11:55:07', 'Pending'),
    (5346, 357, 404.11, '2025-11-12 11:57:08', 'Completed'),
    (5347, 233, 129.18, '2025-11-12 11:54:18', 'Completed'),
    (5348, 465, 98.9, '2025-11-12 11:51:49', 'Completed'),
    (5349, 195, 432.5, '2025-11-12 11:54:22', 'Completed'),
    (5350, 72, 48.24, '2025-11-12 11:52:51', 'Completed'),
    (5351, 345, 321.09, '2025-11-12 11:54:57', 'Refunded'),
    (5352, 210, 252.16, '2025-11-12 11:55:19', 'Completed'),
    (5353, 162, 102.36, '2025-11-12 11:55:17', 'Pending'),
    (5354, 248, 359.98, '2025-11-12 11:52:27', 'Completed'),
    (5355, 248, 324.49, '2025-11-12 11:57:08', 'Completed'),
    (5356, 102, 463.41, '2025-11-12 11:54:18', 'Pending'),
    (5357, 232, 364.0, '2025-11-12 11:55:30', 'Completed'),
    (5358, 47, 99.01, '2025-11-12 11:53:13', 'Completed'),
    (5359, 298, 243.71, '2025-11-12 11:51:22', 'Pending'),
    (5360, 10, 394.56, '2025-11-12 11:57:11', 'Completed'),
    (5361, 20, 459.89, '2025-11-12 11:57:04', 'Completed'),
    (5362, 146, 223.88, '2025-11-12 11:55:50', 'Refunded'),
    (5363, 254, 34.96, '2025-11-12 11:56:25', 'Pending'),
    (5364, 31, 324.97, '2025-11-12 11:56:32', 'Completed'),
    (5365, 78, 20.26, '2025-11-12 11:53:14', 'Refunded'),
    (5366, 7, 114.71, '2025-11-12 11:53:38', 'Pending'),
    (5367, 340, 65.98, '2025-11-12 11:56:47', 'Completed'),
    (5368, 334, 107.39, '2025-11-12 11:56:08', 'Completed'),
    (5369, 393, 281.79, '2025-11-12 11:53:26', 'Completed'),
    (5370, 130, 23.46, '2025-11-12 11:54:06', 'Pending'),
    (5371, 390, 71.39, '2025-11-12 11:52:10', 'Completed'),
    (5372, 132, 397.59, '2025-11-12 11:51:36', 'Completed'),
    (5373, 186, 321.01, '2025-11-12 11:54:45', 'Completed'),
    (5374, 331, 251.31, '2025-11-12 11:54:59', 'Completed'),
    (5375, 30, 355.45, '2025-11-12 11:57:10', 'Pending'),
    (5376, 497, 147.05, '2025-11-12 11:52:47', 'Completed'),
    (5377, 61, 168.16, '2025-11-12 11:52:44', 'Completed'),
    (5378, 137, 118.88, '2025-11-12 11:56:08', 'Completed'),
    (5379, 401, 229.97, '2025-11-12 11:55:50', 'Pending'),
    (5380, 396, 489.11, '2025-11-12 11:51:33', 'Completed'),
    (5381, 347, 446.53, '2025-11-12 11:56:49', 'Completed'),
    (5382, 149, 42.52, '2025-11-12 11:56:56', 'Pending'),
    (5383, 384, 34.8, '2025-11-12 11:54:11', 'Pending'),
    (5384, 327, 340.84, '2025-11-12 11:55:48', 'Refunded'),
    (5385, 484, 124.3, '2025-11-12 11:56:34', 'Completed'),
    (5386, 330, 331.07, '2025-11-12 11:55:19', 'Completed'),
    (5387, 95, 22.95, '2025-11-12 11:55:28', 'Completed'),
    (5388, 130, 300.88, '2025-11-12 11:52:02', 'Completed'),
    (5389, 481, 58.18, '2025-11-12 11:55:46', 'Pending'),
    (5390, 257, 459.67, '2025-11-12 11:53:30', 'Pending'),
    (5391, 221, 460.05, '2025-11-12 11:52:45', 'Pending'),
    (5392, 59, 310.43, '2025-11-12 11:53:26', 'Completed'),
    (5393, 6, 132.49, '2025-11-12 11:56:37', 'Completed'),
    (5394, 350, 100.41, '2025-11-12 11:51:52', 'Completed'),
    (5395, 441, 330.71, '2025-11-12 11:52:39', 'Completed'),
    (5396, 137, 111.53, '2025-11-12 11:54:24', 'Pending'),
    (5397, 465, 402.69, '2025-11-12 11:56:03', 'Completed'),
    (5398, 170, 277.59, '2025-11-12 11:55:28', 'Completed'),
    (5399, 388, 338.86, '2025-11-12 11:51:29', 'Completed'),
    (5400, 275, 420.51, '2025-11-12 11:55:55', 'Completed'),
    (5401, 246, 482.94, '2025-11-12 11:55:32', 'Completed'),
    (5402, 345, 411.89, '2025-11-12 11:56:30', 'Completed'),
    (5403, 292, 496.42, '2025-11-12 11:54:53', 'Completed'),
    (5404, 119, 28.12, '2025-11-12 11:51:45', 'Completed'),
    (5405, 330, 462.54, '2025-11-12 11:56:39', 'Completed'),
    (5406, 20, 329.99, '2025-11-12 11:52:17', 'Completed'),
    (5407, 220, 172.19, '2025-11-12 11:52:19', 'Completed'),
    (5408, 145, 388.89, '2025-11-12 11:52:31', 'Completed'),
    (5409, 147, 471.92, '2025-11-12 11:51:51', 'Completed'),
    (5410, 115, 405.86, '2025-11-12 11:55:04', 'Completed'),
    (5411, 451, 475.47, '2025-11-12 11:55:03', 'Completed'),
    (5412, 158, 145.93, '2025-11-12 11:52:51', 'Completed'),
    (5413, 424, 427.98, '2025-11-12 11:52:04', 'Completed'),
    (5414, 211, 481.74, '2025-11-12 11:54:11', 'Completed'),
    (5415, 154, 84.99, '2025-11-12 11:53:48', 'Completed'),
    (5416, 4, 468.06, '2025-11-12 11:51:39', 'Completed'),
    (5417, 296, 183.95, '2025-11-12 11:54:45', 'Completed'),
    (5418, 71, 231.12, '2025-11-12 11:52:39', 'Pending'),
    (5419, 275, 252.98, '2025-11-12 11:57:01', 'Completed'),
    (5420, 222, 206.14, '2025-11-12 11:51:20', 'Completed'),
    (5421, 388, 152.98, '2025-11-12 11:55:14', 'Completed'),
    (5422, 112, 31.76, '2025-11-12 11:52:15', 'Completed'),
    (5423, 291, 463.0, '2025-11-12 11:53:34', 'Completed'),
    (5424, 376, 408.42, '2025-11-12 11:54:07', 'Completed'),
    (5425, 275, 402.94, '2025-11-12 11:51:55', 'Completed'),
    (5426, 130, 274.55, '2025-11-12 11:55:46', 'Completed'),
    (5427, 119, 350.43, '2025-11-12 11:51:55', 'Completed'),
    (5428, 25, 433.38, '2025-11-12 11:53:26', 'Completed'),
    (5429, 292, 139.69, '2025-11-12 11:51:18', 'Pending'),
    (5430, 195, 89.08, '2025-11-12 11:55:14', 'Completed'),
    (5431, 4, 252.49, '2025-11-12 11:53:25', 'Completed'),
    (5432, 422, 483.63, '2025-11-12 11:52:42', 'Pending'),
    (5433, 68, 393.45, '2025-11-12 11:54:36', 'Refunded'),
    (5434, 176, 130.48, '2025-11-12 11:51:53', 'Completed'),
    (5435, 433, 174.05, '2025-11-12 11:51:59', 'Completed'),
    (5436, 499, 408.83, '2025-11-12 11:52:21', 'Completed'),
    (5437, 403, 274.41, '2025-11-12 11:56:35', 'Refunded'),
    (5438, 233, 499.01, '2025-11-12 11:56:13', 'Completed'),
    (5439, 146, 60.17, '2025-11-12 11:56:34', 'Completed'),
    (5440, 135, 231.26, '2025-11-12 11:53:26', 'Completed'),
    (5441, 1, 306.86, '2025-11-12 11:54:54', 'Pending'),
    (5442, 149, 358.09, '2025-11-12 11:52:35', 'Pending'),
    (5443, 331, 82.75, '2025-11-12 11:54:07', 'Completed'),
    (5444, 435, 499.87, '2025-11-12 11:53:22', 'Completed'),
    (5445, 323, 311.5, '2025-11-12 11:53:18', 'Pending'),
    (5446, 492, 144.11, '2025-11-12 11:52:54', 'Completed'),
    (5447, 494, 457.85, '2025-11-12 11:53:52', 'Completed'),
    (5448, 441, 333.47, '2025-11-12 11:53:44', 'Completed'),
    (5449, 393, 59.65, '2025-11-12 11:52:37', 'Completed'),
    (5450, 274, 295.93, '2025-11-12 11:53:22', 'Completed'),
    (5451, 186, 363.53, '2025-11-12 11:53:26', 'Completed'),
    (5452, 352, 21.8, '2025-11-12 11:57:00', 'Completed'),
    (5453, 202, 109.43, '2025-11-12 11:51:30', 'Completed'),
    (5454, 67, 300.06, '2025-11-12 11:51:22', 'Refunded'),
    (5455, 282, 411.55, '2025-11-12 11:52:35', 'Refunded'),
    (5456, 393, 335.94, '2025-11-12 11:54:22', 'Completed'),
    (5457, 484, 242.48, '2025-11-12 11:54:34', 'Pending'),
    (5458, 263, 76.45, '2025-11-12 11:56:00', 'Completed'),
    (5459, 331, 177.2, '2025-11-12 11:56:43', 'Completed'),
    (5460, 403, 433.79, '2025-11-12 11:57:02', 'Completed'),
    (5461, 257, 368.7, '2025-11-12 11:54:21', 'Refunded'),
    (5462, 158, 491.64, '2025-11-12 11:54:17', 'Pending'),
    (5463, 418, 96.21, '2025-11-12 11:55:30', 'Pending'),
    (5464, 390, 133.07, '2025-11-12 11:56:52', 'Refunded'),
    (5465, 3, 431.94, '2025-11-12 11:54:35', 'Completed'),
    (5466, 76, 182.79, '2025-11-12 11:52:59', 'Completed'),
    (5467, 292, 432.74, '2025-11-12 11:52:49', 'Completed'),
    (5468, 489, 411.53, '2025-11-12 11:56:47', 'Completed'),
    (5469, 492, 204.24, '2025-11-12 11:55:26', 'Completed'),
    (5470, 70, 293.43, '2025-11-12 11:54:56', 'Completed'),
    (5471, 286, 406.66, '2025-11-12 11:52:56', 'Completed'),
    (5472, 108, 286.31, '2025-11-12 11:51:54', 'Completed'),
    (5473, 433, 85.51, '2025-11-12 11:55:17', 'Completed'),
    (5474, 446, 396.82, '2025-11-12 11:52:38', 'Completed'),
    (5475, 189, 249.01, '2025-11-12 11:53:56', 'Refunded'),
    (5476, 209, 116.51, '2025-11-12 11:52:59', 'Completed'),
    (5477, 135, 372.48, '2025-11-12 11:52:31', 'Completed'),
    (5478, 30, 36.26, '2025-11-12 11:56:09', 'Completed'),
    (5479, 161, 108.73, '2025-11-12 11:54:58', 'Completed'),
    (5480, 380, 109.76, '2025-11-12 11:53:47', 'Completed'),
    (5481, 421, 105.06, '2025-11-12 11:53:05', 'Completed'),
    (5482, 97, 24.16, '2025-11-12 11:54:10', 'Completed'),
    (5483, 201, 155.01, '2025-11-12 11:55:37', 'Completed'),
    (5484, 440, 356.87, '2025-11-12 11:56:05', 'Completed'),
    (5485, 340, 476.85, '2025-11-12 11:55:54', 'Completed'),
    (5486, 99, 290.86, '2025-11-12 11:55:37', 'Completed'),
    (5487, 67, 429.86, '2025-11-12 11:55:36', 'Completed'),
    (5488, 347, 478.84, '2025-11-12 11:54:36', 'Completed'),
    (5489, 211, 313.09, '2025-11-12 11:55:31', 'Completed'),
    (5490, 162, 359.64, '2025-11-12 11:56:11', 'Completed'),
    (5491, 416, 312.52, '2025-11-12 11:53:58', 'Completed'),
    (5492, 433, 55.93, '2025-11-12 11:55:33', 'Completed'),
    (5493, 118, 237.6, '2025-11-12 11:52:34', 'Completed'),
    (5494, 487, 429.03, '2025-11-12 11:56:56', 'Completed'),
    (5495, 292, 165.17, '2025-11-12 11:56:35', 'Pending'),
    (5496, 7, 72.23, '2025-11-12 11:56:36', 'Completed'),
    (5497, 314, 33.37, '2025-11-12 11:55:11', 'Completed'),
    (5498, 162, 149.65, '2025-11-12 11:56:48', 'Refunded'),
    (5499, 176, 296.45, '2025-11-12 11:52:36', 'Completed'),
    (5500, 344, 484.99, '2025-11-12 11:55:16', 'Pending'),
    (5501, 7, 193.5, '2025-11-12 11:52:00', 'Completed'),
    (5502, 4, 437.12, '2025-11-12 11:52:39', 'Pending'),
    (5503, 317, 292.84, '2025-11-12 11:52:18', 'Completed'),
    (5504, 422, 358.2, '2025-11-12 11:55:25', 'Pending'),
    (5505, 135, 80.72, '2025-11-12 11:52:12', 'Completed'),
    (5506, 465, 72.6, '2025-11-12 11:56:42', 'Completed'),
    (5507, 232, 455.32, '2025-11-12 11:55:55', 'Completed'),
    (5508, 20, 379.09, '2025-11-12 11:56:23', 'Completed'),
    (5509, 118, 263.82, '2025-11-12 11:51:54', 'Completed'),
    (5510, 20, 414.84, '2025-11-12 11:55:20', 'Pending'),
    (5511, 59, 147.57, '2025-11-12 11:51:11', 'Completed'),
    (5512, 292, 404.2, '2025-11-12 11:52:48', 'Pending'),
    (5513, 246, 335.67, '2025-11-12 11:53:53', 'Pending'),
    (5514, 254, 285.02, '2025-11-12 11:52:53', 'Pending'),
    (5515, 461, 482.24, '2025-11-12 11:54:37', 'Pending'),
    (5516, 158, 203.96, '2025-11-12 11:54:37', 'Completed'),
    (5517, 397, 466.93, '2025-11-12 11:56:50', 'Completed'),
    (5518, 357, 343.91, '2025-11-12 11:53:33', 'Pending'),
    (5519, 297, 421.51, '2025-11-12 11:56:49', 'Completed'),
    (5520, 158, 231.15, '2025-11-12 11:52:04', 'Completed'),
    (5521, 78, 255.35, '2025-11-12 11:51:43', 'Completed'),
    (5522, 108, 155.59, '2025-11-12 11:56:43', 'Pending'),
    (5523, 495, 67.84, '2025-11-12 11:56:20', 'Pending'),
    (5524, 3, 370.47, '2025-11-12 11:52:56', 'Completed'),
    (5525, 100, 262.02, '2025-11-12 11:56:47', 'Completed'),
    (5526, 380, 217.77, '2025-11-12 11:51:13', 'Completed'),
    (5527, 347, 209.15, '2025-11-12 11:53:54', 'Completed'),
    (5528, 446, 285.63, '2025-11-12 11:56:25', 'Completed'),
    (5529, 384, 201.63, '2025-11-12 11:52:04', 'Completed'),
    (5530, 4, 268.25, '2025-11-12 11:55:44', 'Completed'),
    (5531, 154, 196.23, '2025-11-12 11:54:52', 'Completed'),
    (5532, 73, 202.0, '2025-11-12 11:56:51', 'Completed'),
    (5533, 276, 205.07, '2025-11-12 11:51:30', 'Completed'),
    (5534, 350, 77.48, '2025-11-12 11:55:44', 'Completed'),
    (5535, 487, 449.5, '2025-11-12 11:57:09', 'Completed'),
    (5536, 223, 109.29, '2025-11-12 11:52:26', 'Completed'),
    (5537, 123, 287.65, '2025-11-12 11:52:41', 'Completed'),
    (5538, 10, 259.58, '2025-11-12 11:53:44', 'Completed'),
    (5539, 234, 186.8, '2025-11-12 11:51:16', 'Completed'),
    (5540, 25, 82.16, '2025-11-12 11:56:34', 'Refunded'),
    (5541, 176, 254.41, '2025-11-12 11:55:54', 'Pending'),
    (5542, 202, 142.17, '2025-11-12 11:51:16', 'Completed'),
    (5543, 170, 59.03, '2025-11-12 11:52:47', 'Pending'),
    (5544, 231, 259.76, '2025-11-12 11:53:24', 'Completed'),
    (5545, 147, 72.82, '2025-11-12 11:53:42', 'Completed'),
    (5546, 478, 398.37, '2025-11-12 11:51:21', 'Completed'),
    (5547, 464, 279.13, '2025-11-12 11:52:16', 'Completed'),
    (5548, 174, 279.74, '2025-11-12 11:56:56', 'Completed'),
    (5549, 465, 467.04, '2025-11-12 11:54:34', 'Completed'),
    (5550, 149, 388.14, '2025-11-12 11:54:37', 'Completed'),
    (5551, 419, 182.21, '2025-11-12 11:54:35', 'Pending'),
    (5552, 59, 209.69, '2025-11-12 11:56:57', 'Refunded'),
    (5553, 228, 457.3, '2025-11-12 11:55:57', 'Completed'),
    (5554, 243, 159.89, '2025-11-12 11:51:55', 'Pending'),
    (5555, 402, 317.85, '2025-11-12 11:53:31', 'Completed'),
    (5556, 150, 150.01, '2025-11-12 11:51:26', 'Completed'),
    (5557, 416, 403.66, '2025-11-12 11:55:33', 'Pending'),
    (5558, 419, 415.92, '2025-11-12 11:53:06', 'Refunded'),
    (5559, 7, 92.84, '2025-11-12 11:51:54', 'Completed'),
    (5560, 264, 305.75, '2025-11-12 11:53:12', 'Pending'),
    (5561, 220, 492.8, '2025-11-12 11:54:44', 'Completed'),
    (5562, 331, 310.68, '2025-11-12 11:56:46', 'Completed'),
    (5563, 494, 27.5, '2025-11-12 11:51:21', 'Pending'),
    (5564, 223, 315.48, '2025-11-12 11:57:07', 'Completed'),
    (5565, 395, 111.24, '2025-11-12 11:51:52', 'Completed'),
    (5566, 273, 366.24, '2025-11-12 11:52:26', 'Completed'),
    (5567, 6, 441.79, '2025-11-12 11:54:11', 'Completed'),
    (5568, 473, 312.56, '2025-11-12 11:52:09', 'Pending'),
    (5569, 19, 106.64, '2025-11-12 11:53:55', 'Pending'),
    (5570, 393, 334.47, '2025-11-12 11:54:30', 'Completed'),
    (5571, 174, 39.58, '2025-11-12 11:55:09', 'Completed'),
    (5572, 220, 461.7, '2025-11-12 11:56:08', 'Completed'),
    (5573, 201, 469.18, '2025-11-12 11:53:54', 'Pending'),
    (5574, 497, 430.41, '2025-11-12 11:56:32', 'Completed'),
    (5575, 44, 175.41, '2025-11-12 11:55:59', 'Completed'),
    (5576, 226, 227.7, '2025-11-12 11:51:58', 'Completed'),
    (5577, 214, 85.58, '2025-11-12 11:55:58', 'Pending'),
    (5578, 3, 263.23, '2025-11-12 11:56:21', 'Completed'),
    (5579, 102, 428.8, '2025-11-12 11:55:46', 'Completed'),
    (5580, 257, 305.72, '2025-11-12 11:53:29', 'Pending'),
    (5581, 314, 454.83, '2025-11-12 11:55:12', 'Pending'),
    (5582, 254, 289.97, '2025-11-12 11:54:21', 'Completed'),
    (5583, 194, 335.87, '2025-11-12 11:53:41', 'Refunded'),
    (5584, 169, 199.18, '2025-11-12 11:55:10', 'Completed'),
    (5585, 44, 151.54, '2025-11-12 11:52:49', 'Refunded'),
    (5586, 153, 465.47, '2025-11-12 11:51:24', 'Completed'),
    (5587, 72, 393.82, '2025-11-12 11:52:10', 'Completed'),
    (5588, 215, 326.68, '2025-11-12 11:51:34', 'Pending'),
    (5589, 132, 210.11, '2025-11-12 11:55:51', 'Completed'),
    (5590, 380, 132.34, '2025-11-12 11:56:25', 'Completed'),
    (5591, 432, 404.6, '2025-11-12 11:53:12', 'Completed'),
    (5592, 210, 418.52, '2025-11-12 11:53:19', 'Completed'),
    (5593, 465, 383.66, '2025-11-12 11:55:30', 'Completed'),
    (5594, 460, 98.24, '2025-11-12 11:56:22', 'Completed'),
    (5595, 20, 126.91, '2025-11-12 11:55:40', 'Completed'),
    (5596, 376, 91.7, '2025-11-12 11:56:43', 'Completed'),
    (5597, 230, 39.43, '2025-11-12 11:56:45', 'Completed'),
    (5598, 402, 104.1, '2025-11-12 11:56:53', 'Completed'),
    (5599, 237, 367.31, '2025-11-12 11:54:10', 'Pending'),
    (5600, 7, 130.64, '2025-11-12 11:53:53', 'Completed'),
    (5601, 314, 209.09, '2025-11-12 11:56:08', 'Completed'),
    (5602, 273, 376.14, '2025-11-12 11:54:58', 'Refunded'),
    (5603, 132, 283.4, '2025-11-12 11:52:31', 'Completed'),
    (5604, 104, 98.57, '2025-11-12 11:54:53', 'Completed'),
    (5605, 47, 396.58, '2025-11-12 11:51:51', 'Completed'),
    (5606, 357, 470.21, '2025-11-12 11:53:09', 'Completed'),
    (5607, 268, 23.08, '2025-11-12 11:51:17', 'Completed'),
    (5608, 276, 347.63, '2025-11-12 11:54:04', 'Completed'),
    (5609, 84, 188.73, '2025-11-12 11:56:10', 'Completed'),
    (5610, 291, 272.5, '2025-11-12 11:53:56', 'Pending'),
    (5611, 220, 148.65, '2025-11-12 11:54:36', 'Pending'),
    (5612, 68, 467.0, '2025-11-12 11:55:53', 'Pending'),
    (5613, 154, 179.22, '2025-11-12 11:54:46', 'Refunded'),
    (5614, 209, 105.35, '2025-11-12 11:56:08', 'Refunded'),
    (5615, 233, 258.96, '2025-11-12 11:51:21', 'Completed'),
    (5616, 47, 123.73, '2025-11-12 11:55:56', 'Pending'),
    (5617, 254, 434.41, '2025-11-12 11:51:14', 'Completed'),
    (5618, 179, 311.29, '2025-11-12 11:51:57', 'Completed'),
    (5619, 343, 486.52, '2025-11-12 11:56:57', 'Completed'),
    (5620, 243, 343.02, '2025-11-12 11:54:49', 'Completed'),
    (5621, 78, 429.73, '2025-11-12 11:52:09', 'Completed'),
    (5622, 73, 380.71, '2025-11-12 11:52:05', 'Completed'),
    (5623, 401, 252.47, '2025-11-12 11:51:40', 'Refunded'),
    (5624, 401, 254.15, '2025-11-12 11:54:24', 'Completed'),
    (5625, 286, 396.38, '2025-11-12 11:53:43', 'Refunded'),
    (5626, 286, 367.81, '2025-11-12 11:55:57', 'Pending'),
    (5627, 13, 303.16, '2025-11-12 11:54:15', 'Completed'),
    (5628, 343, 371.3, '2025-11-12 11:56:07', 'Completed'),
    (5629, 136, 397.35, '2025-11-12 11:55:06', 'Completed'),
    (5630, 10, 396.71, '2025-11-12 11:56:38', 'Refunded'),
    (5631, 356, 404.52, '2025-11-12 11:53:02', 'Completed'),
    (5632, 422, 190.55, '2025-11-12 11:52:19', 'Pending'),
    (5633, 67, 170.53, '2025-11-12 11:53:22', 'Completed'),
    (5634, 416, 150.94, '2025-11-12 11:55:32', 'Completed'),
    (5635, 251, 34.66, '2025-11-12 11:53:28', 'Pending'),
    (5636, 248, 367.64, '2025-11-12 11:52:52', 'Refunded'),
    (5637, 451, 413.94, '2025-11-12 11:53:58', 'Completed'),
    (5638, 162, 83.93, '2025-11-12 11:54:51', 'Completed'),
    (5639, 149, 143.08, '2025-11-12 11:53:47', 'Completed'),
    (5640, 422, 359.67, '2025-11-12 11:57:09', 'Refunded'),
    (5641, 222, 96.96, '2025-11-12 11:51:49', 'Completed'),
    (5642, 435, 337.87, '2025-11-12 11:55:42', 'Completed'),
    (5643, 104, 307.64, '2025-11-12 11:53:29', 'Pending'),
    (5644, 73, 134.99, '2025-11-12 11:54:11', 'Completed'),
    (5645, 179, 398.79, '2025-11-12 11:53:10', 'Completed'),
    (5646, 68, 113.7, '2025-11-12 11:52:50', 'Completed'),
    (5647, 352, 463.23, '2025-11-12 11:51:38', 'Pending'),
    (5648, 280, 475.11, '2025-11-12 11:53:28', 'Completed'),
    (5649, 67, 30.26, '2025-11-12 11:52:58', 'Completed'),
    (5650, 1, 249.4, '2025-11-12 11:56:34', 'Completed'),
    (5651, 395, 372.82, '2025-11-12 11:51:11', 'Completed'),
    (5652, 327, 278.8, '2025-11-12 11:51:33', 'Completed'),
    (5653, 194, 24.99, '2025-11-12 11:54:30', 'Refunded'),
    (5654, 396, 231.83, '2025-11-12 11:51:18', 'Completed'),
    (5655, 79, 352.65, '2025-11-12 11:55:30', 'Completed'),
    (5656, 72, 136.36, '2025-11-12 11:53:01', 'Completed'),
    (5657, 234, 354.55, '2025-11-12 11:51:48', 'Completed'),
    (5658, 87, 460.06, '2025-11-12 11:52:44', 'Completed'),
    (5659, 169, 52.23, '2025-11-12 11:57:11', 'Completed'),
    (5660, 84, 222.74, '2025-11-12 11:52:35', 'Pending'),
    (5661, 416, 137.55, '2025-11-12 11:54:20', 'Completed'),
    (5662, 474, 120.4, '2025-11-12 11:54:11', 'Completed'),
    (5663, 465, 269.27, '2025-11-12 11:52:21', 'Completed'),
    (5664, 319, 135.31, '2025-11-12 11:51:38', 'Completed'),
    (5665, 95, 204.18, '2025-11-12 11:57:04', 'Pending'),
    (5666, 356, 338.7, '2025-11-12 11:55:22', 'Completed'),
    (5667, 460, 470.29, '2025-11-12 11:53:16', 'Pending'),
    (5668, 95, 192.5, '2025-11-12 11:54:29', 'Pending'),
    (5669, 118, 151.39, '2025-11-12 11:56:27', 'Pending'),
    (5670, 446, 129.57, '2025-11-12 11:55:48', 'Completed'),
    (5671, 176, 484.74, '2025-11-12 11:55:58', 'Pending'),
    (5672, 176, 73.49, '2025-11-12 11:55:48', 'Completed'),
    (5673, 435, 354.14, '2025-11-12 11:51:57', 'Completed'),
    (5674, 30, 26.34, '2025-11-12 11:56:20', 'Pending'),
    (5675, 74, 333.11, '2025-11-12 11:52:15', 'Refunded'),
    (5676, 401, 441.4, '2025-11-12 11:56:32', 'Completed'),
    (5677, 291, 267.91, '2025-11-12 11:54:41', 'Pending'),
    (5678, 102, 468.01, '2025-11-12 11:54:58', 'Completed'),
    (5679, 465, 340.54, '2025-11-12 11:56:42', 'Pending'),
    (5680, 73, 349.23, '2025-11-12 11:52:31', 'Completed'),
    (5681, 276, 446.84, '2025-11-12 11:51:23', 'Completed'),
    (5682, 164, 333.37, '2025-11-12 11:53:54', 'Refunded'),
    (5683, 424, 321.77, '2025-11-12 11:56:12', 'Pending'),
    (5684, 345, 284.98, '2025-11-12 11:55:10', 'Completed'),
    (5685, 212, 48.66, '2025-11-12 11:53:24', 'Completed'),
    (5686, 422, 389.33, '2025-11-12 11:53:49', 'Completed'),
    (5687, 2, 150.59, '2025-11-12 11:52:22', 'Refunded'),
    (5688, 302, 51.52, '2025-11-12 11:56:14', 'Pending'),
    (5689, 180, 277.51, '2025-11-12 11:54:02', 'Completed'),
    (5690, 357, 228.39, '2025-11-12 11:55:55', 'Refunded'),
    (5691, 223, 212.49, '2025-11-12 11:55:07', 'Completed'),
    (5692, 421, 451.66, '2025-11-12 11:53:26', 'Completed'),
    (5693, 251, 175.37, '2025-11-12 11:52:08', 'Completed'),
    (5694, 150, 480.23, '2025-11-12 11:54:45', 'Completed'),
    (5695, 25, 430.99, '2025-11-12 11:54:43', 'Completed'),
    (5696, 257, 192.04, '2025-11-12 11:56:58', 'Completed'),
    (5697, 397, 154.48, '2025-11-12 11:52:13', 'Refunded'),
    (5698, 499, 157.51, '2025-11-12 11:56:01', 'Refunded'),
    (5699, 10, 64.47, '2025-11-12 11:54:49', 'Completed'),
    (5700, 446, 179.79, '2025-11-12 11:51:22', 'Pending'),
    (5701, 319, 98.19, '2025-11-12 11:54:15', 'Completed'),
    (5702, 68, 342.51, '2025-11-12 11:51:57', 'Pending'),
    (5703, 99, 346.4, '2025-11-12 11:56:22', 'Pending'),
    (5704, 275, 25.26, '2025-11-12 11:55:12', 'Pending'),
    (5705, 460, 153.25, '2025-11-12 11:56:18', 'Refunded'),
    (5706, 395, 48.59, '2025-11-12 11:52:25', 'Completed'),
    (5707, 237, 411.94, '2025-11-12 11:57:11', 'Completed'),
    (5708, 489, 221.97, '2025-11-12 11:54:02', 'Completed'),
    (5709, 145, 188.87, '2025-11-12 11:52:52', 'Completed'),
    (5710, 440, 162.01, '2025-11-12 11:56:17', 'Completed'),
    (5711, 354, 22.58, '2025-11-12 11:53:18', 'Completed'),
    (5712, 186, 442.88, '2025-11-12 11:53:59', 'Completed'),
    (5713, 418, 356.89, '2025-11-12 11:53:14', 'Completed'),
    (5714, 352, 253.66, '2025-11-12 11:52:37', 'Completed'),
    (5715, 403, 299.59, '2025-11-12 11:52:43', 'Pending'),
    (5716, 135, 106.08, '2025-11-12 11:55:53', 'Completed'),
    (5717, 97, 93.23, '2025-11-12 11:55:38', 'Completed'),
    (5718, 397, 222.67, '2025-11-12 11:52:57', 'Completed'),
    (5719, 248, 228.7, '2025-11-12 11:52:39', 'Completed'),
    (5720, 130, 274.1, '2025-11-12 11:54:15', 'Completed'),
    (5721, 402, 317.61, '2025-11-12 11:55:05', 'Completed'),
    (5722, 174, 52.61, '2025-11-12 11:51:47', 'Refunded'),
    (5723, 194, 260.47, '2025-11-12 11:54:35', 'Completed'),
    (5724, 115, 471.24, '2025-11-12 11:54:18', 'Pending'),
    (5725, 354, 367.35, '2025-11-12 11:55:17', 'Completed'),
    (5726, 108, 99.82, '2025-11-12 11:54:42', 'Completed'),
    (5727, 170, 136.0, '2025-11-12 11:54:03', 'Completed'),
    (5728, 343, 78.26, '2025-11-12 11:51:24', 'Completed'),
    (5729, 226, 386.58, '2025-11-12 11:57:08', 'Completed'),
    (5730, 482, 206.12, '2025-11-12 11:54:25', 'Completed'),
    (5731, 79, 329.46, '2025-11-12 11:55:16', 'Completed'),
    (5732, 345, 182.79, '2025-11-12 11:57:03', 'Completed'),
    (5733, 350, 113.69, '2025-11-12 11:54:34', 'Completed'),
    (5734, 275, 489.65, '2025-11-12 11:54:44', 'Pending'),
    (5735, 296, 400.61, '2025-11-12 11:52:57', 'Pending'),
    (5736, 2, 132.52, '2025-11-12 11:56:37', 'Pending'),
    (5737, 61, 390.08, '2025-11-12 11:53:47', 'Completed'),
    (5738, 290, 152.8, '2025-11-12 11:56:16', 'Pending'),
    (5739, 340, 411.67, '2025-11-12 11:54:05', 'Completed'),
    (5740, 344, 129.5, '2025-11-12 11:52:13', 'Completed'),
    (5741, 100, 207.99, '2025-11-12 11:51:40', 'Completed'),
    (5742, 396, 499.15, '2025-11-12 11:53:26', 'Completed'),
    (5743, 424, 214.85, '2025-11-12 11:56:22', 'Completed'),
    (5744, 330, 223.57, '2025-11-12 11:56:16', 'Refunded'),
    (5745, 323, 156.63, '2025-11-12 11:55:22', 'Completed'),
    (5746, 179, 258.71, '2025-11-12 11:57:08', 'Completed'),
    (5747, 119, 113.56, '2025-11-12 11:52:39', 'Completed'),
    (5748, 158, 447.6, '2025-11-12 11:56:41', 'Pending'),
    (5749, 327, 174.07, '2025-11-12 11:56:51', 'Completed'),
    (5750, 497, 235.14, '2025-11-12 11:55:55', 'Completed'),
    (5751, 211, 302.58, '2025-11-12 11:56:51', 'Pending'),
    (5752, 264, 81.26, '2025-11-12 11:51:52', 'Completed'),
    (5753, 145, 242.38, '2025-11-12 11:55:30', 'Completed'),
    (5754, 130, 434.93, '2025-11-12 11:56:14', 'Completed'),
    (5755, 317, 334.68, '2025-11-12 11:54:02', 'Completed'),
    (5756, 340, 229.21, '2025-11-12 11:52:39', 'Completed'),
    (5757, 72, 286.15, '2025-11-12 11:53:10', 'Refunded'),
    (5758, 384, 23.19, '2025-11-12 11:56:56', 'Pending'),
    (5759, 356, 357.99, '2025-11-12 11:51:26', 'Completed'),
    (5760, 499, 338.6, '2025-11-12 11:55:34', 'Completed'),
    (5761, 119, 135.0, '2025-11-12 11:55:15', 'Completed'),
    (5762, 276, 34.05, '2025-11-12 11:53:32', 'Completed'),
    (5763, 357, 338.92, '2025-11-12 11:53:04', 'Refunded'),
    (5764, 100, 306.82, '2025-11-12 11:56:26', 'Completed'),
    (5765, 212, 184.41, '2025-11-12 11:55:48', 'Completed'),
    (5766, 176, 168.73, '2025-11-12 11:54:31', 'Completed'),
    (5767, 37, 262.91, '2025-11-12 11:54:50', 'Completed'),
    (5768, 147, 256.45, '2025-11-12 11:56:54', 'Pending'),
    (5769, 180, 127.68, '2025-11-12 11:51:35', 'Completed'),
    (5770, 286, 316.15, '2025-11-12 11:53:24', 'Refunded'),
    (5771, 330, 53.83, '2025-11-12 11:55:35', 'Completed'),
    (5772, 395, 282.01, '2025-11-12 11:53:15', 'Completed'),
    (5773, 25, 58.91, '2025-11-12 11:51:52', 'Completed'),
    (5774, 254, 353.13, '2025-11-12 11:53:32', 'Pending'),
    (5775, 497, 468.32, '2025-11-12 11:52:38', 'Completed'),
    (5776, 74, 26.94, '2025-11-12 11:55:19', 'Pending'),
    (5777, 112, 45.85, '2025-11-12 11:56:41', 'Completed'),
    (5778, 286, 425.96, '2025-11-12 11:55:50', 'Pending'),
    (5779, 104, 198.83, '2025-11-12 11:55:07', 'Completed'),
    (5780, 292, 172.33, '2025-11-12 11:56:33', 'Completed'),
    (5781, 222, 445.71, '2025-11-12 11:52:19', 'Completed'),
    (5782, 421, 197.8, '2025-11-12 11:52:32', 'Completed'),
    (5783, 47, 250.85, '2025-11-12 11:56:47', 'Pending'),
    (5784, 214, 498.73, '2025-11-12 11:55:59', 'Completed'),
    (5785, 401, 123.8, '2025-11-12 11:56:21', 'Pending'),
    (5786, 226, 329.66, '2025-11-12 11:54:20', 'Refunded'),
    (5787, 41, 466.46, '2025-11-12 11:53:55', 'Completed'),
    (5788, 102, 315.26, '2025-11-12 11:52:30', 'Completed'),
    (5789, 421, 358.9, '2025-11-12 11:56:47', 'Refunded'),
    (5790, 145, 249.81, '2025-11-12 11:53:27', 'Completed'),
    (5791, 460, 112.67, '2025-11-12 11:53:40', 'Completed'),
    (5792, 296, 244.92, '2025-11-12 11:54:52', 'Completed'),
    (5793, 211, 414.76, '2025-11-12 11:53:47', 'Completed'),
    (5794, 323, 447.73, '2025-11-12 11:52:52', 'Completed'),
    (5795, 422, 167.45, '2025-11-12 11:54:00', 'Completed'),
    (5796, 282, 190.34, '2025-11-12 11:52:39', 'Completed'),
    (5797, 268, 258.54, '2025-11-12 11:54:14', 'Completed'),
    (5798, 37, 330.53, '2025-11-12 11:52:16', 'Completed'),
    (5799, 345, 357.09, '2025-11-12 11:53:17', 'Refunded'),
    (5800, 319, 439.9, '2025-11-12 11:53:08', 'Completed'),
    (5801, 319, 95.89, '2025-11-12 11:51:54', 'Pending'),
    (5802, 13, 334.27, '2025-11-12 11:54:05', 'Completed'),
    (5803, 233, 339.37, '2025-11-12 11:54:23', 'Pending'),
    (5804, 418, 425.98, '2025-11-12 11:56:02', 'Completed'),
    (5805, 274, 275.84, '2025-11-12 11:56:09', 'Completed'),
    (5806, 350, 229.0, '2025-11-12 11:53:13', 'Refunded'),
    (5807, 276, 165.94, '2025-11-12 11:56:48', 'Pending'),
    (5808, 395, 425.53, '2025-11-12 11:52:39', 'Pending'),
    (5809, 376, 270.57, '2025-11-12 11:53:39', 'Pending'),
    (5810, 39, 147.41, '2025-11-12 11:54:16', 'Pending'),
    (5811, 41, 152.3, '2025-11-12 11:51:43', 'Refunded'),
    (5812, 401, 62.43, '2025-11-12 11:52:00', 'Pending'),
    (5813, 403, 65.02, '2025-11-12 11:52:31', 'Completed'),
    (5814, 292, 436.97, '2025-11-12 11:53:19', 'Completed'),
    (5815, 282, 36.85, '2025-11-12 11:55:18', 'Refunded'),
    (5816, 147, 34.71, '2025-11-12 11:52:17', 'Completed'),
    (5817, 243, 479.77, '2025-11-12 11:56:44', 'Completed'),
    (5818, 123, 336.89, '2025-11-12 11:55:53', 'Completed'),
    (5819, 456, 378.41, '2025-11-12 11:51:14', 'Completed'),
    (5820, 150, 291.5, '2025-11-12 11:56:02', 'Completed'),
    (5821, 343, 367.03, '2025-11-12 11:51:30', 'Completed'),
    (5822, 273, 298.29, '2025-11-12 11:52:17', 'Pending'),
    (5823, 435, 97.28, '2025-11-12 11:54:04', 'Completed'),
    (5824, 264, 493.68, '2025-11-12 11:52:25', 'Completed'),
    (5825, 492, 75.09, '2025-11-12 11:51:57', 'Pending'),
    (5826, 298, 443.12, '2025-11-12 11:52:14', 'Completed'),
    (5827, 222, 459.69, '2025-11-12 11:55:03', 'Completed'),
    (5828, 474, 393.55, '2025-11-12 11:51:12', 'Completed'),
    (5829, 87, 70.48, '2025-11-12 11:54:56', 'Completed'),
    (5830, 451, 154.47, '2025-11-12 11:56:20', 'Completed'),
    (5831, 76, 466.97, '2025-11-12 11:55:08', 'Completed'),
    (5832, 30, 120.84, '2025-11-12 11:53:12', 'Pending'),
    (5833, 334, 319.51, '2025-11-12 11:54:38', 'Completed'),
    (5834, 373, 262.36, '2025-11-12 11:56:22', 'Pending'),
    (5835, 6, 261.72, '2025-11-12 11:55:51', 'Completed'),
    (5836, 424, 253.56, '2025-11-12 11:56:04', 'Completed'),
    (5837, 115, 203.5, '2025-11-12 11:56:06', 'Completed'),
    (5838, 347, 347.22, '2025-11-12 11:52:51', 'Refunded'),
    (5839, 99, 467.27, '2025-11-12 11:54:39', 'Completed'),
    (5840, 237, 278.07, '2025-11-12 11:54:14', 'Completed'),
    (5841, 226, 196.84, '2025-11-12 11:51:19', 'Completed'),
    (5842, 418, 396.7, '2025-11-12 11:54:01', 'Pending'),
    (5843, 95, 281.26, '2025-11-12 11:55:37', 'Refunded'),
    (5844, 234, 443.09, '2025-11-12 11:54:03', 'Completed'),
    (5845, 147, 243.5, '2025-11-12 11:51:22', 'Completed'),
    (5846, 334, 21.76, '2025-11-12 11:53:57', 'Completed'),
    (5847, 44, 233.87, '2025-11-12 11:54:12', 'Completed'),
    (5848, 456, 151.06, '2025-11-12 11:56:51', 'Completed'),
    (5849, 318, 216.76, '2025-11-12 11:52:54', 'Completed'),
    (5850, 319, 212.19, '2025-11-12 11:57:11', 'Completed'),
    (5851, 461, 356.59, '2025-11-12 11:57:04', 'Completed'),
    (5852, 352, 402.55, '2025-11-12 11:54:59', 'Completed'),
    (5853, 223, 472.28, '2025-11-12 11:54:40', 'Completed'),
    (5854, 71, 339.18, '2025-11-12 11:56:28', 'Completed'),
    (5855, 30, 127.07, '2025-11-12 11:53:35', 'Completed'),
    (5856, 4, 453.89, '2025-11-12 11:55:57', 'Completed'),
    (5857, 44, 419.2, '2025-11-12 11:56:14', 'Pending'),
    (5858, 161, 191.33, '2025-11-12 11:53:37', 'Completed'),
    (5859, 396, 444.01, '2025-11-12 11:56:53', 'Completed'),
    (5860, 330, 97.37, '2025-11-12 11:52:57', 'Refunded'),
    (5861, 210, 317.41, '2025-11-12 11:52:42', 'Completed'),
    (5862, 243, 204.76, '2025-11-12 11:52:57', 'Pending'),
    (5863, 73, 155.43, '2025-11-12 11:56:07', 'Completed'),
    (5864, 409, 314.03, '2025-11-12 11:52:38', 'Refunded'),
    (5865, 102, 171.18, '2025-11-12 11:52:01', 'Refunded'),
    (5866, 112, 385.94, '2025-11-12 11:54:50', 'Completed'),
    (5867, 273, 466.5, '2025-11-12 11:53:49', 'Completed'),
    (5868, 97, 484.36, '2025-11-12 11:54:10', 'Completed'),
    (5869, 464, 435.19, '2025-11-12 11:52:34', 'Completed'),
    (5870, 248, 418.05, '2025-11-12 11:56:36', 'Completed'),
    (5871, 489, 182.45, '2025-11-12 11:55:53', 'Pending'),
    (5872, 473, 430.01, '2025-11-12 11:51:56', 'Completed'),
    (5873, 350, 235.98, '2025-11-12 11:56:05', 'Pending'),
    (5874, 251, 357.96, '2025-11-12 11:52:57', 'Completed'),
    (5875, 234, 129.32, '2025-11-12 11:56:33', 'Completed'),
    (5876, 482, 349.41, '2025-11-12 11:53:48', 'Pending'),
    (5877, 78, 94.02, '2025-11-12 11:51:56', 'Completed'),
    (5878, 317, 62.92, '2025-11-12 11:52:51', 'Completed'),
    (5879, 395, 101.0, '2025-11-12 11:56:31', 'Completed'),
    (5880, 435, 414.64, '2025-11-12 11:52:14', 'Pending'),
    (5881, 2, 465.63, '2025-11-12 11:55:11', 'Completed'),
    (5882, 76, 416.03, '2025-11-12 11:54:57', 'Completed'),
    (5883, 78, 237.18, '2025-11-12 11:55:29', 'Completed'),
    (5884, 373, 377.96, '2025-11-12 11:55:24', 'Completed'),
    (5885, 61, 71.94, '2025-11-12 11:55:27', 'Completed'),
    (5886, 232, 226.1, '2025-11-12 11:52:59', 'Completed'),
    (5887, 432, 294.4, '2025-11-12 11:56:49', 'Pending'),
    (5888, 20, 148.58, '2025-11-12 11:51:18', 'Completed'),
    (5889, 70, 338.12, '2025-11-12 11:51:25', 'Refunded'),
    (5890, 330, 476.87, '2025-11-12 11:53:18', 'Completed'),
    (5891, 296, 308.54, '2025-11-12 11:57:09', 'Completed'),
    (5892, 215, 371.8, '2025-11-12 11:55:32', 'Completed'),
    (5893, 319, 367.18, '2025-11-12 11:56:58', 'Completed'),
    (5894, 71, 200.93, '2025-11-12 11:53:26', 'Completed'),
    (5895, 484, 179.38, '2025-11-12 11:54:36', 'Completed'),
    (5896, 119, 77.14, '2025-11-12 11:54:59', 'Completed'),
    (5897, 222, 152.28, '2025-11-12 11:56:23', 'Completed'),
    (5898, 137, 463.59, '2025-11-12 11:52:50', 'Completed'),
    (5899, 401, 153.28, '2025-11-12 11:56:50', 'Pending'),
    (5900, 319, 164.14, '2025-11-12 11:56:27', 'Completed'),
    (5901, 153, 49.46, '2025-11-12 11:56:52', 'Completed'),
    (5902, 112, 70.43, '2025-11-12 11:54:18', 'Pending'),
    (5903, 352, 39.97, '2025-11-12 11:51:46', 'Pending'),
    (5904, 302, 230.88, '2025-11-12 11:54:45', 'Completed'),
    (5905, 231, 333.28, '2025-11-12 11:52:07', 'Completed'),
    (5906, 395, 489.76, '2025-11-12 11:56:26', 'Completed'),
    (5907, 487, 30.4, '2025-11-12 11:51:25', 'Pending'),
    (5908, 233, 322.46, '2025-11-12 11:53:20', 'Completed'),
    (5909, 422, 409.1, '2025-11-12 11:56:27', 'Completed'),
    (5910, 228, 66.68, '2025-11-12 11:53:09', 'Completed'),
    (5911, 494, 416.88, '2025-11-12 11:51:39', 'Completed'),
    (5912, 264, 381.7, '2025-11-12 11:57:09', 'Completed'),
    (5913, 446, 311.82, '2025-11-12 11:52:12', 'Completed'),
    (5914, 164, 398.79, '2025-11-12 11:54:56', 'Completed'),
    (5915, 497, 79.6, '2025-11-12 11:56:00', 'Completed'),
    (5916, 137, 225.48, '2025-11-12 11:53:30', 'Completed'),
    (5917, 78, 312.21, '2025-11-12 11:55:44', 'Completed'),
    (5918, 232, 137.19, '2025-11-12 11:53:22', 'Completed'),
    (5919, 37, 26.87, '2025-11-12 11:51:13', 'Completed'),
    (5920, 41, 22.88, '2025-11-12 11:53:19', 'Completed'),
    (5921, 318, 121.97, '2025-11-12 11:57:07', 'Refunded'),
    (5922, 38, 497.84, '2025-11-12 11:54:28', 'Completed'),
    (5923, 290, 480.12, '2025-11-12 11:53:40', 'Completed'),
    (5924, 421, 471.19, '2025-11-12 11:54:38', 'Completed'),
    (5925, 68, 38.33, '2025-11-12 11:54:19', 'Pending'),
    (5926, 380, 298.35, '2025-11-12 11:52:10', 'Completed'),
    (5927, 164, 464.16, '2025-11-12 11:52:53', 'Pending'),
    (5928, 350, 422.62, '2025-11-12 11:56:25', 'Refunded'),
    (5929, 243, 78.01, '2025-11-12 11:51:20', 'Completed'),
    (5930, 72, 96.12, '2025-11-12 11:55:21', 'Pending'),
    (5931, 356, 204.09, '2025-11-12 11:55:21', 'Completed'),
    (5932, 210, 139.77, '2025-11-12 11:53:29', 'Refunded'),
    (5933, 344, 336.3, '2025-11-12 11:54:37', 'Refunded'),
    (5934, 19, 186.57, '2025-11-12 11:51:28', 'Completed'),
    (5935, 100, 365.17, '2025-11-12 11:56:00', 'Completed'),
    (5936, 61, 361.24, '2025-11-12 11:53:21', 'Completed'),
    (5937, 20, 496.14, '2025-11-12 11:51:19', 'Completed'),
    (5938, 97, 289.54, '2025-11-12 11:56:43', 'Pending'),
    (5939, 170, 163.49, '2025-11-12 11:51:21', 'Completed'),
    (5940, 373, 304.48, '2025-11-12 11:54:55', 'Refunded'),
    (5941, 273, 167.97, '2025-11-12 11:55:45', 'Completed'),
    (5942, 79, 270.28, '2025-11-12 11:51:53', 'Pending'),
    (5943, 226, 342.73, '2025-11-12 11:54:19', 'Completed'),
    (5944, 257, 228.28, '2025-11-12 11:51:20', 'Completed'),
    (5945, 41, 319.91, '2025-11-12 11:54:52', 'Refunded'),
    (5946, 147, 251.25, '2025-11-12 11:51:55', 'Pending'),
    (5947, 67, 431.27, '2025-11-12 11:56:30', 'Completed'),
    (5948, 212, 438.26, '2025-11-12 11:54:58', 'Completed'),
    (5949, 118, 64.42, '2025-11-12 11:56:01', 'Completed'),
    (5950, 146, 302.67, '2025-11-12 11:52:34', 'Refunded'),
    (5951, 76, 416.56, '2025-11-12 11:57:02', 'Pending'),
    (5952, 186, 164.82, '2025-11-12 11:51:59', 'Refunded'),
    (5953, 115, 253.9, '2025-11-12 11:55:38', 'Pending'),
    (5954, 71, 344.12, '2025-11-12 11:56:26', 'Completed'),
    (5955, 73, 243.55, '2025-11-12 11:51:39', 'Completed'),
    (5956, 419, 292.17, '2025-11-12 11:51:42', 'Completed'),
    (5957, 263, 371.02, '2025-11-12 11:51:16', 'Completed'),
    (5958, 350, 270.39, '2025-11-12 11:51:25', 'Completed'),
    (5959, 226, 67.98, '2025-11-12 11:54:19', 'Refunded'),
    (5960, 435, 49.04, '2025-11-12 11:55:18', 'Completed'),
    (5961, 99, 160.5, '2025-11-12 11:57:08', 'Refunded'),
    (5962, 286, 256.0, '2025-11-12 11:53:48', 'Completed'),
    (5963, 291, 446.82, '2025-11-12 11:51:16', 'Completed'),
    (5964, 461, 229.14, '2025-11-12 11:52:16', 'Completed'),
    (5965, 221, 488.06, '2025-11-12 11:53:40', 'Completed'),
    (5966, 78, 374.98, '2025-11-12 11:51:21', 'Completed'),
    (5967, 233, 25.9, '2025-11-12 11:55:05', 'Completed'),
    (5968, 211, 338.39, '2025-11-12 11:51:35', 'Completed'),
    (5969, 343, 237.17, '2025-11-12 11:51:51', 'Refunded'),
    (5970, 254, 278.56, '2025-11-12 11:52:47', 'Pending'),
    (5971, 201, 284.23, '2025-11-12 11:53:40', 'Pending'),
    (5972, 19, 186.28, '2025-11-12 11:56:56', 'Completed'),
    (5973, 345, 400.87, '2025-11-12 11:53:30', 'Completed'),
    (5974, 2, 157.18, '2025-11-12 11:54:56', 'Completed'),
    (5975, 264, 444.99, '2025-11-12 11:53:14', 'Completed'),
    (5976, 344, 390.76, '2025-11-12 11:51:23', 'Refunded'),
    (5977, 416, 319.93, '2025-11-12 11:56:01', 'Completed'),
    (5978, 356, 288.4, '2025-11-12 11:51:16', 'Completed'),
    (5979, 354, 119.94, '2025-11-12 11:55:53', 'Completed'),
    (5980, 331, 248.16, '2025-11-12 11:53:59', 'Completed'),
    (5981, 222, 254.32, '2025-11-12 11:53:48', 'Completed'),
    (5982, 327, 123.76, '2025-11-12 11:54:20', 'Pending'),
    (5983, 118, 400.5, '2025-11-12 11:51:53', 'Completed'),
    (5984, 291, 77.52, '2025-11-12 11:55:32', 'Pending'),
    (5985, 73, 244.33, '2025-11-12 11:56:36', 'Completed'),
    (5986, 345, 309.91, '2025-11-12 11:56:32', 'Completed'),
    (5987, 145, 97.92, '2025-11-12 11:55:09', 'Completed'),
    (5988, 37, 490.6, '2025-11-12 11:56:43', 'Completed'),
    (5989, 402, 127.9, '2025-11-12 11:52:41', 'Refunded'),
    (5990, 37, 90.85, '2025-11-12 11:53:27', 'Pending'),
    (5991, 347, 129.08, '2025-11-12 11:55:40', 'Completed'),
    (5992, 147, 54.67, '2025-11-12 11:56:38', 'Completed'),
    (5993, 4, 67.86, '2025-11-12 11:56:43', 'Pending'),
    (5994, 446, 356.02, '2025-11-12 11:53:27', 'Pending'),
    (5995, 223, 256.31, '2025-11-12 11:53:46', 'Pending'),
    (5996, 302, 150.11, '2025-11-12 11:52:20', 'Completed'),
    (5997, 356, 307.94, '2025-11-12 11:55:31', 'Completed'),
    (5998, 100, 333.71, '2025-11-12 11:53:01', 'Completed'),
    (5999, 334, 407.89, '2025-11-12 11:54:59', 'Refunded'),
    (6000, 202, 91.28, '2025-11-12 11:52:16', 'Completed');

INSERT INTO `ticket` (`ticket_id`, `order_id`, `event_id`, `user_id`, `price`, `status`) VALUES
    ('TKT-00001', 5001, 1014, 393, 6.7, 'Reserved'),
    ('TKT-00002', 5001, 1014, 393, 6.7, 'Refunded'),
    ('TKT-00003', 5001, 1014, 393, 6.7, 'Refunded'),
    ('TKT-00004', 5003, 1113, 422, 82.75, 'Purchased'),
    ('TKT-00005', 5003, 1113, 422, 82.75, 'Reserved'),
    ('TKT-00006', 5003, 1113, 422, 82.75, 'Purchased'),
    ('TKT-00007', 5003, 1113, 422, 82.75, 'Purchased'),
    ('TKT-00008', 5005, 1013, 275, 114.28, 'Reserved'),
    ('TKT-00009', 5005, 1013, 275, 114.28, 'Refunded'),
    ('TKT-00010', 5005, 1013, 275, 114.28, 'Refunded'),
    ('TKT-00011', 5005, 1013, 275, 114.28, 'Purchased'),
    ('TKT-00012', 5006, 1020, 84, 42.42, 'Purchased'),
    ('TKT-00013', 5006, 1020, 84, 42.42, 'Refunded'),
    ('TKT-00014', 5006, 1020, 84, 42.42, 'Purchased'),
    ('TKT-00015', 5006, 1020, 84, 42.42, 'Refunded'),
    ('TKT-00016', 5006, 1020, 84, 42.42, 'Reserved'),
    ('TKT-00017', 5008, 1056, 137, 26.05, 'Refunded'),
    ('TKT-00018', 5008, 1056, 137, 26.05, 'Reserved'),
    ('TKT-00019', 5008, 1056, 137, 26.05, 'Refunded'),
    ('TKT-00020', 5008, 1056, 137, 26.05, 'Reserved'),
    ('TKT-00021', 5011, 1069, 393, 83.8, 'Refunded'),
    ('TKT-00022', 5011, 1069, 393, 83.8, 'Purchased'),
    ('TKT-00023', 5011, 1069, 393, 83.8, 'Reserved'),
    ('TKT-00024', 5011, 1069, 393, 83.8, 'Purchased'),
    ('TKT-00025', 5012, 1102, 373, 72.95, 'Refunded'),
    ('TKT-00026', 5012, 1102, 373, 72.95, 'Refunded'),
    ('TKT-00027', 5012, 1102, 373, 72.95, 'Purchased'),
    ('TKT-00028', 5012, 1102, 373, 72.95, 'Purchased'),
    ('TKT-00029', 5012, 1102, 373, 72.95, 'Purchased'),
    ('TKT-00030', 5013, 1126, 347, 65.3, 'Purchased'),
    ('TKT-00031', 5013, 1126, 347, 65.3, 'Purchased'),
    ('TKT-00032', 5013, 1126, 347, 65.3, 'Reserved'),
    ('TKT-00033', 5013, 1126, 347, 65.3, 'Reserved'),
    ('TKT-00034', 5013, 1126, 347, 65.3, 'Reserved'),
    ('TKT-00035', 5016, 1018, 481, 37.75, 'Refunded'),
    ('TKT-00036', 5016, 1018, 481, 37.75, 'Refunded'),
    ('TKT-00037', 5016, 1018, 481, 37.75, 'Refunded'),
    ('TKT-00038', 5016, 1018, 481, 37.75, 'Reserved'),
    ('TKT-00039', 5016, 1018, 481, 37.75, 'Purchased'),
    ('TKT-00040', 5017, 1175, 25, 133.81, 'Refunded'),
    ('TKT-00041', 5017, 1175, 25, 133.81, 'Reserved'),
    ('TKT-00042', 5018, 1121, 334, 61.33, 'Reserved'),
    ('TKT-00043', 5018, 1121, 334, 61.33, 'Reserved'),
    ('TKT-00044', 5018, 1121, 334, 61.33, 'Purchased'),
    ('TKT-00045', 5018, 1121, 334, 61.33, 'Refunded'),
    ('TKT-00046', 5018, 1121, 334, 61.33, 'Purchased'),
    ('TKT-00047', 5020, 1036, 1, 40.19, 'Purchased'),
    ('TKT-00048', 5020, 1036, 1, 40.19, 'Refunded'),
    ('TKT-00049', 5020, 1036, 1, 40.19, 'Refunded'),
    ('TKT-00050', 5020, 1036, 1, 40.19, 'Purchased'),
    ('TKT-00051', 5020, 1036, 1, 40.19, 'Reserved'),
    ('TKT-00052', 5021, 1003, 290, 66.42, 'Reserved'),
    ('TKT-00053', 5021, 1003, 290, 66.42, 'Reserved'),
    ('TKT-00054', 5021, 1003, 290, 66.42, 'Refunded'),
    ('TKT-00055', 5021, 1003, 290, 66.42, 'Purchased'),
    ('TKT-00056', 5022, 1083, 194, 24.98, 'Refunded'),
    ('TKT-00057', 5022, 1083, 194, 24.98, 'Reserved'),
    ('TKT-00058', 5022, 1083, 194, 24.98, 'Refunded'),
    ('TKT-00059', 5022, 1083, 194, 24.98, 'Refunded'),
    ('TKT-00060', 5022, 1083, 194, 24.98, 'Purchased'),
    ('TKT-00061', 5023, 1097, 209, 139.3, 'Reserved'),
    ('TKT-00062', 5023, 1097, 209, 139.3, 'Refunded'),
    ('TKT-00063', 5024, 1024, 318, 91.29, 'Purchased'),
    ('TKT-00064', 5024, 1024, 318, 91.29, 'Purchased'),
    ('TKT-00065', 5025, 1133, 231, 120.91, 'Purchased'),
    ('TKT-00066', 5025, 1133, 231, 120.91, 'Reserved'),
    ('TKT-00067', 5025, 1133, 231, 120.91, 'Reserved'),
    ('TKT-00068', 5026, 1092, 291, 177.26, 'Purchased'),
    ('TKT-00069', 5026, 1092, 291, 177.26, 'Purchased'),
    ('TKT-00070', 5027, 1114, 227, 34.91, 'Purchased'),
    ('TKT-00071', 5027, 1114, 227, 34.91, 'Reserved'),
    ('TKT-00072', 5027, 1114, 227, 34.91, 'Reserved'),
    ('TKT-00073', 5027, 1114, 227, 34.91, 'Refunded'),
    ('TKT-00074', 5030, 1089, 296, 44.24, 'Purchased'),
    ('TKT-00075', 5030, 1089, 296, 44.24, 'Refunded'),
    ('TKT-00076', 5030, 1089, 296, 44.24, 'Refunded'),
    ('TKT-00077', 5030, 1089, 296, 44.24, 'Purchased'),
    ('TKT-00078', 5032, 1080, 319, 139.58, 'Reserved'),
    ('TKT-00079', 5032, 1080, 319, 139.58, 'Refunded'),
    ('TKT-00080', 5032, 1080, 319, 139.58, 'Purchased'),
    ('TKT-00081', 5033, 1102, 314, 67.75, 'Purchased'),
    ('TKT-00082', 5033, 1102, 314, 67.75, 'Reserved'),
    ('TKT-00083', 5033, 1102, 314, 67.75, 'Reserved'),
    ('TKT-00084', 5033, 1102, 314, 67.75, 'Purchased'),
    ('TKT-00085', 5033, 1102, 314, 67.75, 'Purchased'),
    ('TKT-00086', 5036, 1065, 176, 5.08, 'Purchased'),
    ('TKT-00087', 5036, 1065, 176, 5.08, 'Purchased'),
    ('TKT-00088', 5036, 1065, 176, 5.08, 'Purchased'),
    ('TKT-00089', 5036, 1065, 176, 5.08, 'Refunded'),
    ('TKT-00090', 5037, 1055, 20, 248.13, 'Purchased'),
    ('TKT-00091', 5037, 1055, 20, 248.13, 'Reserved'),
    ('TKT-00092', 5038, 1032, 419, 96.92, 'Purchased'),
    ('TKT-00093', 5038, 1032, 419, 96.92, 'Reserved'),
    ('TKT-00094', 5038, 1032, 419, 96.92, 'Purchased'),
    ('TKT-00095', 5038, 1032, 419, 96.92, 'Refunded'),
    ('TKT-00096', 5038, 1032, 419, 96.92, 'Purchased'),
    ('TKT-00097', 5039, 1174, 246, 163.76, 'Refunded'),
    ('TKT-00098', 5042, 1149, 297, 57.09, 'Purchased'),
    ('TKT-00099', 5042, 1149, 297, 57.09, 'Refunded'),
    ('TKT-00100', 5042, 1149, 297, 57.09, 'Purchased'),
    ('TKT-00101', 5042, 1149, 297, 57.09, 'Purchased'),
    ('TKT-00102', 5042, 1149, 297, 57.09, 'Purchased'),
    ('TKT-00103', 5043, 1036, 147, 119.67, 'Refunded'),
    ('TKT-00104', 5043, 1036, 147, 119.67, 'Refunded'),
    ('TKT-00105', 5043, 1036, 147, 119.67, 'Purchased'),
    ('TKT-00106', 5043, 1036, 147, 119.67, 'Refunded'),
    ('TKT-00107', 5044, 1183, 432, 32.84, 'Reserved'),
    ('TKT-00108', 5044, 1183, 432, 32.84, 'Refunded'),
    ('TKT-00109', 5044, 1183, 432, 32.84, 'Purchased'),
    ('TKT-00110', 5047, 1199, 169, 59.91, 'Reserved'),
    ('TKT-00111', 5047, 1199, 169, 59.91, 'Reserved'),
    ('TKT-00112', 5047, 1199, 169, 59.91, 'Reserved'),
    ('TKT-00113', 5047, 1199, 169, 59.91, 'Reserved'),
    ('TKT-00114', 5047, 1199, 169, 59.91, 'Refunded'),
    ('TKT-00115', 5049, 1035, 7, 222.47, 'Purchased'),
    ('TKT-00116', 5049, 1035, 7, 222.47, 'Reserved'),
    ('TKT-00117', 5050, 1023, 70, 123.28, 'Reserved'),
    ('TKT-00118', 5050, 1023, 70, 123.28, 'Reserved'),
    ('TKT-00119', 5052, 1150, 136, 66.33, 'Refunded'),
    ('TKT-00120', 5052, 1150, 136, 66.33, 'Reserved'),
    ('TKT-00121', 5052, 1150, 136, 66.33, 'Refunded'),
    ('TKT-00122', 5052, 1150, 136, 66.33, 'Refunded'),
    ('TKT-00123', 5052, 1150, 136, 66.33, 'Refunded'),
    ('TKT-00124', 5055, 1123, 150, 104.76, 'Refunded'),
    ('TKT-00125', 5055, 1123, 150, 104.76, 'Reserved'),
    ('TKT-00126', 5055, 1123, 150, 104.76, 'Refunded'),
    ('TKT-00127', 5056, 1094, 223, 164.85, 'Refunded'),
    ('TKT-00128', 5056, 1094, 223, 164.85, 'Refunded'),
    ('TKT-00129', 5057, 1042, 95, 38.18, 'Purchased'),
    ('TKT-00130', 5057, 1042, 95, 38.18, 'Purchased'),
    ('TKT-00131', 5057, 1042, 95, 38.18, 'Reserved'),
    ('TKT-00132', 5059, 1098, 227, 55.63, 'Purchased'),
    ('TKT-00133', 5059, 1098, 227, 55.63, 'Refunded'),
    ('TKT-00134', 5059, 1098, 227, 55.63, 'Refunded'),
    ('TKT-00135', 5059, 1098, 227, 55.63, 'Purchased'),
    ('TKT-00136', 5060, 1091, 220, 164.59, 'Refunded'),
    ('TKT-00137', 5060, 1091, 220, 164.59, 'Reserved'),
    ('TKT-00138', 5061, 1018, 180, 99.0, 'Refunded'),
    ('TKT-00139', 5061, 1018, 180, 99.0, 'Reserved'),
    ('TKT-00140', 5061, 1018, 180, 99.0, 'Refunded'),
    ('TKT-00141', 5061, 1018, 180, 99.0, 'Reserved'),
    ('TKT-00142', 5061, 1018, 180, 99.0, 'Refunded'),
    ('TKT-00143', 5062, 1001, 170, 154.76, 'Reserved'),
    ('TKT-00144', 5063, 1016, 418, 136.62, 'Reserved'),
    ('TKT-00145', 5063, 1016, 418, 136.62, 'Refunded'),
    ('TKT-00146', 5064, 1174, 59, 216.71, 'Purchased'),
    ('TKT-00147', 5066, 1164, 397, 26.04, 'Refunded'),
    ('TKT-00148', 5066, 1164, 397, 26.04, 'Purchased'),
    ('TKT-00149', 5066, 1164, 397, 26.04, 'Reserved'),
    ('TKT-00150', 5066, 1164, 397, 26.04, 'Reserved'),
    ('TKT-00151', 5067, 1137, 161, 81.45, 'Refunded'),
    ('TKT-00152', 5067, 1137, 161, 81.45, 'Purchased'),
    ('TKT-00153', 5067, 1137, 161, 81.45, 'Refunded'),
    ('TKT-00154', 5067, 1137, 161, 81.45, 'Reserved'),
    ('TKT-00155', 5068, 1053, 432, 66.47, 'Refunded'),
    ('TKT-00156', 5068, 1053, 432, 66.47, 'Reserved'),
    ('TKT-00157', 5068, 1053, 432, 66.47, 'Reserved'),
    ('TKT-00158', 5068, 1053, 432, 66.47, 'Reserved'),
    ('TKT-00159', 5068, 1053, 432, 66.47, 'Purchased'),
    ('TKT-00160', 5069, 1084, 286, 145.82, 'Refunded'),
    ('TKT-00161', 5069, 1084, 286, 145.82, 'Purchased'),
    ('TKT-00162', 5072, 1077, 482, 97.03, 'Reserved'),
    ('TKT-00163', 5072, 1077, 482, 97.03, 'Refunded'),
    ('TKT-00164', 5072, 1077, 482, 97.03, 'Reserved'),
    ('TKT-00165', 5072, 1077, 482, 97.03, 'Purchased'),
    ('TKT-00166', 5072, 1077, 482, 97.03, 'Purchased'),
    ('TKT-00167', 5073, 1056, 297, 142.13, 'Reserved'),
    ('TKT-00168', 5073, 1056, 297, 142.13, 'Purchased'),
    ('TKT-00169', 5074, 1063, 230, 7.2, 'Purchased'),
    ('TKT-00170', 5074, 1063, 230, 7.2, 'Reserved'),
    ('TKT-00171', 5074, 1063, 230, 7.2, 'Refunded'),
    ('TKT-00172', 5074, 1063, 230, 7.2, 'Reserved'),
    ('TKT-00173', 5077, 1159, 158, 78.28, 'Refunded'),
    ('TKT-00174', 5077, 1159, 158, 78.28, 'Refunded'),
    ('TKT-00175', 5077, 1159, 158, 78.28, 'Refunded'),
    ('TKT-00176', 5077, 1159, 158, 78.28, 'Reserved'),
    ('TKT-00177', 5077, 1159, 158, 78.28, 'Refunded'),
    ('TKT-00178', 5078, 1196, 327, 98.77, 'Purchased'),
    ('TKT-00179', 5078, 1196, 327, 98.77, 'Refunded'),
    ('TKT-00180', 5078, 1196, 327, 98.77, 'Purchased'),
    ('TKT-00181', 5079, 1166, 246, 84.71, 'Reserved'),
    ('TKT-00182', 5079, 1166, 246, 84.71, 'Purchased'),
    ('TKT-00183', 5081, 1059, 330, 118.86, 'Refunded'),
    ('TKT-00184', 5081, 1059, 330, 118.86, 'Refunded'),
    ('TKT-00185', 5082, 1181, 237, 98.25, 'Purchased'),
    ('TKT-00186', 5082, 1181, 237, 98.25, 'Purchased'),
    ('TKT-00187', 5082, 1181, 237, 98.25, 'Refunded'),
    ('TKT-00188', 5082, 1181, 237, 98.25, 'Refunded'),
    ('TKT-00189', 5082, 1181, 237, 98.25, 'Refunded'),
    ('TKT-00190', 5083, 1054, 137, 59.53, 'Reserved'),
    ('TKT-00191', 5083, 1054, 137, 59.53, 'Purchased'),
    ('TKT-00192', 5083, 1054, 137, 59.53, 'Purchased'),
    ('TKT-00193', 5083, 1054, 137, 59.53, 'Purchased'),
    ('TKT-00194', 5084, 1199, 221, 240.77, 'Purchased'),
    ('TKT-00195', 5085, 1036, 150, 5.34, 'Refunded'),
    ('TKT-00196', 5085, 1036, 150, 5.34, 'Reserved'),
    ('TKT-00197', 5085, 1036, 150, 5.34, 'Refunded'),
    ('TKT-00198', 5085, 1036, 150, 5.34, 'Reserved'),
    ('TKT-00199', 5086, 1021, 347, 312.2, 'Purchased'),
    ('TKT-00200', 5087, 1110, 461, 130.94, 'Refunded'),
    ('TKT-00201', 5087, 1110, 461, 130.94, 'Purchased'),
    ('TKT-00202', 5089, 1004, 112, 38.2, 'Refunded'),
    ('TKT-00203', 5089, 1004, 112, 38.2, 'Refunded'),
    ('TKT-00204', 5089, 1004, 112, 38.2, 'Purchased'),
    ('TKT-00205', 5090, 1014, 95, 82.27, 'Reserved'),
    ('TKT-00206', 5090, 1014, 95, 82.27, 'Refunded'),
    ('TKT-00207', 5090, 1014, 95, 82.27, 'Purchased'),
    ('TKT-00208', 5092, 1189, 180, 44.4, 'Purchased'),
    ('TKT-00209', 5092, 1189, 180, 44.4, 'Purchased'),
    ('TKT-00210', 5092, 1189, 180, 44.4, 'Reserved'),
    ('TKT-00211', 5092, 1189, 180, 44.4, 'Refunded'),
    ('TKT-00212', 5092, 1189, 180, 44.4, 'Reserved'),
    ('TKT-00213', 5093, 1016, 465, 97.37, 'Reserved'),
    ('TKT-00214', 5094, 1073, 212, 50.02, 'Purchased'),
    ('TKT-00215', 5094, 1073, 212, 50.02, 'Refunded'),
    ('TKT-00216', 5094, 1073, 212, 50.02, 'Refunded'),
    ('TKT-00217', 5095, 1035, 154, 180.37, 'Refunded'),
    ('TKT-00218', 5095, 1035, 154, 180.37, 'Reserved'),
    ('TKT-00219', 5096, 1109, 232, 55.44, 'Reserved'),
    ('TKT-00220', 5096, 1109, 232, 55.44, 'Reserved'),
    ('TKT-00221', 5096, 1109, 232, 55.44, 'Reserved'),
    ('TKT-00222', 5097, 1178, 251, 237.76, 'Purchased'),
    ('TKT-00223', 5100, 1136, 145, 127.5, 'Purchased'),
    ('TKT-00224', 5100, 1136, 145, 127.5, 'Refunded'),
    ('TKT-00225', 5100, 1136, 145, 127.5, 'Refunded'),
    ('TKT-00226', 5102, 1048, 234, 93.44, 'Purchased'),
    ('TKT-00227', 5102, 1048, 234, 93.44, 'Reserved'),
    ('TKT-00228', 5104, 1026, 461, 4.09, 'Reserved'),
    ('TKT-00229', 5104, 1026, 461, 4.09, 'Refunded'),
    ('TKT-00230', 5104, 1026, 461, 4.09, 'Reserved'),
    ('TKT-00231', 5104, 1026, 461, 4.09, 'Purchased'),
    ('TKT-00232', 5104, 1026, 461, 4.09, 'Refunded'),
    ('TKT-00233', 5105, 1035, 211, 137.86, 'Refunded'),
    ('TKT-00234', 5105, 1035, 211, 137.86, 'Reserved'),
    ('TKT-00235', 5105, 1035, 211, 137.86, 'Purchased'),
    ('TKT-00236', 5106, 1157, 118, 9.86, 'Reserved'),
    ('TKT-00237', 5106, 1157, 118, 9.86, 'Reserved'),
    ('TKT-00238', 5106, 1157, 118, 9.86, 'Reserved'),
    ('TKT-00239', 5106, 1157, 118, 9.86, 'Reserved'),
    ('TKT-00240', 5106, 1157, 118, 9.86, 'Refunded'),
    ('TKT-00241', 5107, 1032, 473, 49.23, 'Reserved'),
    ('TKT-00242', 5107, 1032, 473, 49.23, 'Reserved'),
    ('TKT-00243', 5107, 1032, 473, 49.23, 'Reserved'),
    ('TKT-00244', 5107, 1032, 473, 49.23, 'Purchased'),
    ('TKT-00245', 5108, 1073, 268, 25.43, 'Refunded'),
    ('TKT-00246', 5108, 1073, 268, 25.43, 'Purchased'),
    ('TKT-00247', 5108, 1073, 268, 25.43, 'Purchased'),
    ('TKT-00248', 5108, 1073, 268, 25.43, 'Purchased'),
    ('TKT-00249', 5113, 1029, 228, 27.29, 'Refunded'),
    ('TKT-00250', 5113, 1029, 228, 27.29, 'Purchased'),
    ('TKT-00251', 5113, 1029, 228, 27.29, 'Reserved'),
    ('TKT-00252', 5114, 1141, 492, 456.64, 'Purchased'),
    ('TKT-00253', 5115, 1155, 118, 70.24, 'Refunded'),
    ('TKT-00254', 5115, 1155, 118, 70.24, 'Reserved'),
    ('TKT-00255', 5115, 1155, 118, 70.24, 'Purchased'),
    ('TKT-00256', 5115, 1155, 118, 70.24, 'Reserved'),
    ('TKT-00257', 5116, 1104, 380, 29.13, 'Reserved'),
    ('TKT-00258', 5116, 1104, 380, 29.13, 'Purchased'),
    ('TKT-00259', 5116, 1104, 380, 29.13, 'Reserved'),
    ('TKT-00260', 5116, 1104, 380, 29.13, 'Purchased'),
    ('TKT-00261', 5116, 1104, 380, 29.13, 'Purchased'),
    ('TKT-00262', 5117, 1138, 424, 449.75, 'Reserved'),
    ('TKT-00263', 5119, 1018, 226, 14.29, 'Reserved'),
    ('TKT-00264', 5119, 1018, 226, 14.29, 'Purchased'),
    ('TKT-00265', 5119, 1018, 226, 14.29, 'Purchased'),
    ('TKT-00266', 5119, 1018, 226, 14.29, 'Reserved'),
    ('TKT-00267', 5119, 1018, 226, 14.29, 'Refunded'),
    ('TKT-00268', 5121, 1058, 132, 41.48, 'Purchased'),
    ('TKT-00269', 5121, 1058, 132, 41.48, 'Refunded'),
    ('TKT-00270', 5121, 1058, 132, 41.48, 'Refunded'),
    ('TKT-00271', 5122, 1160, 25, 13.92, 'Reserved'),
    ('TKT-00272', 5122, 1160, 25, 13.92, 'Reserved'),
    ('TKT-00273', 5122, 1160, 25, 13.92, 'Refunded'),
    ('TKT-00274', 5125, 1158, 150, 95.76, 'Purchased'),
    ('TKT-00275', 5125, 1158, 150, 95.76, 'Purchased'),
    ('TKT-00276', 5125, 1158, 150, 95.76, 'Reserved'),
    ('TKT-00277', 5125, 1158, 150, 95.76, 'Purchased'),
    ('TKT-00278', 5126, 1174, 331, 12.34, 'Refunded'),
    ('TKT-00279', 5126, 1174, 331, 12.34, 'Reserved'),
    ('TKT-00280', 5126, 1174, 331, 12.34, 'Reserved'),
    ('TKT-00281', 5126, 1174, 331, 12.34, 'Reserved'),
    ('TKT-00282', 5126, 1174, 331, 12.34, 'Reserved'),
    ('TKT-00283', 5127, 1039, 403, 40.46, 'Refunded'),
    ('TKT-00284', 5127, 1039, 403, 40.46, 'Purchased'),
    ('TKT-00285', 5127, 1039, 403, 40.46, 'Reserved'),
    ('TKT-00286', 5131, 1147, 390, 111.11, 'Refunded'),
    ('TKT-00287', 5131, 1147, 390, 111.11, 'Purchased'),
    ('TKT-00288', 5131, 1147, 390, 111.11, 'Refunded'),
    ('TKT-00289', 5132, 1105, 135, 70.84, 'Reserved'),
    ('TKT-00290', 5132, 1105, 135, 70.84, 'Refunded'),
    ('TKT-00291', 5132, 1105, 135, 70.84, 'Purchased'),
    ('TKT-00292', 5132, 1105, 135, 70.84, 'Purchased'),
    ('TKT-00293', 5133, 1014, 142, 74.04, 'Purchased'),
    ('TKT-00294', 5133, 1014, 142, 74.04, 'Purchased'),
    ('TKT-00295', 5133, 1014, 142, 74.04, 'Purchased'),
    ('TKT-00296', 5133, 1014, 142, 74.04, 'Purchased'),
    ('TKT-00297', 5133, 1014, 142, 74.04, 'Reserved'),
    ('TKT-00298', 5134, 1042, 221, 240.24, 'Refunded'),
    ('TKT-00299', 5134, 1042, 221, 240.24, 'Reserved'),
    ('TKT-00300', 5135, 1042, 497, 55.21, 'Purchased'),
    ('TKT-00301', 5135, 1042, 497, 55.21, 'Purchased'),
    ('TKT-00302', 5135, 1042, 497, 55.21, 'Refunded'),
    ('TKT-00303', 5136, 1099, 276, 90.24, 'Refunded'),
    ('TKT-00304', 5136, 1099, 276, 90.24, 'Reserved'),
    ('TKT-00305', 5136, 1099, 276, 90.24, 'Reserved'),
    ('TKT-00306', 5138, 1117, 72, 245.29, 'Purchased'),
    ('TKT-00307', 5138, 1117, 72, 245.29, 'Reserved'),
    ('TKT-00308', 5139, 1121, 39, 387.56, 'Purchased'),
    ('TKT-00309', 5140, 1165, 76, 80.74, 'Reserved'),
    ('TKT-00310', 5140, 1165, 76, 80.74, 'Purchased'),
    ('TKT-00311', 5140, 1165, 76, 80.74, 'Refunded'),
    ('TKT-00312', 5141, 1100, 373, 118.8, 'Reserved'),
    ('TKT-00313', 5141, 1100, 373, 118.8, 'Refunded'),
    ('TKT-00314', 5141, 1100, 373, 118.8, 'Refunded'),
    ('TKT-00315', 5142, 1044, 147, 247.45, 'Refunded'),
    ('TKT-00316', 5144, 1008, 78, 35.38, 'Refunded'),
    ('TKT-00317', 5144, 1008, 78, 35.38, 'Reserved'),
    ('TKT-00318', 5144, 1008, 78, 35.38, 'Purchased'),
    ('TKT-00319', 5144, 1008, 78, 35.38, 'Refunded'),
    ('TKT-00320', 5145, 1054, 154, 349.77, 'Purchased'),
    ('TKT-00321', 5146, 1049, 6, 455.75, 'Refunded'),
    ('TKT-00322', 5147, 1142, 214, 97.07, 'Reserved'),
    ('TKT-00323', 5147, 1142, 214, 97.07, 'Reserved'),
    ('TKT-00324', 5147, 1142, 214, 97.07, 'Refunded'),
    ('TKT-00325', 5147, 1142, 214, 97.07, 'Refunded'),
    ('TKT-00326', 5147, 1142, 214, 97.07, 'Refunded'),
    ('TKT-00327', 5148, 1157, 61, 10.81, 'Refunded'),
    ('TKT-00328', 5148, 1157, 61, 10.81, 'Refunded'),
    ('TKT-00329', 5148, 1157, 61, 10.81, 'Refunded'),
    ('TKT-00330', 5148, 1157, 61, 10.81, 'Purchased'),
    ('TKT-00331', 5148, 1157, 61, 10.81, 'Reserved'),
    ('TKT-00332', 5150, 1017, 233, 429.77, 'Refunded'),
    ('TKT-00333', 5152, 1071, 340, 4.08, 'Purchased'),
    ('TKT-00334', 5152, 1071, 340, 4.08, 'Purchased'),
    ('TKT-00335', 5152, 1071, 340, 4.08, 'Refunded'),
    ('TKT-00336', 5152, 1071, 340, 4.08, 'Refunded'),
    ('TKT-00337', 5152, 1071, 340, 4.08, 'Purchased'),
    ('TKT-00338', 5153, 1177, 495, 300.41, 'Purchased'),
    ('TKT-00339', 5155, 1098, 135, 36.14, 'Refunded'),
    ('TKT-00340', 5155, 1098, 135, 36.14, 'Reserved'),
    ('TKT-00341', 5155, 1098, 135, 36.14, 'Reserved'),
    ('TKT-00342', 5156, 1058, 170, 184.8, 'Refunded'),
    ('TKT-00343', 5158, 1196, 343, 349.35, 'Reserved'),
    ('TKT-00344', 5159, 1024, 233, 89.94, 'Purchased'),
    ('TKT-00345', 5159, 1024, 233, 89.94, 'Refunded'),
    ('TKT-00346', 5159, 1024, 233, 89.94, 'Refunded'),
    ('TKT-00347', 5159, 1024, 233, 89.94, 'Reserved'),
    ('TKT-00348', 5159, 1024, 233, 89.94, 'Reserved'),
    ('TKT-00349', 5161, 1078, 473, 109.51, 'Reserved'),
    ('TKT-00350', 5162, 1039, 13, 477.75, 'Reserved'),
    ('TKT-00351', 5163, 1039, 440, 121.24, 'Refunded'),
    ('TKT-00352', 5163, 1039, 440, 121.24, 'Refunded'),
    ('TKT-00353', 5163, 1039, 440, 121.24, 'Refunded'),
    ('TKT-00354', 5164, 1125, 401, 22.26, 'Purchased'),
    ('TKT-00355', 5164, 1125, 401, 22.26, 'Refunded'),
    ('TKT-00356', 5164, 1125, 401, 22.26, 'Refunded'),
    ('TKT-00357', 5164, 1125, 401, 22.26, 'Reserved'),
    ('TKT-00358', 5164, 1125, 401, 22.26, 'Purchased'),
    ('TKT-00359', 5166, 1150, 264, 353.32, 'Reserved'),
    ('TKT-00360', 5167, 1003, 317, 46.02, 'Refunded'),
    ('TKT-00361', 5167, 1003, 317, 46.02, 'Refunded'),
    ('TKT-00362', 5167, 1003, 317, 46.02, 'Reserved'),
    ('TKT-00363', 5167, 1003, 317, 46.02, 'Reserved'),
    ('TKT-00364', 5167, 1003, 317, 46.02, 'Refunded'),
    ('TKT-00365', 5168, 1190, 422, 67.13, 'Refunded'),
    ('TKT-00366', 5168, 1190, 422, 67.13, 'Purchased'),
    ('TKT-00367', 5168, 1190, 422, 67.13, 'Purchased'),
    ('TKT-00368', 5168, 1190, 422, 67.13, 'Purchased'),
    ('TKT-00369', 5168, 1190, 422, 67.13, 'Purchased'),
    ('TKT-00370', 5169, 1008, 373, 76.34, 'Purchased'),
    ('TKT-00371', 5169, 1008, 373, 76.34, 'Refunded'),
    ('TKT-00372', 5170, 1180, 334, 90.49, 'Purchased'),
    ('TKT-00373', 5170, 1180, 334, 90.49, 'Refunded'),
    ('TKT-00374', 5170, 1180, 334, 90.49, 'Purchased'),
    ('TKT-00375', 5170, 1180, 334, 90.49, 'Refunded'),
    ('TKT-00376', 5170, 1180, 334, 90.49, 'Refunded'),
    ('TKT-00377', 5172, 1158, 214, 165.04, 'Purchased'),
    ('TKT-00378', 5172, 1158, 214, 165.04, 'Purchased'),
    ('TKT-00379', 5172, 1158, 214, 165.04, 'Refunded'),
    ('TKT-00380', 5173, 1150, 482, 94.96, 'Reserved'),
    ('TKT-00381', 5173, 1150, 482, 94.96, 'Purchased'),
    ('TKT-00382', 5173, 1150, 482, 94.96, 'Purchased'),
    ('TKT-00383', 5174, 1103, 345, 33.65, 'Reserved'),
    ('TKT-00384', 5174, 1103, 345, 33.65, 'Refunded'),
    ('TKT-00385', 5174, 1103, 345, 33.65, 'Purchased'),
    ('TKT-00386', 5174, 1103, 345, 33.65, 'Reserved'),
    ('TKT-00387', 5176, 1179, 263, 132.46, 'Purchased'),
    ('TKT-00388', 5176, 1179, 263, 132.46, 'Reserved'),
    ('TKT-00389', 5176, 1179, 263, 132.46, 'Purchased'),
    ('TKT-00390', 5178, 1112, 221, 29.09, 'Purchased'),
    ('TKT-00391', 5178, 1112, 221, 29.09, 'Refunded'),
    ('TKT-00392', 5178, 1112, 221, 29.09, 'Refunded'),
    ('TKT-00393', 5178, 1112, 221, 29.09, 'Reserved'),
    ('TKT-00394', 5179, 1064, 380, 370.31, 'Refunded'),
    ('TKT-00395', 5181, 1154, 395, 218.72, 'Purchased'),
    ('TKT-00396', 5181, 1154, 395, 218.72, 'Purchased'),
    ('TKT-00397', 5182, 1018, 432, 61.65, 'Purchased'),
    ('TKT-00398', 5182, 1018, 432, 61.65, 'Refunded'),
    ('TKT-00399', 5182, 1018, 432, 61.65, 'Refunded'),
    ('TKT-00400', 5182, 1018, 432, 61.65, 'Refunded'),
    ('TKT-00401', 5182, 1018, 432, 61.65, 'Purchased'),
    ('TKT-00402', 5183, 1075, 323, 52.83, 'Refunded'),
    ('TKT-00403', 5183, 1075, 323, 52.83, 'Refunded'),
    ('TKT-00404', 5183, 1075, 323, 52.83, 'Reserved'),
    ('TKT-00405', 5183, 1075, 323, 52.83, 'Refunded'),
    ('TKT-00406', 5183, 1075, 323, 52.83, 'Refunded'),
    ('TKT-00407', 5184, 1041, 149, 47.91, 'Purchased'),
    ('TKT-00408', 5184, 1041, 149, 47.91, 'Refunded'),
    ('TKT-00409', 5184, 1041, 149, 47.91, 'Purchased'),
    ('TKT-00410', 5184, 1041, 149, 47.91, 'Purchased'),
    ('TKT-00411', 5184, 1041, 149, 47.91, 'Reserved'),
    ('TKT-00412', 5185, 1121, 212, 447.66, 'Refunded'),
    ('TKT-00413', 5186, 1143, 318, 116.98, 'Purchased'),
    ('TKT-00414', 5186, 1143, 318, 116.98, 'Purchased'),
    ('TKT-00415', 5187, 1171, 210, 21.71, 'Purchased'),
    ('TKT-00416', 5187, 1171, 210, 21.71, 'Purchased'),
    ('TKT-00417', 5187, 1171, 210, 21.71, 'Purchased'),
    ('TKT-00418', 5190, 1145, 13, 61.7, 'Reserved'),
    ('TKT-00419', 5190, 1145, 13, 61.7, 'Reserved'),
    ('TKT-00420', 5190, 1145, 13, 61.7, 'Purchased'),
    ('TKT-00421', 5190, 1145, 13, 61.7, 'Reserved'),
    ('TKT-00422', 5190, 1145, 13, 61.7, 'Reserved'),
    ('TKT-00423', 5191, 1079, 220, 54.54, 'Purchased'),
    ('TKT-00424', 5192, 1137, 478, 79.92, 'Refunded'),
    ('TKT-00425', 5192, 1137, 478, 79.92, 'Purchased'),
    ('TKT-00426', 5192, 1137, 478, 79.92, 'Refunded'),
    ('TKT-00427', 5192, 1137, 478, 79.92, 'Reserved'),
    ('TKT-00428', 5193, 1117, 186, 171.88, 'Reserved'),
    ('TKT-00429', 5193, 1117, 186, 171.88, 'Reserved'),
    ('TKT-00430', 5194, 1109, 180, 78.15, 'Refunded'),
    ('TKT-00431', 5194, 1109, 180, 78.15, 'Reserved'),
    ('TKT-00432', 5194, 1109, 180, 78.15, 'Reserved'),
    ('TKT-00433', 5194, 1109, 180, 78.15, 'Reserved'),
    ('TKT-00434', 5194, 1109, 180, 78.15, 'Reserved'),
    ('TKT-00435', 5195, 1180, 347, 412.77, 'Refunded'),
    ('TKT-00436', 5196, 1035, 102, 100.8, 'Reserved'),
    ('TKT-00437', 5196, 1035, 102, 100.8, 'Reserved'),
    ('TKT-00438', 5196, 1035, 102, 100.8, 'Purchased'),
    ('TKT-00439', 5196, 1035, 102, 100.8, 'Reserved'),
    ('TKT-00440', 5199, 1107, 357, 62.52, 'Refunded'),
    ('TKT-00441', 5199, 1107, 357, 62.52, 'Refunded'),
    ('TKT-00442', 5199, 1107, 357, 62.52, 'Refunded'),
    ('TKT-00443', 5199, 1107, 357, 62.52, 'Refunded'),
    ('TKT-00444', 5199, 1107, 357, 62.52, 'Reserved'),
    ('TKT-00445', 5200, 1175, 149, 243.1, 'Reserved'),
    ('TKT-00446', 5201, 1059, 176, 39.3, 'Refunded'),
    ('TKT-00447', 5201, 1059, 176, 39.3, 'Reserved'),
    ('TKT-00448', 5201, 1059, 176, 39.3, 'Reserved'),
    ('TKT-00449', 5201, 1059, 176, 39.3, 'Purchased'),
    ('TKT-00450', 5201, 1059, 176, 39.3, 'Reserved'),
    ('TKT-00451', 5204, 1083, 25, 37.89, 'Reserved'),
    ('TKT-00452', 5204, 1083, 25, 37.89, 'Purchased'),
    ('TKT-00453', 5204, 1083, 25, 37.89, 'Purchased'),
    ('TKT-00454', 5204, 1083, 25, 37.89, 'Purchased'),
    ('TKT-00455', 5205, 1128, 4, 16.83, 'Purchased'),
    ('TKT-00456', 5205, 1128, 4, 16.83, 'Refunded'),
    ('TKT-00457', 5205, 1128, 4, 16.83, 'Refunded'),
    ('TKT-00458', 5205, 1128, 4, 16.83, 'Refunded'),
    ('TKT-00459', 5205, 1128, 4, 16.83, 'Purchased'),
    ('TKT-00460', 5206, 1117, 343, 6.67, 'Refunded'),
    ('TKT-00461', 5206, 1117, 343, 6.67, 'Purchased'),
    ('TKT-00462', 5206, 1117, 343, 6.67, 'Reserved'),
    ('TKT-00463', 5206, 1117, 343, 6.67, 'Reserved'),
    ('TKT-00464', 5206, 1117, 343, 6.67, 'Reserved'),
    ('TKT-00465', 5207, 1150, 20, 36.82, 'Purchased'),
    ('TKT-00466', 5207, 1150, 20, 36.82, 'Refunded'),
    ('TKT-00467', 5207, 1150, 20, 36.82, 'Reserved'),
    ('TKT-00468', 5207, 1150, 20, 36.82, 'Refunded'),
    ('TKT-00469', 5208, 1119, 10, 234.12, 'Purchased'),
    ('TKT-00470', 5208, 1119, 10, 234.12, 'Purchased'),
    ('TKT-00471', 5209, 1194, 340, 141.23, 'Reserved'),
    ('TKT-00472', 5209, 1194, 340, 141.23, 'Refunded'),
    ('TKT-00473', 5209, 1194, 340, 141.23, 'Purchased'),
    ('TKT-00474', 5210, 1175, 145, 419.17, 'Reserved'),
    ('TKT-00475', 5211, 1166, 384, 146.87, 'Refunded'),
    ('TKT-00476', 5211, 1166, 384, 146.87, 'Reserved'),
    ('TKT-00477', 5211, 1166, 384, 146.87, 'Purchased'),
    ('TKT-00478', 5212, 1041, 212, 46.85, 'Reserved'),
    ('TKT-00479', 5212, 1041, 212, 46.85, 'Refunded'),
    ('TKT-00480', 5212, 1041, 212, 46.85, 'Reserved'),
    ('TKT-00481', 5212, 1041, 212, 46.85, 'Reserved'),
    ('TKT-00482', 5213, 1129, 402, 112.89, 'Reserved'),
    ('TKT-00483', 5213, 1129, 402, 112.89, 'Purchased'),
    ('TKT-00484', 5213, 1129, 402, 112.89, 'Refunded'),
    ('TKT-00485', 5215, 1172, 174, 28.16, 'Refunded'),
    ('TKT-00486', 5216, 1010, 97, 8.58, 'Refunded'),
    ('TKT-00487', 5216, 1010, 97, 8.58, 'Reserved'),
    ('TKT-00488', 5216, 1010, 97, 8.58, 'Reserved'),
    ('TKT-00489', 5216, 1010, 97, 8.58, 'Reserved'),
    ('TKT-00490', 5219, 1089, 61, 86.97, 'Refunded'),
    ('TKT-00491', 5219, 1089, 61, 86.97, 'Reserved'),
    ('TKT-00492', 5219, 1089, 61, 86.97, 'Purchased'),
    ('TKT-00493', 5219, 1089, 61, 86.97, 'Purchased'),
    ('TKT-00494', 5220, 1080, 481, 80.6, 'Reserved'),
    ('TKT-00495', 5220, 1080, 481, 80.6, 'Purchased'),
    ('TKT-00496', 5220, 1080, 481, 80.6, 'Refunded'),
    ('TKT-00497', 5222, 1095, 276, 478.9, 'Refunded'),
    ('TKT-00498', 5223, 1042, 318, 67.31, 'Reserved'),
    ('TKT-00499', 5223, 1042, 318, 67.31, 'Refunded'),
    ('TKT-00500', 5223, 1042, 318, 67.31, 'Refunded'),
    ('TKT-00501', 5223, 1042, 318, 67.31, 'Purchased'),
    ('TKT-00502', 5225, 1039, 210, 24.25, 'Refunded'),
    ('TKT-00503', 5226, 1018, 170, 100.56, 'Refunded'),
    ('TKT-00504', 5226, 1018, 170, 100.56, 'Purchased'),
    ('TKT-00505', 5226, 1018, 170, 100.56, 'Refunded'),
    ('TKT-00506', 5226, 1018, 170, 100.56, 'Refunded'),
    ('TKT-00507', 5230, 1094, 44, 205.14, 'Reserved'),
    ('TKT-00508', 5230, 1094, 44, 205.14, 'Reserved'),
    ('TKT-00509', 5231, 1136, 495, 20.32, 'Purchased'),
    ('TKT-00510', 5231, 1136, 495, 20.32, 'Reserved'),
    ('TKT-00511', 5231, 1136, 495, 20.32, 'Reserved'),
    ('TKT-00512', 5231, 1136, 495, 20.32, 'Purchased'),
    ('TKT-00513', 5231, 1136, 495, 20.32, 'Reserved'),
    ('TKT-00514', 5232, 1039, 228, 119.94, 'Refunded'),
    ('TKT-00515', 5232, 1039, 228, 119.94, 'Reserved'),
    ('TKT-00516', 5232, 1039, 228, 119.94, 'Reserved'),
    ('TKT-00517', 5232, 1039, 228, 119.94, 'Reserved'),
    ('TKT-00518', 5233, 1073, 402, 20.11, 'Refunded'),
    ('TKT-00519', 5233, 1073, 402, 20.11, 'Refunded'),
    ('TKT-00520', 5233, 1073, 402, 20.11, 'Reserved'),
    ('TKT-00521', 5234, 1036, 492, 165.76, 'Purchased'),
    ('TKT-00522', 5234, 1036, 492, 165.76, 'Refunded'),
    ('TKT-00523', 5235, 1021, 343, 152.05, 'Purchased'),
    ('TKT-00524', 5235, 1021, 343, 152.05, 'Refunded'),
    ('TKT-00525', 5235, 1021, 343, 152.05, 'Refunded'),
    ('TKT-00526', 5236, 1175, 327, 59.67, 'Refunded'),
    ('TKT-00527', 5236, 1175, 327, 59.67, 'Reserved'),
    ('TKT-00528', 5236, 1175, 327, 59.67, 'Purchased'),
    ('TKT-00529', 5236, 1175, 327, 59.67, 'Purchased'),
    ('TKT-00530', 5236, 1175, 327, 59.67, 'Purchased'),
    ('TKT-00531', 5239, 1077, 20, 111.02, 'Purchased'),
    ('TKT-00532', 5239, 1077, 20, 111.02, 'Refunded'),
    ('TKT-00533', 5239, 1077, 20, 111.02, 'Purchased'),
    ('TKT-00534', 5240, 1111, 340, 87.91, 'Refunded'),
    ('TKT-00535', 5240, 1111, 340, 87.91, 'Reserved'),
    ('TKT-00536', 5240, 1111, 340, 87.91, 'Purchased'),
    ('TKT-00537', 5240, 1111, 340, 87.91, 'Reserved'),
    ('TKT-00538', 5241, 1002, 226, 37.98, 'Purchased'),
    ('TKT-00539', 5241, 1002, 226, 37.98, 'Purchased'),
    ('TKT-00540', 5241, 1002, 226, 37.98, 'Purchased'),
    ('TKT-00541', 5242, 1066, 441, 6.13, 'Purchased'),
    ('TKT-00542', 5242, 1066, 441, 6.13, 'Purchased'),
    ('TKT-00543', 5242, 1066, 441, 6.13, 'Purchased'),
    ('TKT-00544', 5242, 1066, 441, 6.13, 'Purchased'),
    ('TKT-00545', 5243, 1009, 494, 52.24, 'Reserved'),
    ('TKT-00546', 5243, 1009, 494, 52.24, 'Reserved'),
    ('TKT-00547', 5243, 1009, 494, 52.24, 'Reserved'),
    ('TKT-00548', 5244, 1011, 347, 140.26, 'Refunded'),
    ('TKT-00549', 5245, 1026, 418, 67.74, 'Refunded'),
    ('TKT-00550', 5245, 1026, 418, 67.74, 'Refunded'),
    ('TKT-00551', 5245, 1026, 418, 67.74, 'Refunded'),
    ('TKT-00552', 5249, 1121, 228, 34.19, 'Reserved'),
    ('TKT-00553', 5249, 1121, 228, 34.19, 'Purchased'),
    ('TKT-00554', 5249, 1121, 228, 34.19, 'Reserved'),
    ('TKT-00555', 5249, 1121, 228, 34.19, 'Reserved'),
    ('TKT-00556', 5250, 1029, 350, 89.48, 'Refunded'),
    ('TKT-00557', 5250, 1029, 350, 89.48, 'Reserved'),
    ('TKT-00558', 5250, 1029, 350, 89.48, 'Reserved'),
    ('TKT-00559', 5250, 1029, 350, 89.48, 'Reserved'),
    ('TKT-00560', 5250, 1029, 350, 89.48, 'Reserved'),
    ('TKT-00561', 5251, 1083, 456, 416.57, 'Reserved'),
    ('TKT-00562', 5252, 1050, 318, 27.68, 'Refunded'),
    ('TKT-00563', 5252, 1050, 318, 27.68, 'Reserved'),
    ('TKT-00564', 5252, 1050, 318, 27.68, 'Purchased'),
    ('TKT-00565', 5252, 1050, 318, 27.68, 'Reserved'),
    ('TKT-00566', 5253, 1026, 330, 92.32, 'Reserved'),
    ('TKT-00567', 5256, 1054, 296, 277.05, 'Purchased'),
    ('TKT-00568', 5257, 1083, 220, 61.83, 'Refunded'),
    ('TKT-00569', 5257, 1083, 220, 61.83, 'Reserved'),
    ('TKT-00570', 5257, 1083, 220, 61.83, 'Refunded'),
    ('TKT-00571', 5258, 1029, 331, 157.72, 'Refunded'),
    ('TKT-00572', 5258, 1029, 331, 157.72, 'Reserved'),
    ('TKT-00573', 5258, 1029, 331, 157.72, 'Reserved'),
    ('TKT-00574', 5260, 1171, 441, 38.84, 'Refunded'),
    ('TKT-00575', 5260, 1171, 441, 38.84, 'Refunded'),
    ('TKT-00576', 5260, 1171, 441, 38.84, 'Purchased'),
    ('TKT-00577', 5260, 1171, 441, 38.84, 'Reserved'),
    ('TKT-00578', 5264, 1150, 70, 30.8, 'Reserved'),
    ('TKT-00579', 5264, 1150, 70, 30.8, 'Reserved'),
    ('TKT-00580', 5266, 1184, 237, 160.05, 'Reserved'),
    ('TKT-00581', 5266, 1184, 237, 160.05, 'Reserved'),
    ('TKT-00582', 5266, 1184, 237, 160.05, 'Reserved'),
    ('TKT-00583', 5269, 1026, 214, 50.67, 'Refunded'),
    ('TKT-00584', 5269, 1026, 214, 50.67, 'Reserved'),
    ('TKT-00585', 5269, 1026, 214, 50.67, 'Purchased'),
    ('TKT-00586', 5269, 1026, 214, 50.67, 'Refunded'),
    ('TKT-00587', 5269, 1026, 214, 50.67, 'Purchased'),
    ('TKT-00588', 5270, 1089, 347, 7.38, 'Refunded'),
    ('TKT-00589', 5270, 1089, 347, 7.38, 'Purchased'),
    ('TKT-00590', 5270, 1089, 347, 7.38, 'Reserved'),
    ('TKT-00591', 5270, 1089, 347, 7.38, 'Refunded'),
    ('TKT-00592', 5271, 1031, 296, 36.59, 'Refunded'),
    ('TKT-00593', 5271, 1031, 296, 36.59, 'Refunded'),
    ('TKT-00594', 5272, 1158, 95, 70.53, 'Purchased'),
    ('TKT-00595', 5272, 1158, 95, 70.53, 'Refunded'),
    ('TKT-00596', 5273, 1178, 132, 43.78, 'Purchased'),
    ('TKT-00597', 5273, 1178, 132, 43.78, 'Purchased'),
    ('TKT-00598', 5273, 1178, 132, 43.78, 'Refunded'),
    ('TKT-00599', 5273, 1178, 132, 43.78, 'Reserved'),
    ('TKT-00600', 5275, 1040, 254, 75.45, 'Reserved'),
    ('TKT-00601', 5276, 1169, 286, 20.1, 'Reserved'),
    ('TKT-00602', 5276, 1169, 286, 20.1, 'Refunded'),
    ('TKT-00603', 5276, 1169, 286, 20.1, 'Purchased'),
    ('TKT-00604', 5276, 1169, 286, 20.1, 'Purchased'),
    ('TKT-00605', 5276, 1169, 286, 20.1, 'Purchased'),
    ('TKT-00606', 5277, 1100, 154, 157.45, 'Refunded'),
    ('TKT-00607', 5277, 1100, 154, 157.45, 'Refunded'),
    ('TKT-00608', 5279, 1079, 68, 415.6, 'Purchased'),
    ('TKT-00609', 5280, 1031, 19, 22.46, 'Refunded'),
    ('TKT-00610', 5280, 1031, 19, 22.46, 'Purchased'),
    ('TKT-00611', 5280, 1031, 19, 22.46, 'Reserved'),
    ('TKT-00612', 5280, 1031, 19, 22.46, 'Reserved'),
    ('TKT-00613', 5281, 1013, 291, 9.12, 'Refunded'),
    ('TKT-00614', 5281, 1013, 291, 9.12, 'Refunded'),
    ('TKT-00615', 5281, 1013, 291, 9.12, 'Reserved'),
    ('TKT-00616', 5283, 1108, 170, 59.18, 'Reserved'),
    ('TKT-00617', 5283, 1108, 170, 59.18, 'Refunded'),
    ('TKT-00618', 5283, 1108, 170, 59.18, 'Refunded'),
    ('TKT-00619', 5283, 1108, 170, 59.18, 'Reserved'),
    ('TKT-00620', 5283, 1108, 170, 59.18, 'Refunded'),
    ('TKT-00621', 5284, 1111, 221, 41.69, 'Refunded'),
    ('TKT-00622', 5284, 1111, 221, 41.69, 'Purchased'),
    ('TKT-00623', 5285, 1186, 433, 388.97, 'Reserved'),
    ('TKT-00624', 5286, 1151, 2, 85.11, 'Purchased'),
    ('TKT-00625', 5286, 1151, 2, 85.11, 'Purchased'),
    ('TKT-00626', 5286, 1151, 2, 85.11, 'Purchased'),
    ('TKT-00627', 5286, 1151, 2, 85.11, 'Purchased'),
    ('TKT-00628', 5287, 1135, 44, 112.06, 'Reserved'),
    ('TKT-00629', 5287, 1135, 44, 112.06, 'Purchased'),
    ('TKT-00630', 5287, 1135, 44, 112.06, 'Reserved'),
    ('TKT-00631', 5288, 1094, 3, 85.9, 'Purchased'),
    ('TKT-00632', 5288, 1094, 3, 85.9, 'Reserved'),
    ('TKT-00633', 5288, 1094, 3, 85.9, 'Purchased'),
    ('TKT-00634', 5288, 1094, 3, 85.9, 'Reserved'),
    ('TKT-00635', 5288, 1094, 3, 85.9, 'Reserved'),
    ('TKT-00636', 5289, 1188, 84, 100.35, 'Refunded'),
    ('TKT-00637', 5289, 1188, 84, 100.35, 'Reserved'),
    ('TKT-00638', 5289, 1188, 84, 100.35, 'Reserved'),
    ('TKT-00639', 5290, 1031, 211, 139.18, 'Refunded'),
    ('TKT-00640', 5291, 1159, 344, 112.35, 'Purchased'),
    ('TKT-00641', 5293, 1100, 276, 113.37, 'Refunded'),
    ('TKT-00642', 5293, 1100, 276, 113.37, 'Reserved'),
    ('TKT-00643', 5294, 1043, 440, 71.64, 'Reserved'),
    ('TKT-00644', 5294, 1043, 440, 71.64, 'Refunded'),
    ('TKT-00645', 5294, 1043, 440, 71.64, 'Purchased'),
    ('TKT-00646', 5294, 1043, 440, 71.64, 'Purchased'),
    ('TKT-00647', 5294, 1043, 440, 71.64, 'Purchased'),
    ('TKT-00648', 5296, 1180, 343, 27.19, 'Refunded'),
    ('TKT-00649', 5296, 1180, 343, 27.19, 'Reserved'),
    ('TKT-00650', 5296, 1180, 343, 27.19, 'Reserved'),
    ('TKT-00651', 5296, 1180, 343, 27.19, 'Reserved'),
    ('TKT-00652', 5300, 1090, 433, 59.98, 'Reserved'),
    ('TKT-00653', 5300, 1090, 433, 59.98, 'Purchased'),
    ('TKT-00654', 5300, 1090, 433, 59.98, 'Reserved'),
    ('TKT-00655', 5301, 1067, 154, 42.15, 'Reserved'),
    ('TKT-00656', 5301, 1067, 154, 42.15, 'Refunded'),
    ('TKT-00657', 5301, 1067, 154, 42.15, 'Purchased'),
    ('TKT-00658', 5301, 1067, 154, 42.15, 'Reserved'),
    ('TKT-00659', 5301, 1067, 154, 42.15, 'Reserved'),
    ('TKT-00660', 5302, 1175, 102, 118.97, 'Purchased'),
    ('TKT-00661', 5302, 1175, 102, 118.97, 'Reserved'),
    ('TKT-00662', 5306, 1158, 347, 452.7, 'Purchased'),
    ('TKT-00663', 5307, 1096, 232, 247.75, 'Refunded'),
    ('TKT-00664', 5307, 1096, 232, 247.75, 'Refunded'),
    ('TKT-00665', 5308, 1173, 401, 356.16, 'Purchased'),
    ('TKT-00666', 5309, 1155, 78, 147.96, 'Refunded'),
    ('TKT-00667', 5309, 1155, 78, 147.96, 'Refunded'),
    ('TKT-00668', 5311, 1110, 231, 34.09, 'Reserved'),
    ('TKT-00669', 5311, 1110, 231, 34.09, 'Reserved'),
    ('TKT-00670', 5311, 1110, 231, 34.09, 'Purchased'),
    ('TKT-00671', 5311, 1110, 231, 34.09, 'Refunded'),
    ('TKT-00672', 5311, 1110, 231, 34.09, 'Refunded'),
    ('TKT-00673', 5313, 1100, 67, 69.07, 'Reserved'),
    ('TKT-00674', 5313, 1100, 67, 69.07, 'Purchased'),
    ('TKT-00675', 5313, 1100, 67, 69.07, 'Reserved'),
    ('TKT-00676', 5314, 1067, 84, 15.43, 'Reserved'),
    ('TKT-00677', 5314, 1067, 84, 15.43, 'Refunded'),
    ('TKT-00678', 5314, 1067, 84, 15.43, 'Reserved'),
    ('TKT-00679', 5314, 1067, 84, 15.43, 'Refunded'),
    ('TKT-00680', 5314, 1067, 84, 15.43, 'Purchased'),
    ('TKT-00681', 5315, 1100, 79, 60.73, 'Refunded'),
    ('TKT-00682', 5315, 1100, 79, 60.73, 'Refunded'),
    ('TKT-00683', 5315, 1100, 79, 60.73, 'Refunded'),
    ('TKT-00684', 5316, 1196, 302, 496.03, 'Reserved'),
    ('TKT-00685', 5317, 1086, 273, 14.97, 'Refunded'),
    ('TKT-00686', 5317, 1086, 273, 14.97, 'Purchased'),
    ('TKT-00687', 5319, 1199, 403, 153.07, 'Purchased'),
    ('TKT-00688', 5319, 1199, 403, 153.07, 'Reserved'),
    ('TKT-00689', 5321, 1178, 318, 364.64, 'Purchased'),
    ('TKT-00690', 5323, 1180, 248, 103.95, 'Purchased'),
    ('TKT-00691', 5323, 1180, 248, 103.95, 'Reserved'),
    ('TKT-00692', 5323, 1180, 248, 103.95, 'Reserved'),
    ('TKT-00693', 5323, 1180, 248, 103.95, 'Reserved'),
    ('TKT-00694', 5324, 1100, 318, 96.92, 'Reserved'),
    ('TKT-00695', 5324, 1100, 318, 96.92, 'Purchased'),
    ('TKT-00696', 5324, 1100, 318, 96.92, 'Reserved'),
    ('TKT-00697', 5324, 1100, 318, 96.92, 'Purchased'),
    ('TKT-00698', 5324, 1100, 318, 96.92, 'Purchased'),
    ('TKT-00699', 5326, 1051, 145, 274.04, 'Purchased'),
    ('TKT-00700', 5327, 1044, 350, 83.41, 'Refunded'),
    ('TKT-00701', 5327, 1044, 350, 83.41, 'Reserved'),
    ('TKT-00702', 5327, 1044, 350, 83.41, 'Reserved'),
    ('TKT-00703', 5327, 1044, 350, 83.41, 'Refunded'),
    ('TKT-00704', 5328, 1037, 95, 9.68, 'Purchased'),
    ('TKT-00705', 5328, 1037, 95, 9.68, 'Reserved'),
    ('TKT-00706', 5328, 1037, 95, 9.68, 'Reserved'),
    ('TKT-00707', 5330, 1171, 222, 38.63, 'Purchased'),
    ('TKT-00708', 5330, 1171, 222, 38.63, 'Purchased'),
    ('TKT-00709', 5330, 1171, 222, 38.63, 'Refunded'),
    ('TKT-00710', 5331, 1083, 292, 43.09, 'Refunded'),
    ('TKT-00711', 5331, 1083, 292, 43.09, 'Purchased'),
    ('TKT-00712', 5331, 1083, 292, 43.09, 'Purchased'),
    ('TKT-00713', 5331, 1083, 292, 43.09, 'Refunded'),
    ('TKT-00714', 5331, 1083, 292, 43.09, 'Reserved'),
    ('TKT-00715', 5332, 1035, 440, 69.65, 'Refunded'),
    ('TKT-00716', 5332, 1035, 440, 69.65, 'Purchased'),
    ('TKT-00717', 5332, 1035, 440, 69.65, 'Reserved'),
    ('TKT-00718', 5334, 1171, 494, 122.6, 'Refunded'),
    ('TKT-00719', 5334, 1171, 494, 122.6, 'Refunded'),
    ('TKT-00720', 5334, 1171, 494, 122.6, 'Purchased'),
    ('TKT-00721', 5335, 1175, 115, 107.77, 'Reserved'),
    ('TKT-00722', 5335, 1175, 115, 107.77, 'Purchased'),
    ('TKT-00723', 5335, 1175, 115, 107.77, 'Refunded'),
    ('TKT-00724', 5335, 1175, 115, 107.77, 'Purchased'),
    ('TKT-00725', 5337, 1018, 20, 101.67, 'Purchased'),
    ('TKT-00726', 5337, 1018, 20, 101.67, 'Refunded'),
    ('TKT-00727', 5338, 1067, 146, 52.34, 'Reserved'),
    ('TKT-00728', 5339, 1107, 222, 60.83, 'Refunded'),
    ('TKT-00729', 5339, 1107, 222, 60.83, 'Refunded'),
    ('TKT-00730', 5341, 1195, 227, 10.14, 'Reserved'),
    ('TKT-00731', 5341, 1195, 227, 10.14, 'Refunded'),
    ('TKT-00732', 5341, 1195, 227, 10.14, 'Reserved'),
    ('TKT-00733', 5341, 1195, 227, 10.14, 'Reserved'),
    ('TKT-00734', 5341, 1195, 227, 10.14, 'Refunded'),
    ('TKT-00735', 5342, 1015, 19, 88.44, 'Reserved'),
    ('TKT-00736', 5342, 1015, 19, 88.44, 'Refunded'),
    ('TKT-00737', 5342, 1015, 19, 88.44, 'Purchased'),
    ('TKT-00738', 5343, 1157, 461, 139.62, 'Refunded'),
    ('TKT-00739', 5343, 1157, 461, 139.62, 'Purchased'),
    ('TKT-00740', 5343, 1157, 461, 139.62, 'Purchased'),
    ('TKT-00741', 5344, 1167, 334, 98.45, 'Purchased'),
    ('TKT-00742', 5344, 1167, 334, 98.45, 'Reserved'),
    ('TKT-00743', 5344, 1167, 334, 98.45, 'Refunded'),
    ('TKT-00744', 5346, 1090, 357, 101.03, 'Purchased'),
    ('TKT-00745', 5346, 1090, 357, 101.03, 'Reserved'),
    ('TKT-00746', 5346, 1090, 357, 101.03, 'Reserved'),
    ('TKT-00747', 5346, 1090, 357, 101.03, 'Purchased'),
    ('TKT-00748', 5347, 1121, 233, 129.18, 'Refunded'),
    ('TKT-00749', 5348, 1123, 465, 49.45, 'Purchased'),
    ('TKT-00750', 5348, 1123, 465, 49.45, 'Purchased'),
    ('TKT-00751', 5349, 1110, 195, 432.5, 'Refunded'),
    ('TKT-00752', 5350, 1174, 72, 16.08, 'Refunded'),
    ('TKT-00753', 5350, 1174, 72, 16.08, 'Reserved'),
    ('TKT-00754', 5350, 1174, 72, 16.08, 'Refunded'),
    ('TKT-00755', 5352, 1100, 210, 252.16, 'Refunded'),
    ('TKT-00756', 5354, 1016, 248, 90.0, 'Reserved'),
    ('TKT-00757', 5354, 1016, 248, 90.0, 'Refunded'),
    ('TKT-00758', 5354, 1016, 248, 90.0, 'Refunded'),
    ('TKT-00759', 5354, 1016, 248, 90.0, 'Purchased'),
    ('TKT-00760', 5355, 1053, 248, 64.9, 'Reserved'),
    ('TKT-00761', 5355, 1053, 248, 64.9, 'Reserved'),
    ('TKT-00762', 5355, 1053, 248, 64.9, 'Purchased'),
    ('TKT-00763', 5355, 1053, 248, 64.9, 'Reserved'),
    ('TKT-00764', 5355, 1053, 248, 64.9, 'Refunded'),
    ('TKT-00765', 5357, 1188, 232, 121.33, 'Purchased'),
    ('TKT-00766', 5357, 1188, 232, 121.33, 'Reserved'),
    ('TKT-00767', 5357, 1188, 232, 121.33, 'Refunded'),
    ('TKT-00768', 5358, 1108, 47, 33.0, 'Purchased'),
    ('TKT-00769', 5358, 1108, 47, 33.0, 'Refunded'),
    ('TKT-00770', 5358, 1108, 47, 33.0, 'Reserved'),
    ('TKT-00771', 5360, 1133, 10, 131.52, 'Purchased'),
    ('TKT-00772', 5360, 1133, 10, 131.52, 'Purchased'),
    ('TKT-00773', 5360, 1133, 10, 131.52, 'Reserved'),
    ('TKT-00774', 5361, 1017, 20, 91.98, 'Refunded'),
    ('TKT-00775', 5361, 1017, 20, 91.98, 'Reserved'),
    ('TKT-00776', 5361, 1017, 20, 91.98, 'Purchased'),
    ('TKT-00777', 5361, 1017, 20, 91.98, 'Refunded'),
    ('TKT-00778', 5361, 1017, 20, 91.98, 'Refunded'),
    ('TKT-00779', 5364, 1036, 31, 64.99, 'Reserved'),
    ('TKT-00780', 5364, 1036, 31, 64.99, 'Purchased'),
    ('TKT-00781', 5364, 1036, 31, 64.99, 'Refunded'),
    ('TKT-00782', 5364, 1036, 31, 64.99, 'Purchased'),
    ('TKT-00783', 5364, 1036, 31, 64.99, 'Reserved'),
    ('TKT-00784', 5367, 1015, 340, 21.99, 'Refunded'),
    ('TKT-00785', 5367, 1015, 340, 21.99, 'Refunded'),
    ('TKT-00786', 5367, 1015, 340, 21.99, 'Reserved'),
    ('TKT-00787', 5368, 1124, 334, 53.7, 'Refunded'),
    ('TKT-00788', 5368, 1124, 334, 53.7, 'Reserved'),
    ('TKT-00789', 5369, 1049, 393, 70.45, 'Purchased'),
    ('TKT-00790', 5369, 1049, 393, 70.45, 'Reserved'),
    ('TKT-00791', 5369, 1049, 393, 70.45, 'Refunded'),
    ('TKT-00792', 5369, 1049, 393, 70.45, 'Refunded'),
    ('TKT-00793', 5371, 1109, 390, 17.85, 'Purchased'),
    ('TKT-00794', 5371, 1109, 390, 17.85, 'Refunded'),
    ('TKT-00795', 5371, 1109, 390, 17.85, 'Purchased'),
    ('TKT-00796', 5371, 1109, 390, 17.85, 'Refunded'),
    ('TKT-00797', 5372, 1149, 132, 79.52, 'Refunded'),
    ('TKT-00798', 5372, 1149, 132, 79.52, 'Refunded'),
    ('TKT-00799', 5372, 1149, 132, 79.52, 'Refunded'),
    ('TKT-00800', 5372, 1149, 132, 79.52, 'Refunded'),
    ('TKT-00801', 5372, 1149, 132, 79.52, 'Refunded'),
    ('TKT-00802', 5373, 1079, 186, 64.2, 'Refunded'),
    ('TKT-00803', 5373, 1079, 186, 64.2, 'Refunded'),
    ('TKT-00804', 5373, 1079, 186, 64.2, 'Purchased'),
    ('TKT-00805', 5373, 1079, 186, 64.2, 'Refunded'),
    ('TKT-00806', 5373, 1079, 186, 64.2, 'Reserved'),
    ('TKT-00807', 5374, 1131, 331, 125.66, 'Refunded'),
    ('TKT-00808', 5374, 1131, 331, 125.66, 'Refunded'),
    ('TKT-00809', 5376, 1132, 497, 49.02, 'Purchased'),
    ('TKT-00810', 5376, 1132, 497, 49.02, 'Purchased'),
    ('TKT-00811', 5376, 1132, 497, 49.02, 'Refunded'),
    ('TKT-00812', 5377, 1189, 61, 168.16, 'Refunded'),
    ('TKT-00813', 5378, 1195, 137, 59.44, 'Reserved'),
    ('TKT-00814', 5378, 1195, 137, 59.44, 'Reserved'),
    ('TKT-00815', 5380, 1200, 396, 97.82, 'Refunded'),
    ('TKT-00816', 5380, 1200, 396, 97.82, 'Purchased'),
    ('TKT-00817', 5380, 1200, 396, 97.82, 'Purchased'),
    ('TKT-00818', 5380, 1200, 396, 97.82, 'Purchased'),
    ('TKT-00819', 5380, 1200, 396, 97.82, 'Reserved'),
    ('TKT-00820', 5381, 1140, 347, 89.31, 'Purchased'),
    ('TKT-00821', 5381, 1140, 347, 89.31, 'Purchased'),
    ('TKT-00822', 5381, 1140, 347, 89.31, 'Refunded'),
    ('TKT-00823', 5381, 1140, 347, 89.31, 'Refunded'),
    ('TKT-00824', 5381, 1140, 347, 89.31, 'Refunded'),
    ('TKT-00825', 5385, 1174, 484, 31.07, 'Reserved'),
    ('TKT-00826', 5385, 1174, 484, 31.07, 'Purchased'),
    ('TKT-00827', 5385, 1174, 484, 31.07, 'Refunded'),
    ('TKT-00828', 5385, 1174, 484, 31.07, 'Refunded'),
    ('TKT-00829', 5386, 1123, 330, 82.77, 'Purchased'),
    ('TKT-00830', 5386, 1123, 330, 82.77, 'Refunded'),
    ('TKT-00831', 5386, 1123, 330, 82.77, 'Refunded'),
    ('TKT-00832', 5386, 1123, 330, 82.77, 'Purchased'),
    ('TKT-00833', 5387, 1188, 95, 5.74, 'Reserved'),
    ('TKT-00834', 5387, 1188, 95, 5.74, 'Reserved'),
    ('TKT-00835', 5387, 1188, 95, 5.74, 'Reserved'),
    ('TKT-00836', 5387, 1188, 95, 5.74, 'Purchased'),
    ('TKT-00837', 5388, 1108, 130, 75.22, 'Purchased'),
    ('TKT-00838', 5388, 1108, 130, 75.22, 'Reserved'),
    ('TKT-00839', 5388, 1108, 130, 75.22, 'Refunded'),
    ('TKT-00840', 5388, 1108, 130, 75.22, 'Reserved'),
    ('TKT-00841', 5392, 1113, 59, 77.61, 'Reserved'),
    ('TKT-00842', 5392, 1113, 59, 77.61, 'Reserved'),
    ('TKT-00843', 5392, 1113, 59, 77.61, 'Reserved'),
    ('TKT-00844', 5392, 1113, 59, 77.61, 'Purchased'),
    ('TKT-00845', 5393, 1077, 6, 26.5, 'Refunded'),
    ('TKT-00846', 5393, 1077, 6, 26.5, 'Purchased'),
    ('TKT-00847', 5393, 1077, 6, 26.5, 'Refunded'),
    ('TKT-00848', 5393, 1077, 6, 26.5, 'Reserved'),
    ('TKT-00849', 5393, 1077, 6, 26.5, 'Reserved'),
    ('TKT-00850', 5394, 1115, 350, 20.08, 'Reserved'),
    ('TKT-00851', 5394, 1115, 350, 20.08, 'Refunded'),
    ('TKT-00852', 5394, 1115, 350, 20.08, 'Refunded'),
    ('TKT-00853', 5394, 1115, 350, 20.08, 'Refunded'),
    ('TKT-00854', 5394, 1115, 350, 20.08, 'Purchased'),
    ('TKT-00855', 5395, 1179, 441, 82.68, 'Reserved'),
    ('TKT-00856', 5395, 1179, 441, 82.68, 'Refunded'),
    ('TKT-00857', 5395, 1179, 441, 82.68, 'Purchased'),
    ('TKT-00858', 5395, 1179, 441, 82.68, 'Purchased'),
    ('TKT-00859', 5397, 1017, 465, 80.54, 'Reserved'),
    ('TKT-00860', 5397, 1017, 465, 80.54, 'Reserved'),
    ('TKT-00861', 5397, 1017, 465, 80.54, 'Reserved'),
    ('TKT-00862', 5397, 1017, 465, 80.54, 'Reserved'),
    ('TKT-00863', 5397, 1017, 465, 80.54, 'Refunded'),
    ('TKT-00864', 5398, 1077, 170, 138.79, 'Purchased'),
    ('TKT-00865', 5398, 1077, 170, 138.79, 'Purchased'),
    ('TKT-00866', 5399, 1034, 388, 84.72, 'Purchased'),
    ('TKT-00867', 5399, 1034, 388, 84.72, 'Reserved'),
    ('TKT-00868', 5399, 1034, 388, 84.72, 'Purchased'),
    ('TKT-00869', 5399, 1034, 388, 84.72, 'Refunded'),
    ('TKT-00870', 5400, 1174, 275, 420.51, 'Refunded'),
    ('TKT-00871', 5401, 1091, 246, 96.59, 'Purchased'),
    ('TKT-00872', 5401, 1091, 246, 96.59, 'Purchased'),
    ('TKT-00873', 5401, 1091, 246, 96.59, 'Reserved'),
    ('TKT-00874', 5401, 1091, 246, 96.59, 'Refunded'),
    ('TKT-00875', 5401, 1091, 246, 96.59, 'Purchased'),
    ('TKT-00876', 5402, 1032, 345, 411.89, 'Refunded'),
    ('TKT-00877', 5403, 1120, 292, 124.11, 'Reserved'),
    ('TKT-00878', 5403, 1120, 292, 124.11, 'Refunded'),
    ('TKT-00879', 5403, 1120, 292, 124.11, 'Refunded'),
    ('TKT-00880', 5403, 1120, 292, 124.11, 'Refunded'),
    ('TKT-00881', 5404, 1049, 119, 9.37, 'Purchased'),
    ('TKT-00882', 5404, 1049, 119, 9.37, 'Reserved'),
    ('TKT-00883', 5404, 1049, 119, 9.37, 'Refunded'),
    ('TKT-00884', 5405, 1018, 330, 231.27, 'Reserved'),
    ('TKT-00885', 5405, 1018, 330, 231.27, 'Purchased'),
    ('TKT-00886', 5406, 1079, 20, 66.0, 'Refunded'),
    ('TKT-00887', 5406, 1079, 20, 66.0, 'Reserved'),
    ('TKT-00888', 5406, 1079, 20, 66.0, 'Refunded'),
    ('TKT-00889', 5406, 1079, 20, 66.0, 'Refunded'),
    ('TKT-00890', 5406, 1079, 20, 66.0, 'Reserved'),
    ('TKT-00891', 5407, 1136, 220, 86.09, 'Purchased'),
    ('TKT-00892', 5407, 1136, 220, 86.09, 'Refunded'),
    ('TKT-00893', 5408, 1158, 145, 97.22, 'Purchased'),
    ('TKT-00894', 5408, 1158, 145, 97.22, 'Purchased'),
    ('TKT-00895', 5408, 1158, 145, 97.22, 'Refunded'),
    ('TKT-00896', 5408, 1158, 145, 97.22, 'Refunded'),
    ('TKT-00897', 5409, 1079, 147, 94.38, 'Purchased'),
    ('TKT-00898', 5409, 1079, 147, 94.38, 'Refunded'),
    ('TKT-00899', 5409, 1079, 147, 94.38, 'Reserved'),
    ('TKT-00900', 5409, 1079, 147, 94.38, 'Reserved'),
    ('TKT-00901', 5409, 1079, 147, 94.38, 'Refunded'),
    ('TKT-00902', 5410, 1141, 115, 101.47, 'Reserved'),
    ('TKT-00903', 5410, 1141, 115, 101.47, 'Refunded'),
    ('TKT-00904', 5410, 1141, 115, 101.47, 'Reserved'),
    ('TKT-00905', 5410, 1141, 115, 101.47, 'Reserved'),
    ('TKT-00906', 5411, 1027, 451, 95.09, 'Purchased'),
    ('TKT-00907', 5411, 1027, 451, 95.09, 'Reserved'),
    ('TKT-00908', 5411, 1027, 451, 95.09, 'Reserved'),
    ('TKT-00909', 5411, 1027, 451, 95.09, 'Refunded'),
    ('TKT-00910', 5411, 1027, 451, 95.09, 'Refunded'),
    ('TKT-00911', 5412, 1018, 158, 36.48, 'Refunded'),
    ('TKT-00912', 5412, 1018, 158, 36.48, 'Reserved'),
    ('TKT-00913', 5412, 1018, 158, 36.48, 'Purchased'),
    ('TKT-00914', 5412, 1018, 158, 36.48, 'Refunded'),
    ('TKT-00915', 5413, 1121, 424, 213.99, 'Purchased'),
    ('TKT-00916', 5413, 1121, 424, 213.99, 'Reserved'),
    ('TKT-00917', 5414, 1055, 211, 160.58, 'Refunded'),
    ('TKT-00918', 5414, 1055, 211, 160.58, 'Reserved'),
    ('TKT-00919', 5414, 1055, 211, 160.58, 'Purchased'),
    ('TKT-00920', 5415, 1164, 154, 21.25, 'Reserved'),
    ('TKT-00921', 5415, 1164, 154, 21.25, 'Reserved'),
    ('TKT-00922', 5415, 1164, 154, 21.25, 'Reserved'),
    ('TKT-00923', 5415, 1164, 154, 21.25, 'Purchased'),
    ('TKT-00924', 5416, 1182, 4, 234.03, 'Refunded'),
    ('TKT-00925', 5416, 1182, 4, 234.03, 'Reserved'),
    ('TKT-00926', 5417, 1079, 296, 61.32, 'Refunded'),
    ('TKT-00927', 5417, 1079, 296, 61.32, 'Purchased'),
    ('TKT-00928', 5417, 1079, 296, 61.32, 'Purchased'),
    ('TKT-00929', 5419, 1073, 275, 84.33, 'Reserved'),
    ('TKT-00930', 5419, 1073, 275, 84.33, 'Refunded'),
    ('TKT-00931', 5419, 1073, 275, 84.33, 'Purchased'),
    ('TKT-00932', 5420, 1150, 222, 68.71, 'Refunded'),
    ('TKT-00933', 5420, 1150, 222, 68.71, 'Refunded'),
    ('TKT-00934', 5420, 1150, 222, 68.71, 'Refunded'),
    ('TKT-00935', 5421, 1191, 388, 50.99, 'Reserved'),
    ('TKT-00936', 5421, 1191, 388, 50.99, 'Refunded'),
    ('TKT-00937', 5421, 1191, 388, 50.99, 'Refunded'),
    ('TKT-00938', 5422, 1012, 112, 15.88, 'Reserved'),
    ('TKT-00939', 5422, 1012, 112, 15.88, 'Refunded'),
    ('TKT-00940', 5423, 1090, 291, 231.5, 'Purchased'),
    ('TKT-00941', 5423, 1090, 291, 231.5, 'Reserved'),
    ('TKT-00942', 5424, 1147, 376, 408.42, 'Reserved'),
    ('TKT-00943', 5425, 1101, 275, 80.59, 'Refunded'),
    ('TKT-00944', 5425, 1101, 275, 80.59, 'Reserved'),
    ('TKT-00945', 5425, 1101, 275, 80.59, 'Purchased'),
    ('TKT-00946', 5425, 1101, 275, 80.59, 'Purchased'),
    ('TKT-00947', 5425, 1101, 275, 80.59, 'Refunded'),
    ('TKT-00948', 5426, 1178, 130, 54.91, 'Purchased'),
    ('TKT-00949', 5426, 1178, 130, 54.91, 'Reserved'),
    ('TKT-00950', 5426, 1178, 130, 54.91, 'Refunded'),
    ('TKT-00951', 5426, 1178, 130, 54.91, 'Reserved'),
    ('TKT-00952', 5426, 1178, 130, 54.91, 'Refunded'),
    ('TKT-00953', 5427, 1035, 119, 175.22, 'Purchased'),
    ('TKT-00954', 5427, 1035, 119, 175.22, 'Purchased'),
    ('TKT-00955', 5428, 1143, 25, 108.34, 'Refunded'),
    ('TKT-00956', 5428, 1143, 25, 108.34, 'Reserved'),
    ('TKT-00957', 5428, 1143, 25, 108.34, 'Refunded'),
    ('TKT-00958', 5428, 1143, 25, 108.34, 'Refunded'),
    ('TKT-00959', 5430, 1044, 195, 17.82, 'Reserved'),
    ('TKT-00960', 5430, 1044, 195, 17.82, 'Purchased'),
    ('TKT-00961', 5430, 1044, 195, 17.82, 'Refunded'),
    ('TKT-00962', 5430, 1044, 195, 17.82, 'Purchased'),
    ('TKT-00963', 5430, 1044, 195, 17.82, 'Reserved'),
    ('TKT-00964', 5431, 1100, 4, 63.12, 'Refunded'),
    ('TKT-00965', 5431, 1100, 4, 63.12, 'Refunded'),
    ('TKT-00966', 5431, 1100, 4, 63.12, 'Refunded'),
    ('TKT-00967', 5431, 1100, 4, 63.12, 'Reserved'),
    ('TKT-00968', 5434, 1186, 176, 130.48, 'Refunded'),
    ('TKT-00969', 5435, 1194, 433, 43.51, 'Refunded'),
    ('TKT-00970', 5435, 1194, 433, 43.51, 'Purchased'),
    ('TKT-00971', 5435, 1194, 433, 43.51, 'Purchased'),
    ('TKT-00972', 5435, 1194, 433, 43.51, 'Refunded'),
    ('TKT-00973', 5436, 1169, 499, 204.41, 'Refunded'),
    ('TKT-00974', 5436, 1169, 499, 204.41, 'Purchased'),
    ('TKT-00975', 5438, 1193, 233, 499.01, 'Purchased'),
    ('TKT-00976', 5439, 1076, 146, 12.03, 'Refunded'),
    ('TKT-00977', 5439, 1076, 146, 12.03, 'Purchased'),
    ('TKT-00978', 5439, 1076, 146, 12.03, 'Reserved'),
    ('TKT-00979', 5439, 1076, 146, 12.03, 'Refunded'),
    ('TKT-00980', 5439, 1076, 146, 12.03, 'Reserved'),
    ('TKT-00981', 5440, 1032, 135, 46.25, 'Refunded'),
    ('TKT-00982', 5440, 1032, 135, 46.25, 'Reserved'),
    ('TKT-00983', 5440, 1032, 135, 46.25, 'Refunded'),
    ('TKT-00984', 5440, 1032, 135, 46.25, 'Reserved'),
    ('TKT-00985', 5440, 1032, 135, 46.25, 'Purchased'),
    ('TKT-00986', 5443, 1024, 331, 27.58, 'Refunded'),
    ('TKT-00987', 5443, 1024, 331, 27.58, 'Refunded'),
    ('TKT-00988', 5443, 1024, 331, 27.58, 'Refunded'),
    ('TKT-00989', 5444, 1171, 435, 166.62, 'Refunded'),
    ('TKT-00990', 5444, 1171, 435, 166.62, 'Reserved'),
    ('TKT-00991', 5444, 1171, 435, 166.62, 'Reserved'),
    ('TKT-00992', 5446, 1107, 492, 48.04, 'Reserved'),
    ('TKT-00993', 5446, 1107, 492, 48.04, 'Reserved'),
    ('TKT-00994', 5446, 1107, 492, 48.04, 'Refunded'),
    ('TKT-00995', 5447, 1198, 494, 91.57, 'Refunded'),
    ('TKT-00996', 5447, 1198, 494, 91.57, 'Reserved'),
    ('TKT-00997', 5447, 1198, 494, 91.57, 'Reserved'),
    ('TKT-00998', 5447, 1198, 494, 91.57, 'Refunded'),
    ('TKT-00999', 5447, 1198, 494, 91.57, 'Reserved'),
    ('TKT-01000', 5448, 1084, 441, 333.47, 'Reserved'),
    ('TKT-01001', 5449, 1034, 393, 59.65, 'Reserved'),
    ('TKT-01002', 5450, 1052, 274, 98.64, 'Reserved'),
    ('TKT-01003', 5450, 1052, 274, 98.64, 'Refunded'),
    ('TKT-01004', 5450, 1052, 274, 98.64, 'Refunded'),
    ('TKT-01005', 5451, 1122, 186, 72.71, 'Reserved'),
    ('TKT-01006', 5451, 1122, 186, 72.71, 'Reserved'),
    ('TKT-01007', 5451, 1122, 186, 72.71, 'Refunded'),
    ('TKT-01008', 5451, 1122, 186, 72.71, 'Purchased'),
    ('TKT-01009', 5451, 1122, 186, 72.71, 'Reserved'),
    ('TKT-01010', 5452, 1169, 352, 4.36, 'Purchased'),
    ('TKT-01011', 5452, 1169, 352, 4.36, 'Purchased'),
    ('TKT-01012', 5452, 1169, 352, 4.36, 'Reserved'),
    ('TKT-01013', 5452, 1169, 352, 4.36, 'Refunded'),
    ('TKT-01014', 5452, 1169, 352, 4.36, 'Reserved'),
    ('TKT-01015', 5453, 1158, 202, 36.48, 'Purchased'),
    ('TKT-01016', 5453, 1158, 202, 36.48, 'Refunded'),
    ('TKT-01017', 5453, 1158, 202, 36.48, 'Purchased'),
    ('TKT-01018', 5456, 1181, 393, 83.98, 'Purchased'),
    ('TKT-01019', 5456, 1181, 393, 83.98, 'Purchased'),
    ('TKT-01020', 5456, 1181, 393, 83.98, 'Refunded'),
    ('TKT-01021', 5456, 1181, 393, 83.98, 'Purchased'),
    ('TKT-01022', 5458, 1178, 263, 25.48, 'Reserved'),
    ('TKT-01023', 5458, 1178, 263, 25.48, 'Purchased'),
    ('TKT-01024', 5458, 1178, 263, 25.48, 'Purchased'),
    ('TKT-01025', 5459, 1027, 331, 35.44, 'Reserved'),
    ('TKT-01026', 5459, 1027, 331, 35.44, 'Purchased'),
    ('TKT-01027', 5459, 1027, 331, 35.44, 'Refunded'),
    ('TKT-01028', 5459, 1027, 331, 35.44, 'Refunded'),
    ('TKT-01029', 5459, 1027, 331, 35.44, 'Refunded'),
    ('TKT-01030', 5460, 1119, 403, 86.76, 'Refunded'),
    ('TKT-01031', 5460, 1119, 403, 86.76, 'Reserved'),
    ('TKT-01032', 5460, 1119, 403, 86.76, 'Reserved'),
    ('TKT-01033', 5460, 1119, 403, 86.76, 'Purchased'),
    ('TKT-01034', 5460, 1119, 403, 86.76, 'Reserved'),
    ('TKT-01035', 5465, 1077, 3, 143.98, 'Purchased'),
    ('TKT-01036', 5465, 1077, 3, 143.98, 'Reserved'),
    ('TKT-01037', 5465, 1077, 3, 143.98, 'Reserved'),
    ('TKT-01038', 5466, 1042, 76, 182.79, 'Refunded'),
    ('TKT-01039', 5467, 1059, 292, 432.74, 'Refunded'),
    ('TKT-01040', 5468, 1171, 489, 205.76, 'Refunded'),
    ('TKT-01041', 5468, 1171, 489, 205.76, 'Refunded'),
    ('TKT-01042', 5469, 1173, 492, 40.85, 'Reserved'),
    ('TKT-01043', 5469, 1173, 492, 40.85, 'Purchased'),
    ('TKT-01044', 5469, 1173, 492, 40.85, 'Purchased'),
    ('TKT-01045', 5469, 1173, 492, 40.85, 'Purchased'),
    ('TKT-01046', 5469, 1173, 492, 40.85, 'Reserved'),
    ('TKT-01047', 5470, 1171, 70, 58.69, 'Refunded'),
    ('TKT-01048', 5470, 1171, 70, 58.69, 'Purchased'),
    ('TKT-01049', 5470, 1171, 70, 58.69, 'Purchased'),
    ('TKT-01050', 5470, 1171, 70, 58.69, 'Reserved'),
    ('TKT-01051', 5470, 1171, 70, 58.69, 'Reserved'),
    ('TKT-01052', 5471, 1091, 286, 135.55, 'Purchased'),
    ('TKT-01053', 5471, 1091, 286, 135.55, 'Reserved'),
    ('TKT-01054', 5471, 1091, 286, 135.55, 'Purchased'),
    ('TKT-01055', 5472, 1110, 108, 286.31, 'Purchased'),
    ('TKT-01056', 5473, 1123, 433, 85.51, 'Purchased'),
    ('TKT-01057', 5474, 1112, 446, 132.27, 'Purchased'),
    ('TKT-01058', 5474, 1112, 446, 132.27, 'Reserved'),
    ('TKT-01059', 5474, 1112, 446, 132.27, 'Purchased'),
    ('TKT-01060', 5476, 1057, 209, 58.26, 'Purchased'),
    ('TKT-01061', 5476, 1057, 209, 58.26, 'Purchased'),
    ('TKT-01062', 5477, 1196, 135, 93.12, 'Refunded'),
    ('TKT-01063', 5477, 1196, 135, 93.12, 'Purchased'),
    ('TKT-01064', 5477, 1196, 135, 93.12, 'Reserved'),
    ('TKT-01065', 5477, 1196, 135, 93.12, 'Refunded'),
    ('TKT-01066', 5478, 1133, 30, 7.25, 'Purchased'),
    ('TKT-01067', 5478, 1133, 30, 7.25, 'Reserved'),
    ('TKT-01068', 5478, 1133, 30, 7.25, 'Reserved'),
    ('TKT-01069', 5478, 1133, 30, 7.25, 'Reserved'),
    ('TKT-01070', 5478, 1133, 30, 7.25, 'Refunded'),
    ('TKT-01071', 5479, 1061, 161, 27.18, 'Purchased'),
    ('TKT-01072', 5479, 1061, 161, 27.18, 'Reserved'),
    ('TKT-01073', 5479, 1061, 161, 27.18, 'Refunded'),
    ('TKT-01074', 5479, 1061, 161, 27.18, 'Purchased'),
    ('TKT-01075', 5480, 1056, 380, 27.44, 'Purchased'),
    ('TKT-01076', 5480, 1056, 380, 27.44, 'Refunded'),
    ('TKT-01077', 5480, 1056, 380, 27.44, 'Refunded'),
    ('TKT-01078', 5480, 1056, 380, 27.44, 'Refunded'),
    ('TKT-01079', 5481, 1158, 421, 105.06, 'Purchased'),
    ('TKT-01080', 5482, 1148, 97, 6.04, 'Purchased'),
    ('TKT-01081', 5482, 1148, 97, 6.04, 'Purchased'),
    ('TKT-01082', 5482, 1148, 97, 6.04, 'Refunded'),
    ('TKT-01083', 5482, 1148, 97, 6.04, 'Reserved'),
    ('TKT-01084', 5483, 1124, 201, 38.75, 'Reserved'),
    ('TKT-01085', 5483, 1124, 201, 38.75, 'Reserved'),
    ('TKT-01086', 5483, 1124, 201, 38.75, 'Purchased'),
    ('TKT-01087', 5483, 1124, 201, 38.75, 'Reserved'),
    ('TKT-01088', 5484, 1049, 440, 89.22, 'Purchased'),
    ('TKT-01089', 5484, 1049, 440, 89.22, 'Refunded'),
    ('TKT-01090', 5484, 1049, 440, 89.22, 'Reserved'),
    ('TKT-01091', 5484, 1049, 440, 89.22, 'Refunded'),
    ('TKT-01092', 5485, 1134, 340, 476.85, 'Reserved'),
    ('TKT-01093', 5486, 1178, 99, 96.95, 'Purchased'),
    ('TKT-01094', 5486, 1178, 99, 96.95, 'Reserved'),
    ('TKT-01095', 5486, 1178, 99, 96.95, 'Refunded'),
    ('TKT-01096', 5487, 1040, 67, 85.97, 'Purchased'),
    ('TKT-01097', 5487, 1040, 67, 85.97, 'Purchased'),
    ('TKT-01098', 5487, 1040, 67, 85.97, 'Refunded'),
    ('TKT-01099', 5487, 1040, 67, 85.97, 'Refunded'),
    ('TKT-01100', 5487, 1040, 67, 85.97, 'Refunded'),
    ('TKT-01101', 5488, 1111, 347, 159.61, 'Refunded'),
    ('TKT-01102', 5488, 1111, 347, 159.61, 'Refunded'),
    ('TKT-01103', 5488, 1111, 347, 159.61, 'Reserved'),
    ('TKT-01104', 5489, 1197, 211, 156.54, 'Refunded'),
    ('TKT-01105', 5489, 1197, 211, 156.54, 'Refunded'),
    ('TKT-01106', 5490, 1120, 162, 71.93, 'Reserved'),
    ('TKT-01107', 5490, 1120, 162, 71.93, 'Purchased'),
    ('TKT-01108', 5490, 1120, 162, 71.93, 'Purchased'),
    ('TKT-01109', 5490, 1120, 162, 71.93, 'Purchased'),
    ('TKT-01110', 5490, 1120, 162, 71.93, 'Reserved'),
    ('TKT-01111', 5491, 1029, 416, 156.26, 'Purchased'),
    ('TKT-01112', 5491, 1029, 416, 156.26, 'Purchased'),
    ('TKT-01113', 5492, 1083, 433, 13.98, 'Purchased'),
    ('TKT-01114', 5492, 1083, 433, 13.98, 'Reserved'),
    ('TKT-01115', 5492, 1083, 433, 13.98, 'Refunded'),
    ('TKT-01116', 5492, 1083, 433, 13.98, 'Purchased'),
    ('TKT-01117', 5493, 1121, 118, 118.8, 'Reserved'),
    ('TKT-01118', 5493, 1121, 118, 118.8, 'Purchased'),
    ('TKT-01119', 5494, 1070, 487, 107.26, 'Reserved'),
    ('TKT-01120', 5494, 1070, 487, 107.26, 'Reserved'),
    ('TKT-01121', 5494, 1070, 487, 107.26, 'Reserved'),
    ('TKT-01122', 5494, 1070, 487, 107.26, 'Refunded'),
    ('TKT-01123', 5496, 1122, 7, 36.12, 'Reserved'),
    ('TKT-01124', 5496, 1122, 7, 36.12, 'Reserved'),
    ('TKT-01125', 5497, 1158, 314, 16.68, 'Purchased'),
    ('TKT-01126', 5497, 1158, 314, 16.68, 'Reserved'),
    ('TKT-01127', 5499, 1083, 176, 74.11, 'Refunded'),
    ('TKT-01128', 5499, 1083, 176, 74.11, 'Purchased'),
    ('TKT-01129', 5499, 1083, 176, 74.11, 'Reserved'),
    ('TKT-01130', 5499, 1083, 176, 74.11, 'Purchased'),
    ('TKT-01131', 5501, 1171, 7, 48.38, 'Refunded'),
    ('TKT-01132', 5501, 1171, 7, 48.38, 'Refunded'),
    ('TKT-01133', 5501, 1171, 7, 48.38, 'Refunded'),
    ('TKT-01134', 5501, 1171, 7, 48.38, 'Reserved'),
    ('TKT-01135', 5503, 1151, 317, 97.61, 'Purchased'),
    ('TKT-01136', 5503, 1151, 317, 97.61, 'Reserved'),
    ('TKT-01137', 5503, 1151, 317, 97.61, 'Purchased'),
    ('TKT-01138', 5505, 1029, 135, 26.91, 'Refunded'),
    ('TKT-01139', 5505, 1029, 135, 26.91, 'Refunded'),
    ('TKT-01140', 5505, 1029, 135, 26.91, 'Reserved'),
    ('TKT-01141', 5506, 1121, 465, 72.6, 'Purchased'),
    ('TKT-01142', 5507, 1074, 232, 227.66, 'Refunded'),
    ('TKT-01143', 5507, 1074, 232, 227.66, 'Purchased'),
    ('TKT-01144', 5508, 1121, 20, 75.82, 'Refunded'),
    ('TKT-01145', 5508, 1121, 20, 75.82, 'Refunded'),
    ('TKT-01146', 5508, 1121, 20, 75.82, 'Reserved'),
    ('TKT-01147', 5508, 1121, 20, 75.82, 'Reserved'),
    ('TKT-01148', 5508, 1121, 20, 75.82, 'Reserved'),
    ('TKT-01149', 5509, 1150, 118, 87.94, 'Reserved'),
    ('TKT-01150', 5509, 1150, 118, 87.94, 'Purchased'),
    ('TKT-01151', 5509, 1150, 118, 87.94, 'Refunded'),
    ('TKT-01152', 5511, 1039, 59, 73.78, 'Reserved'),
    ('TKT-01153', 5511, 1039, 59, 73.78, 'Refunded'),
    ('TKT-01154', 5516, 1014, 158, 101.98, 'Purchased'),
    ('TKT-01155', 5516, 1014, 158, 101.98, 'Reserved'),
    ('TKT-01156', 5517, 1077, 397, 233.47, 'Reserved'),
    ('TKT-01157', 5517, 1077, 397, 233.47, 'Reserved'),
    ('TKT-01158', 5519, 1130, 297, 421.51, 'Refunded'),
    ('TKT-01159', 5520, 1079, 158, 46.23, 'Reserved'),
    ('TKT-01160', 5520, 1079, 158, 46.23, 'Refunded'),
    ('TKT-01161', 5520, 1079, 158, 46.23, 'Refunded'),
    ('TKT-01162', 5520, 1079, 158, 46.23, 'Purchased'),
    ('TKT-01163', 5520, 1079, 158, 46.23, 'Purchased'),
    ('TKT-01164', 5521, 1122, 78, 127.67, 'Refunded'),
    ('TKT-01165', 5521, 1122, 78, 127.67, 'Purchased'),
    ('TKT-01166', 5524, 1165, 3, 123.49, 'Purchased'),
    ('TKT-01167', 5524, 1165, 3, 123.49, 'Refunded'),
    ('TKT-01168', 5524, 1165, 3, 123.49, 'Refunded'),
    ('TKT-01169', 5525, 1078, 100, 131.01, 'Purchased'),
    ('TKT-01170', 5525, 1078, 100, 131.01, 'Reserved'),
    ('TKT-01171', 5526, 1073, 380, 217.77, 'Purchased'),
    ('TKT-01172', 5527, 1132, 347, 41.83, 'Reserved'),
    ('TKT-01173', 5527, 1132, 347, 41.83, 'Refunded'),
    ('TKT-01174', 5527, 1132, 347, 41.83, 'Reserved'),
    ('TKT-01175', 5527, 1132, 347, 41.83, 'Reserved'),
    ('TKT-01176', 5527, 1132, 347, 41.83, 'Refunded'),
    ('TKT-01177', 5528, 1083, 446, 285.63, 'Reserved'),
    ('TKT-01178', 5529, 1084, 384, 67.21, 'Reserved'),
    ('TKT-01179', 5529, 1084, 384, 67.21, 'Refunded'),
    ('TKT-01180', 5529, 1084, 384, 67.21, 'Reserved'),
    ('TKT-01181', 5530, 1107, 4, 268.25, 'Purchased'),
    ('TKT-01182', 5531, 1063, 154, 65.41, 'Purchased'),
    ('TKT-01183', 5531, 1063, 154, 65.41, 'Refunded'),
    ('TKT-01184', 5531, 1063, 154, 65.41, 'Refunded'),
    ('TKT-01185', 5532, 1181, 73, 67.33, 'Purchased'),
    ('TKT-01186', 5532, 1181, 73, 67.33, 'Reserved'),
    ('TKT-01187', 5532, 1181, 73, 67.33, 'Purchased'),
    ('TKT-01188', 5533, 1029, 276, 205.07, 'Refunded'),
    ('TKT-01189', 5534, 1126, 350, 77.48, 'Purchased'),
    ('TKT-01190', 5535, 1035, 487, 224.75, 'Purchased'),
    ('TKT-01191', 5535, 1035, 487, 224.75, 'Refunded'),
    ('TKT-01192', 5536, 1009, 223, 21.86, 'Purchased'),
    ('TKT-01193', 5536, 1009, 223, 21.86, 'Reserved'),
    ('TKT-01194', 5536, 1009, 223, 21.86, 'Reserved'),
    ('TKT-01195', 5536, 1009, 223, 21.86, 'Refunded'),
    ('TKT-01196', 5536, 1009, 223, 21.86, 'Reserved'),
    ('TKT-01197', 5537, 1190, 123, 95.88, 'Purchased'),
    ('TKT-01198', 5537, 1190, 123, 95.88, 'Reserved'),
    ('TKT-01199', 5537, 1190, 123, 95.88, 'Refunded'),
    ('TKT-01200', 5538, 1124, 10, 51.92, 'Refunded'),
    ('TKT-01201', 5538, 1124, 10, 51.92, 'Refunded'),
    ('TKT-01202', 5538, 1124, 10, 51.92, 'Reserved'),
    ('TKT-01203', 5538, 1124, 10, 51.92, 'Refunded'),
    ('TKT-01204', 5538, 1124, 10, 51.92, 'Refunded'),
    ('TKT-01205', 5539, 1173, 234, 93.4, 'Reserved'),
    ('TKT-01206', 5539, 1173, 234, 93.4, 'Reserved'),
    ('TKT-01207', 5542, 1125, 202, 28.43, 'Reserved'),
    ('TKT-01208', 5542, 1125, 202, 28.43, 'Purchased'),
    ('TKT-01209', 5542, 1125, 202, 28.43, 'Reserved'),
    ('TKT-01210', 5542, 1125, 202, 28.43, 'Reserved'),
    ('TKT-01211', 5542, 1125, 202, 28.43, 'Refunded'),
    ('TKT-01212', 5544, 1064, 231, 86.59, 'Refunded'),
    ('TKT-01213', 5544, 1064, 231, 86.59, 'Purchased'),
    ('TKT-01214', 5544, 1064, 231, 86.59, 'Purchased'),
    ('TKT-01215', 5545, 1092, 147, 24.27, 'Reserved'),
    ('TKT-01216', 5545, 1092, 147, 24.27, 'Purchased'),
    ('TKT-01217', 5545, 1092, 147, 24.27, 'Reserved'),
    ('TKT-01218', 5546, 1154, 478, 199.19, 'Refunded'),
    ('TKT-01219', 5546, 1154, 478, 199.19, 'Refunded'),
    ('TKT-01220', 5547, 1119, 464, 279.13, 'Reserved'),
    ('TKT-01221', 5548, 1090, 174, 93.25, 'Reserved'),
    ('TKT-01222', 5548, 1090, 174, 93.25, 'Reserved'),
    ('TKT-01223', 5548, 1090, 174, 93.25, 'Purchased'),
    ('TKT-01224', 5549, 1160, 465, 467.04, 'Refunded'),
    ('TKT-01225', 5550, 1079, 149, 77.63, 'Reserved'),
    ('TKT-01226', 5550, 1079, 149, 77.63, 'Purchased'),
    ('TKT-01227', 5550, 1079, 149, 77.63, 'Reserved'),
    ('TKT-01228', 5550, 1079, 149, 77.63, 'Refunded'),
    ('TKT-01229', 5550, 1079, 149, 77.63, 'Purchased'),
    ('TKT-01230', 5553, 1146, 228, 228.65, 'Refunded'),
    ('TKT-01231', 5553, 1146, 228, 228.65, 'Reserved'),
    ('TKT-01232', 5555, 1100, 402, 63.57, 'Reserved'),
    ('TKT-01233', 5555, 1100, 402, 63.57, 'Purchased'),
    ('TKT-01234', 5555, 1100, 402, 63.57, 'Refunded'),
    ('TKT-01235', 5555, 1100, 402, 63.57, 'Purchased'),
    ('TKT-01236', 5555, 1100, 402, 63.57, 'Purchased'),
    ('TKT-01237', 5556, 1058, 150, 150.01, 'Refunded'),
    ('TKT-01238', 5559, 1071, 7, 30.95, 'Reserved'),
    ('TKT-01239', 5559, 1071, 7, 30.95, 'Reserved'),
    ('TKT-01240', 5559, 1071, 7, 30.95, 'Refunded'),
    ('TKT-01241', 5561, 1029, 220, 164.27, 'Refunded'),
    ('TKT-01242', 5561, 1029, 220, 164.27, 'Reserved'),
    ('TKT-01243', 5561, 1029, 220, 164.27, 'Reserved'),
    ('TKT-01244', 5562, 1063, 331, 310.68, 'Refunded'),
    ('TKT-01245', 5564, 1079, 223, 315.48, 'Refunded'),
    ('TKT-01246', 5565, 1026, 395, 55.62, 'Reserved'),
    ('TKT-01247', 5565, 1026, 395, 55.62, 'Purchased'),
    ('TKT-01248', 5566, 1079, 273, 366.24, 'Reserved'),
    ('TKT-01249', 5567, 1018, 6, 147.26, 'Purchased'),
    ('TKT-01250', 5567, 1018, 6, 147.26, 'Reserved'),
    ('TKT-01251', 5567, 1018, 6, 147.26, 'Refunded'),
    ('TKT-01252', 5570, 1013, 393, 66.89, 'Refunded'),
    ('TKT-01253', 5570, 1013, 393, 66.89, 'Purchased'),
    ('TKT-01254', 5570, 1013, 393, 66.89, 'Purchased'),
    ('TKT-01255', 5570, 1013, 393, 66.89, 'Purchased'),
    ('TKT-01256', 5570, 1013, 393, 66.89, 'Purchased'),
    ('TKT-01257', 5571, 1043, 174, 9.89, 'Reserved'),
    ('TKT-01258', 5571, 1043, 174, 9.89, 'Reserved'),
    ('TKT-01259', 5571, 1043, 174, 9.89, 'Purchased'),
    ('TKT-01260', 5571, 1043, 174, 9.89, 'Reserved'),
    ('TKT-01261', 5572, 1121, 220, 230.85, 'Purchased'),
    ('TKT-01262', 5572, 1121, 220, 230.85, 'Refunded'),
    ('TKT-01263', 5574, 1083, 497, 107.6, 'Reserved'),
    ('TKT-01264', 5574, 1083, 497, 107.6, 'Refunded'),
    ('TKT-01265', 5574, 1083, 497, 107.6, 'Purchased'),
    ('TKT-01266', 5574, 1083, 497, 107.6, 'Reserved'),
    ('TKT-01267', 5575, 1090, 44, 35.08, 'Reserved'),
    ('TKT-01268', 5575, 1090, 44, 35.08, 'Purchased'),
    ('TKT-01269', 5575, 1090, 44, 35.08, 'Refunded'),
    ('TKT-01270', 5575, 1090, 44, 35.08, 'Refunded'),
    ('TKT-01271', 5575, 1090, 44, 35.08, 'Refunded'),
    ('TKT-01272', 5576, 1039, 226, 45.54, 'Reserved'),
    ('TKT-01273', 5576, 1039, 226, 45.54, 'Refunded'),
    ('TKT-01274', 5576, 1039, 226, 45.54, 'Purchased'),
    ('TKT-01275', 5576, 1039, 226, 45.54, 'Reserved'),
    ('TKT-01276', 5576, 1039, 226, 45.54, 'Refunded'),
    ('TKT-01277', 5578, 1169, 3, 87.74, 'Refunded'),
    ('TKT-01278', 5578, 1169, 3, 87.74, 'Purchased'),
    ('TKT-01279', 5578, 1169, 3, 87.74, 'Purchased'),
    ('TKT-01280', 5579, 1133, 102, 85.76, 'Purchased'),
    ('TKT-01281', 5579, 1133, 102, 85.76, 'Refunded'),
    ('TKT-01282', 5579, 1133, 102, 85.76, 'Refunded'),
    ('TKT-01283', 5579, 1133, 102, 85.76, 'Reserved'),
    ('TKT-01284', 5579, 1133, 102, 85.76, 'Refunded'),
    ('TKT-01285', 5582, 1034, 254, 289.97, 'Reserved'),
    ('TKT-01286', 5584, 1172, 169, 39.84, 'Reserved'),
    ('TKT-01287', 5584, 1172, 169, 39.84, 'Refunded'),
    ('TKT-01288', 5584, 1172, 169, 39.84, 'Refunded'),
    ('TKT-01289', 5584, 1172, 169, 39.84, 'Refunded'),
    ('TKT-01290', 5584, 1172, 169, 39.84, 'Refunded'),
    ('TKT-01291', 5586, 1198, 153, 155.16, 'Refunded'),
    ('TKT-01292', 5586, 1198, 153, 155.16, 'Refunded'),
    ('TKT-01293', 5586, 1198, 153, 155.16, 'Purchased'),
    ('TKT-01294', 5587, 1179, 72, 131.27, 'Purchased'),
    ('TKT-01295', 5587, 1179, 72, 131.27, 'Refunded'),
    ('TKT-01296', 5587, 1179, 72, 131.27, 'Refunded'),
    ('TKT-01297', 5589, 1100, 132, 210.11, 'Refunded'),
    ('TKT-01298', 5590, 1172, 380, 66.17, 'Reserved'),
    ('TKT-01299', 5590, 1172, 380, 66.17, 'Refunded'),
    ('TKT-01300', 5591, 1089, 432, 101.15, 'Reserved'),
    ('TKT-01301', 5591, 1089, 432, 101.15, 'Refunded'),
    ('TKT-01302', 5591, 1089, 432, 101.15, 'Refunded'),
    ('TKT-01303', 5591, 1089, 432, 101.15, 'Refunded'),
    ('TKT-01304', 5592, 1139, 210, 209.26, 'Refunded'),
    ('TKT-01305', 5592, 1139, 210, 209.26, 'Purchased'),
    ('TKT-01306', 5593, 1079, 465, 127.89, 'Refunded'),
    ('TKT-01307', 5593, 1079, 465, 127.89, 'Reserved'),
    ('TKT-01308', 5593, 1079, 465, 127.89, 'Refunded'),
    ('TKT-01309', 5594, 1122, 460, 98.24, 'Purchased'),
    ('TKT-01310', 5595, 1052, 20, 25.38, 'Refunded'),
    ('TKT-01311', 5595, 1052, 20, 25.38, 'Reserved'),
    ('TKT-01312', 5595, 1052, 20, 25.38, 'Purchased'),
    ('TKT-01313', 5595, 1052, 20, 25.38, 'Purchased'),
    ('TKT-01314', 5595, 1052, 20, 25.38, 'Purchased'),
    ('TKT-01315', 5596, 1089, 376, 22.93, 'Refunded'),
    ('TKT-01316', 5596, 1089, 376, 22.93, 'Reserved'),
    ('TKT-01317', 5596, 1089, 376, 22.93, 'Refunded'),
    ('TKT-01318', 5596, 1089, 376, 22.93, 'Purchased'),
    ('TKT-01319', 5597, 1148, 230, 9.86, 'Reserved'),
    ('TKT-01320', 5597, 1148, 230, 9.86, 'Refunded'),
    ('TKT-01321', 5597, 1148, 230, 9.86, 'Reserved'),
    ('TKT-01322', 5597, 1148, 230, 9.86, 'Refunded'),
    ('TKT-01323', 5598, 1031, 402, 26.02, 'Reserved'),
    ('TKT-01324', 5598, 1031, 402, 26.02, 'Reserved'),
    ('TKT-01325', 5598, 1031, 402, 26.02, 'Reserved'),
    ('TKT-01326', 5598, 1031, 402, 26.02, 'Refunded'),
    ('TKT-01327', 5600, 1150, 7, 26.13, 'Reserved'),
    ('TKT-01328', 5600, 1150, 7, 26.13, 'Purchased'),
    ('TKT-01329', 5600, 1150, 7, 26.13, 'Refunded'),
    ('TKT-01330', 5600, 1150, 7, 26.13, 'Purchased'),
    ('TKT-01331', 5600, 1150, 7, 26.13, 'Reserved'),
    ('TKT-01332', 5601, 1097, 314, 41.82, 'Refunded'),
    ('TKT-01333', 5601, 1097, 314, 41.82, 'Reserved'),
    ('TKT-01334', 5601, 1097, 314, 41.82, 'Refunded'),
    ('TKT-01335', 5601, 1097, 314, 41.82, 'Reserved'),
    ('TKT-01336', 5601, 1097, 314, 41.82, 'Reserved'),
    ('TKT-01337', 5603, 1130, 132, 141.7, 'Refunded'),
    ('TKT-01338', 5603, 1130, 132, 141.7, 'Refunded'),
    ('TKT-01339', 5604, 1158, 104, 32.86, 'Refunded'),
    ('TKT-01340', 5604, 1158, 104, 32.86, 'Purchased'),
    ('TKT-01341', 5604, 1158, 104, 32.86, 'Reserved'),
    ('TKT-01342', 5605, 1083, 47, 198.29, 'Purchased'),
    ('TKT-01343', 5605, 1083, 47, 198.29, 'Reserved'),
    ('TKT-01344', 5606, 1080, 357, 235.1, 'Reserved'),
    ('TKT-01345', 5606, 1080, 357, 235.1, 'Reserved'),
    ('TKT-01346', 5607, 1018, 268, 7.69, 'Reserved'),
    ('TKT-01347', 5607, 1018, 268, 7.69, 'Refunded'),
    ('TKT-01348', 5607, 1018, 268, 7.69, 'Reserved'),
    ('TKT-01349', 5608, 1170, 276, 347.63, 'Reserved'),
    ('TKT-01350', 5609, 1134, 84, 188.73, 'Reserved'),
    ('TKT-01351', 5615, 1135, 233, 51.79, 'Reserved'),
    ('TKT-01352', 5615, 1135, 233, 51.79, 'Purchased'),
    ('TKT-01353', 5615, 1135, 233, 51.79, 'Refunded'),
    ('TKT-01354', 5615, 1135, 233, 51.79, 'Purchased'),
    ('TKT-01355', 5615, 1135, 233, 51.79, 'Reserved'),
    ('TKT-01356', 5617, 1131, 254, 108.6, 'Refunded'),
    ('TKT-01357', 5617, 1131, 254, 108.6, 'Reserved'),
    ('TKT-01358', 5617, 1131, 254, 108.6, 'Purchased'),
    ('TKT-01359', 5617, 1131, 254, 108.6, 'Refunded'),
    ('TKT-01360', 5618, 1147, 179, 311.29, 'Reserved'),
    ('TKT-01361', 5619, 1100, 343, 121.63, 'Purchased'),
    ('TKT-01362', 5619, 1100, 343, 121.63, 'Purchased'),
    ('TKT-01363', 5619, 1100, 343, 121.63, 'Reserved'),
    ('TKT-01364', 5619, 1100, 343, 121.63, 'Reserved'),
    ('TKT-01365', 5620, 1026, 243, 68.6, 'Purchased'),
    ('TKT-01366', 5620, 1026, 243, 68.6, 'Purchased'),
    ('TKT-01367', 5620, 1026, 243, 68.6, 'Reserved'),
    ('TKT-01368', 5620, 1026, 243, 68.6, 'Refunded'),
    ('TKT-01369', 5620, 1026, 243, 68.6, 'Refunded'),
    ('TKT-01370', 5621, 1180, 78, 143.24, 'Refunded'),
    ('TKT-01371', 5621, 1180, 78, 143.24, 'Reserved'),
    ('TKT-01372', 5621, 1180, 78, 143.24, 'Purchased'),
    ('TKT-01373', 5622, 1129, 73, 76.14, 'Reserved'),
    ('TKT-01374', 5622, 1129, 73, 76.14, 'Reserved'),
    ('TKT-01375', 5622, 1129, 73, 76.14, 'Purchased'),
    ('TKT-01376', 5622, 1129, 73, 76.14, 'Purchased'),
    ('TKT-01377', 5622, 1129, 73, 76.14, 'Reserved'),
    ('TKT-01378', 5624, 1121, 401, 50.83, 'Purchased'),
    ('TKT-01379', 5624, 1121, 401, 50.83, 'Reserved'),
    ('TKT-01380', 5624, 1121, 401, 50.83, 'Refunded'),
    ('TKT-01381', 5624, 1121, 401, 50.83, 'Reserved'),
    ('TKT-01382', 5624, 1121, 401, 50.83, 'Purchased'),
    ('TKT-01383', 5627, 1016, 13, 101.05, 'Purchased'),
    ('TKT-01384', 5627, 1016, 13, 101.05, 'Purchased'),
    ('TKT-01385', 5627, 1016, 13, 101.05, 'Purchased'),
    ('TKT-01386', 5628, 1064, 343, 92.83, 'Refunded'),
    ('TKT-01387', 5628, 1064, 343, 92.83, 'Refunded'),
    ('TKT-01388', 5628, 1064, 343, 92.83, 'Purchased'),
    ('TKT-01389', 5628, 1064, 343, 92.83, 'Refunded'),
    ('TKT-01390', 5629, 1064, 136, 132.45, 'Refunded'),
    ('TKT-01391', 5629, 1064, 136, 132.45, 'Reserved'),
    ('TKT-01392', 5629, 1064, 136, 132.45, 'Purchased'),
    ('TKT-01393', 5631, 1039, 356, 80.9, 'Refunded'),
    ('TKT-01394', 5631, 1039, 356, 80.9, 'Purchased'),
    ('TKT-01395', 5631, 1039, 356, 80.9, 'Purchased'),
    ('TKT-01396', 5631, 1039, 356, 80.9, 'Refunded'),
    ('TKT-01397', 5631, 1039, 356, 80.9, 'Purchased'),
    ('TKT-01398', 5633, 1082, 67, 56.84, 'Purchased'),
    ('TKT-01399', 5633, 1082, 67, 56.84, 'Refunded'),
    ('TKT-01400', 5633, 1082, 67, 56.84, 'Refunded'),
    ('TKT-01401', 5634, 1031, 416, 37.73, 'Refunded'),
    ('TKT-01402', 5634, 1031, 416, 37.73, 'Reserved'),
    ('TKT-01403', 5634, 1031, 416, 37.73, 'Purchased'),
    ('TKT-01404', 5634, 1031, 416, 37.73, 'Reserved'),
    ('TKT-01405', 5637, 1123, 451, 413.94, 'Reserved'),
    ('TKT-01406', 5638, 1131, 162, 27.98, 'Reserved'),
    ('TKT-01407', 5638, 1131, 162, 27.98, 'Purchased'),
    ('TKT-01408', 5638, 1131, 162, 27.98, 'Reserved'),
    ('TKT-01409', 5639, 1007, 149, 71.54, 'Reserved'),
    ('TKT-01410', 5639, 1007, 149, 71.54, 'Reserved'),
    ('TKT-01411', 5641, 1077, 222, 24.24, 'Reserved'),
    ('TKT-01412', 5641, 1077, 222, 24.24, 'Reserved'),
    ('TKT-01413', 5641, 1077, 222, 24.24, 'Purchased'),
    ('TKT-01414', 5641, 1077, 222, 24.24, 'Reserved'),
    ('TKT-01415', 5642, 1078, 435, 112.62, 'Reserved'),
    ('TKT-01416', 5642, 1078, 435, 112.62, 'Purchased'),
    ('TKT-01417', 5642, 1078, 435, 112.62, 'Refunded'),
    ('TKT-01418', 5644, 1111, 73, 27.0, 'Refunded'),
    ('TKT-01419', 5644, 1111, 73, 27.0, 'Refunded'),
    ('TKT-01420', 5644, 1111, 73, 27.0, 'Reserved'),
    ('TKT-01421', 5644, 1111, 73, 27.0, 'Refunded'),
    ('TKT-01422', 5644, 1111, 73, 27.0, 'Reserved'),
    ('TKT-01423', 5645, 1143, 179, 398.79, 'Purchased'),
    ('TKT-01424', 5646, 1003, 68, 113.7, 'Refunded'),
    ('TKT-01425', 5648, 1049, 280, 158.37, 'Purchased'),
    ('TKT-01426', 5648, 1049, 280, 158.37, 'Refunded'),
    ('TKT-01427', 5648, 1049, 280, 158.37, 'Purchased'),
    ('TKT-01428', 5649, 1043, 67, 15.13, 'Refunded'),
    ('TKT-01429', 5649, 1043, 67, 15.13, 'Purchased'),
    ('TKT-01430', 5650, 1174, 1, 62.35, 'Reserved'),
    ('TKT-01431', 5650, 1174, 1, 62.35, 'Reserved'),
    ('TKT-01432', 5650, 1174, 1, 62.35, 'Purchased'),
    ('TKT-01433', 5650, 1174, 1, 62.35, 'Purchased'),
    ('TKT-01434', 5651, 1166, 395, 74.56, 'Reserved'),
    ('TKT-01435', 5651, 1166, 395, 74.56, 'Purchased'),
    ('TKT-01436', 5651, 1166, 395, 74.56, 'Reserved'),
    ('TKT-01437', 5651, 1166, 395, 74.56, 'Reserved'),
    ('TKT-01438', 5651, 1166, 395, 74.56, 'Reserved'),
    ('TKT-01439', 5652, 1129, 327, 92.93, 'Refunded'),
    ('TKT-01440', 5652, 1129, 327, 92.93, 'Refunded'),
    ('TKT-01441', 5652, 1129, 327, 92.93, 'Refunded'),
    ('TKT-01442', 5654, 1169, 396, 77.28, 'Reserved'),
    ('TKT-01443', 5654, 1169, 396, 77.28, 'Reserved'),
    ('TKT-01444', 5654, 1169, 396, 77.28, 'Reserved'),
    ('TKT-01445', 5655, 1143, 79, 176.32, 'Refunded'),
    ('TKT-01446', 5655, 1143, 79, 176.32, 'Purchased'),
    ('TKT-01447', 5656, 1009, 72, 68.18, 'Purchased'),
    ('TKT-01448', 5656, 1009, 72, 68.18, 'Reserved'),
    ('TKT-01449', 5657, 1136, 234, 354.55, 'Refunded'),
    ('TKT-01450', 5658, 1194, 87, 230.03, 'Purchased'),
    ('TKT-01451', 5658, 1194, 87, 230.03, 'Reserved'),
    ('TKT-01452', 5659, 1137, 169, 52.23, 'Reserved'),
    ('TKT-01453', 5661, 1038, 416, 68.78, 'Refunded'),
    ('TKT-01454', 5661, 1038, 416, 68.78, 'Purchased'),
    ('TKT-01455', 5662, 1142, 474, 40.13, 'Reserved'),
    ('TKT-01456', 5662, 1142, 474, 40.13, 'Purchased'),
    ('TKT-01457', 5662, 1142, 474, 40.13, 'Purchased'),
    ('TKT-01458', 5663, 1119, 465, 67.32, 'Refunded'),
    ('TKT-01459', 5663, 1119, 465, 67.32, 'Refunded'),
    ('TKT-01460', 5663, 1119, 465, 67.32, 'Purchased'),
    ('TKT-01461', 5663, 1119, 465, 67.32, 'Purchased'),
    ('TKT-01462', 5664, 1158, 319, 33.83, 'Reserved'),
    ('TKT-01463', 5664, 1158, 319, 33.83, 'Refunded'),
    ('TKT-01464', 5664, 1158, 319, 33.83, 'Refunded'),
    ('TKT-01465', 5664, 1158, 319, 33.83, 'Reserved'),
    ('TKT-01466', 5666, 1035, 356, 67.74, 'Purchased'),
    ('TKT-01467', 5666, 1035, 356, 67.74, 'Refunded'),
    ('TKT-01468', 5666, 1035, 356, 67.74, 'Purchased'),
    ('TKT-01469', 5666, 1035, 356, 67.74, 'Reserved'),
    ('TKT-01470', 5666, 1035, 356, 67.74, 'Purchased'),
    ('TKT-01471', 5670, 1073, 446, 129.57, 'Reserved'),
    ('TKT-01472', 5672, 1111, 176, 18.37, 'Purchased'),
    ('TKT-01473', 5672, 1111, 176, 18.37, 'Reserved'),
    ('TKT-01474', 5672, 1111, 176, 18.37, 'Purchased'),
    ('TKT-01475', 5672, 1111, 176, 18.37, 'Reserved'),
    ('TKT-01476', 5673, 1003, 435, 88.53, 'Refunded'),
    ('TKT-01477', 5673, 1003, 435, 88.53, 'Purchased'),
    ('TKT-01478', 5673, 1003, 435, 88.53, 'Refunded'),
    ('TKT-01479', 5673, 1003, 435, 88.53, 'Reserved'),
    ('TKT-01480', 5676, 1097, 401, 88.28, 'Reserved'),
    ('TKT-01481', 5676, 1097, 401, 88.28, 'Purchased'),
    ('TKT-01482', 5676, 1097, 401, 88.28, 'Purchased'),
    ('TKT-01483', 5676, 1097, 401, 88.28, 'Refunded'),
    ('TKT-01484', 5676, 1097, 401, 88.28, 'Reserved'),
    ('TKT-01485', 5678, 1057, 102, 117.0, 'Purchased'),
    ('TKT-01486', 5678, 1057, 102, 117.0, 'Purchased'),
    ('TKT-01487', 5678, 1057, 102, 117.0, 'Refunded'),
    ('TKT-01488', 5678, 1057, 102, 117.0, 'Refunded'),
    ('TKT-01489', 5680, 1023, 73, 174.62, 'Reserved'),
    ('TKT-01490', 5680, 1023, 73, 174.62, 'Refunded'),
    ('TKT-01491', 5681, 1175, 276, 223.42, 'Purchased'),
    ('TKT-01492', 5681, 1175, 276, 223.42, 'Purchased'),
    ('TKT-01493', 5684, 1141, 345, 284.98, 'Reserved'),
    ('TKT-01494', 5685, 1005, 212, 12.16, 'Refunded'),
    ('TKT-01495', 5685, 1005, 212, 12.16, 'Purchased'),
    ('TKT-01496', 5685, 1005, 212, 12.16, 'Reserved'),
    ('TKT-01497', 5685, 1005, 212, 12.16, 'Refunded'),
    ('TKT-01498', 5686, 1046, 422, 129.78, 'Reserved'),
    ('TKT-01499', 5686, 1046, 422, 129.78, 'Reserved'),
    ('TKT-01500', 5686, 1046, 422, 129.78, 'Purchased'),
    ('TKT-01501', 5689, 1079, 180, 138.75, 'Purchased'),
    ('TKT-01502', 5689, 1079, 180, 138.75, 'Reserved'),
    ('TKT-01503', 5691, 1027, 223, 53.12, 'Reserved'),
    ('TKT-01504', 5691, 1027, 223, 53.12, 'Purchased'),
    ('TKT-01505', 5691, 1027, 223, 53.12, 'Purchased'),
    ('TKT-01506', 5691, 1027, 223, 53.12, 'Reserved'),
    ('TKT-01507', 5692, 1179, 421, 112.92, 'Refunded'),
    ('TKT-01508', 5692, 1179, 421, 112.92, 'Refunded'),
    ('TKT-01509', 5692, 1179, 421, 112.92, 'Purchased'),
    ('TKT-01510', 5692, 1179, 421, 112.92, 'Refunded'),
    ('TKT-01511', 5693, 1122, 251, 87.69, 'Reserved'),
    ('TKT-01512', 5693, 1122, 251, 87.69, 'Purchased'),
    ('TKT-01513', 5694, 1012, 150, 120.06, 'Purchased'),
    ('TKT-01514', 5694, 1012, 150, 120.06, 'Reserved'),
    ('TKT-01515', 5694, 1012, 150, 120.06, 'Reserved'),
    ('TKT-01516', 5694, 1012, 150, 120.06, 'Reserved'),
    ('TKT-01517', 5695, 1127, 25, 107.75, 'Refunded'),
    ('TKT-01518', 5695, 1127, 25, 107.75, 'Purchased'),
    ('TKT-01519', 5695, 1127, 25, 107.75, 'Reserved'),
    ('TKT-01520', 5695, 1127, 25, 107.75, 'Refunded'),
    ('TKT-01521', 5696, 1177, 257, 48.01, 'Reserved'),
    ('TKT-01522', 5696, 1177, 257, 48.01, 'Reserved'),
    ('TKT-01523', 5696, 1177, 257, 48.01, 'Refunded'),
    ('TKT-01524', 5696, 1177, 257, 48.01, 'Purchased'),
    ('TKT-01525', 5699, 1024, 10, 32.23, 'Refunded'),
    ('TKT-01526', 5699, 1024, 10, 32.23, 'Refunded'),
    ('TKT-01527', 5701, 1074, 319, 49.09, 'Purchased'),
    ('TKT-01528', 5701, 1074, 319, 49.09, 'Reserved'),
    ('TKT-01529', 5706, 1198, 395, 48.59, 'Refunded'),
    ('TKT-01530', 5707, 1049, 237, 411.94, 'Refunded'),
    ('TKT-01531', 5708, 1086, 489, 221.97, 'Purchased'),
    ('TKT-01532', 5709, 1077, 145, 188.87, 'Purchased'),
    ('TKT-01533', 5710, 1114, 440, 162.01, 'Reserved'),
    ('TKT-01534', 5711, 1200, 354, 7.53, 'Reserved'),
    ('TKT-01535', 5711, 1200, 354, 7.53, 'Reserved'),
    ('TKT-01536', 5711, 1200, 354, 7.53, 'Refunded'),
    ('TKT-01537', 5712, 1071, 186, 88.58, 'Reserved'),
    ('TKT-01538', 5712, 1071, 186, 88.58, 'Refunded'),
    ('TKT-01539', 5712, 1071, 186, 88.58, 'Reserved'),
    ('TKT-01540', 5712, 1071, 186, 88.58, 'Refunded'),
    ('TKT-01541', 5712, 1071, 186, 88.58, 'Purchased'),
    ('TKT-01542', 5713, 1121, 418, 118.96, 'Refunded'),
    ('TKT-01543', 5713, 1121, 418, 118.96, 'Refunded'),
    ('TKT-01544', 5713, 1121, 418, 118.96, 'Refunded'),
    ('TKT-01545', 5714, 1193, 352, 253.66, 'Refunded'),
    ('TKT-01546', 5716, 1035, 135, 35.36, 'Refunded'),
    ('TKT-01547', 5716, 1035, 135, 35.36, 'Purchased'),
    ('TKT-01548', 5716, 1035, 135, 35.36, 'Refunded'),
    ('TKT-01549', 5717, 1179, 97, 31.08, 'Reserved'),
    ('TKT-01550', 5717, 1179, 97, 31.08, 'Reserved'),
    ('TKT-01551', 5717, 1179, 97, 31.08, 'Reserved'),
    ('TKT-01552', 5718, 1066, 397, 44.53, 'Purchased'),
    ('TKT-01553', 5718, 1066, 397, 44.53, 'Reserved'),
    ('TKT-01554', 5718, 1066, 397, 44.53, 'Refunded'),
    ('TKT-01555', 5718, 1066, 397, 44.53, 'Purchased'),
    ('TKT-01556', 5718, 1066, 397, 44.53, 'Reserved'),
    ('TKT-01557', 5719, 1165, 248, 228.7, 'Purchased'),
    ('TKT-01558', 5720, 1013, 130, 68.53, 'Reserved'),
    ('TKT-01559', 5720, 1013, 130, 68.53, 'Reserved'),
    ('TKT-01560', 5720, 1013, 130, 68.53, 'Refunded'),
    ('TKT-01561', 5720, 1013, 130, 68.53, 'Refunded'),
    ('TKT-01562', 5721, 1150, 402, 105.87, 'Purchased'),
    ('TKT-01563', 5721, 1150, 402, 105.87, 'Refunded'),
    ('TKT-01564', 5721, 1150, 402, 105.87, 'Refunded'),
    ('TKT-01565', 5723, 1031, 194, 52.09, 'Purchased'),
    ('TKT-01566', 5723, 1031, 194, 52.09, 'Refunded'),
    ('TKT-01567', 5723, 1031, 194, 52.09, 'Reserved'),
    ('TKT-01568', 5723, 1031, 194, 52.09, 'Reserved'),
    ('TKT-01569', 5723, 1031, 194, 52.09, 'Reserved'),
    ('TKT-01570', 5725, 1057, 354, 73.47, 'Reserved'),
    ('TKT-01571', 5725, 1057, 354, 73.47, 'Purchased'),
    ('TKT-01572', 5725, 1057, 354, 73.47, 'Refunded'),
    ('TKT-01573', 5725, 1057, 354, 73.47, 'Purchased'),
    ('TKT-01574', 5725, 1057, 354, 73.47, 'Purchased'),
    ('TKT-01575', 5726, 1016, 108, 49.91, 'Refunded'),
    ('TKT-01576', 5726, 1016, 108, 49.91, 'Refunded'),
    ('TKT-01577', 5727, 1005, 170, 27.2, 'Reserved'),
    ('TKT-01578', 5727, 1005, 170, 27.2, 'Purchased'),
    ('TKT-01579', 5727, 1005, 170, 27.2, 'Reserved'),
    ('TKT-01580', 5727, 1005, 170, 27.2, 'Reserved'),
    ('TKT-01581', 5727, 1005, 170, 27.2, 'Reserved'),
    ('TKT-01582', 5728, 1111, 343, 15.65, 'Reserved'),
    ('TKT-01583', 5728, 1111, 343, 15.65, 'Refunded'),
    ('TKT-01584', 5728, 1111, 343, 15.65, 'Reserved'),
    ('TKT-01585', 5728, 1111, 343, 15.65, 'Refunded'),
    ('TKT-01586', 5728, 1111, 343, 15.65, 'Refunded'),
    ('TKT-01587', 5729, 1196, 226, 386.58, 'Refunded'),
    ('TKT-01588', 5730, 1026, 482, 206.12, 'Reserved'),
    ('TKT-01589', 5731, 1181, 79, 82.36, 'Purchased'),
    ('TKT-01590', 5731, 1181, 79, 82.36, 'Purchased'),
    ('TKT-01591', 5731, 1181, 79, 82.36, 'Refunded'),
    ('TKT-01592', 5731, 1181, 79, 82.36, 'Purchased'),
    ('TKT-01593', 5732, 1180, 345, 36.56, 'Purchased'),
    ('TKT-01594', 5732, 1180, 345, 36.56, 'Refunded'),
    ('TKT-01595', 5732, 1180, 345, 36.56, 'Refunded'),
    ('TKT-01596', 5732, 1180, 345, 36.56, 'Reserved'),
    ('TKT-01597', 5732, 1180, 345, 36.56, 'Purchased'),
    ('TKT-01598', 5733, 1130, 350, 22.74, 'Refunded'),
    ('TKT-01599', 5733, 1130, 350, 22.74, 'Purchased'),
    ('TKT-01600', 5733, 1130, 350, 22.74, 'Reserved'),
    ('TKT-01601', 5733, 1130, 350, 22.74, 'Reserved'),
    ('TKT-01602', 5733, 1130, 350, 22.74, 'Purchased'),
    ('TKT-01603', 5737, 1043, 61, 97.52, 'Purchased'),
    ('TKT-01604', 5737, 1043, 61, 97.52, 'Reserved'),
    ('TKT-01605', 5737, 1043, 61, 97.52, 'Refunded'),
    ('TKT-01606', 5737, 1043, 61, 97.52, 'Refunded'),
    ('TKT-01607', 5739, 1175, 340, 205.84, 'Refunded'),
    ('TKT-01608', 5739, 1175, 340, 205.84, 'Refunded'),
    ('TKT-01609', 5740, 1029, 344, 129.5, 'Purchased'),
    ('TKT-01610', 5741, 1026, 100, 207.99, 'Refunded'),
    ('TKT-01611', 5742, 1132, 396, 99.83, 'Reserved'),
    ('TKT-01612', 5742, 1132, 396, 99.83, 'Purchased'),
    ('TKT-01613', 5742, 1132, 396, 99.83, 'Reserved'),
    ('TKT-01614', 5742, 1132, 396, 99.83, 'Reserved'),
    ('TKT-01615', 5742, 1132, 396, 99.83, 'Reserved'),
    ('TKT-01616', 5743, 1178, 424, 42.97, 'Purchased'),
    ('TKT-01617', 5743, 1178, 424, 42.97, 'Reserved'),
    ('TKT-01618', 5743, 1178, 424, 42.97, 'Refunded'),
    ('TKT-01619', 5743, 1178, 424, 42.97, 'Reserved'),
    ('TKT-01620', 5743, 1178, 424, 42.97, 'Purchased'),
    ('TKT-01621', 5745, 1079, 323, 156.63, 'Refunded'),
    ('TKT-01622', 5746, 1178, 179, 86.24, 'Reserved'),
    ('TKT-01623', 5746, 1178, 179, 86.24, 'Refunded'),
    ('TKT-01624', 5746, 1178, 179, 86.24, 'Purchased'),
    ('TKT-01625', 5747, 1091, 119, 113.56, 'Refunded'),
    ('TKT-01626', 5749, 1012, 327, 87.03, 'Reserved'),
    ('TKT-01627', 5749, 1012, 327, 87.03, 'Refunded'),
    ('TKT-01628', 5750, 1110, 497, 117.57, 'Reserved'),
    ('TKT-01629', 5750, 1110, 497, 117.57, 'Refunded'),
    ('TKT-01630', 5752, 1200, 264, 16.25, 'Purchased'),
    ('TKT-01631', 5752, 1200, 264, 16.25, 'Reserved'),
    ('TKT-01632', 5752, 1200, 264, 16.25, 'Refunded'),
    ('TKT-01633', 5752, 1200, 264, 16.25, 'Reserved'),
    ('TKT-01634', 5752, 1200, 264, 16.25, 'Reserved'),
    ('TKT-01635', 5753, 1095, 145, 242.38, 'Purchased'),
    ('TKT-01636', 5754, 1190, 130, 144.98, 'Purchased'),
    ('TKT-01637', 5754, 1190, 130, 144.98, 'Refunded'),
    ('TKT-01638', 5754, 1190, 130, 144.98, 'Purchased'),
    ('TKT-01639', 5755, 1039, 317, 334.68, 'Reserved'),
    ('TKT-01640', 5756, 1060, 340, 57.3, 'Refunded'),
    ('TKT-01641', 5756, 1060, 340, 57.3, 'Reserved'),
    ('TKT-01642', 5756, 1060, 340, 57.3, 'Purchased'),
    ('TKT-01643', 5756, 1060, 340, 57.3, 'Refunded'),
    ('TKT-01644', 5759, 1141, 356, 357.99, 'Purchased'),
    ('TKT-01645', 5760, 1083, 499, 112.87, 'Reserved'),
    ('TKT-01646', 5760, 1083, 499, 112.87, 'Refunded'),
    ('TKT-01647', 5760, 1083, 499, 112.87, 'Reserved'),
    ('TKT-01648', 5761, 1112, 119, 27.0, 'Refunded'),
    ('TKT-01649', 5761, 1112, 119, 27.0, 'Reserved'),
    ('TKT-01650', 5761, 1112, 119, 27.0, 'Reserved'),
    ('TKT-01651', 5761, 1112, 119, 27.0, 'Reserved'),
    ('TKT-01652', 5761, 1112, 119, 27.0, 'Reserved'),
    ('TKT-01653', 5762, 1139, 276, 6.81, 'Refunded'),
    ('TKT-01654', 5762, 1139, 276, 6.81, 'Reserved'),
    ('TKT-01655', 5762, 1139, 276, 6.81, 'Reserved'),
    ('TKT-01656', 5762, 1139, 276, 6.81, 'Reserved'),
    ('TKT-01657', 5762, 1139, 276, 6.81, 'Purchased'),
    ('TKT-01658', 5764, 1158, 100, 61.36, 'Reserved'),
    ('TKT-01659', 5764, 1158, 100, 61.36, 'Purchased'),
    ('TKT-01660', 5764, 1158, 100, 61.36, 'Refunded'),
    ('TKT-01661', 5764, 1158, 100, 61.36, 'Refunded'),
    ('TKT-01662', 5764, 1158, 100, 61.36, 'Refunded'),
    ('TKT-01663', 5765, 1081, 212, 46.1, 'Purchased'),
    ('TKT-01664', 5765, 1081, 212, 46.1, 'Refunded'),
    ('TKT-01665', 5765, 1081, 212, 46.1, 'Refunded'),
    ('TKT-01666', 5765, 1081, 212, 46.1, 'Purchased'),
    ('TKT-01667', 5766, 1039, 176, 42.18, 'Purchased'),
    ('TKT-01668', 5766, 1039, 176, 42.18, 'Refunded'),
    ('TKT-01669', 5766, 1039, 176, 42.18, 'Reserved'),
    ('TKT-01670', 5766, 1039, 176, 42.18, 'Purchased'),
    ('TKT-01671', 5767, 1074, 37, 87.64, 'Refunded'),
    ('TKT-01672', 5767, 1074, 37, 87.64, 'Purchased'),
    ('TKT-01673', 5767, 1074, 37, 87.64, 'Refunded'),
    ('TKT-01674', 5769, 1177, 180, 63.84, 'Purchased'),
    ('TKT-01675', 5769, 1177, 180, 63.84, 'Purchased'),
    ('TKT-01676', 5771, 1018, 330, 26.91, 'Refunded'),
    ('TKT-01677', 5771, 1018, 330, 26.91, 'Purchased'),
    ('TKT-01678', 5772, 1072, 395, 94.0, 'Reserved'),
    ('TKT-01679', 5772, 1072, 395, 94.0, 'Purchased'),
    ('TKT-01680', 5772, 1072, 395, 94.0, 'Purchased'),
    ('TKT-01681', 5773, 1008, 25, 58.91, 'Purchased'),
    ('TKT-01682', 5775, 1164, 497, 468.32, 'Refunded'),
    ('TKT-01683', 5777, 1172, 112, 15.28, 'Refunded'),
    ('TKT-01684', 5777, 1172, 112, 15.28, 'Refunded'),
    ('TKT-01685', 5777, 1172, 112, 15.28, 'Purchased'),
    ('TKT-01686', 5779, 1101, 104, 99.42, 'Purchased'),
    ('TKT-01687', 5779, 1101, 104, 99.42, 'Refunded'),
    ('TKT-01688', 5780, 1059, 292, 43.08, 'Reserved'),
    ('TKT-01689', 5780, 1059, 292, 43.08, 'Reserved'),
    ('TKT-01690', 5780, 1059, 292, 43.08, 'Purchased'),
    ('TKT-01691', 5780, 1059, 292, 43.08, 'Refunded'),
    ('TKT-01692', 5781, 1034, 222, 222.85, 'Purchased'),
    ('TKT-01693', 5781, 1034, 222, 222.85, 'Reserved'),
    ('TKT-01694', 5782, 1024, 421, 98.9, 'Refunded'),
    ('TKT-01695', 5782, 1024, 421, 98.9, 'Purchased'),
    ('TKT-01696', 5784, 1039, 214, 498.73, 'Reserved'),
    ('TKT-01697', 5787, 1044, 41, 466.46, 'Refunded'),
    ('TKT-01698', 5788, 1090, 102, 105.09, 'Purchased'),
    ('TKT-01699', 5788, 1090, 102, 105.09, 'Purchased'),
    ('TKT-01700', 5788, 1090, 102, 105.09, 'Refunded'),
    ('TKT-01701', 5790, 1041, 145, 124.91, 'Refunded'),
    ('TKT-01702', 5790, 1041, 145, 124.91, 'Purchased'),
    ('TKT-01703', 5791, 1083, 460, 22.53, 'Refunded'),
    ('TKT-01704', 5791, 1083, 460, 22.53, 'Purchased'),
    ('TKT-01705', 5791, 1083, 460, 22.53, 'Reserved'),
    ('TKT-01706', 5791, 1083, 460, 22.53, 'Purchased'),
    ('TKT-01707', 5791, 1083, 460, 22.53, 'Reserved'),
    ('TKT-01708', 5792, 1120, 296, 81.64, 'Refunded'),
    ('TKT-01709', 5792, 1120, 296, 81.64, 'Purchased'),
    ('TKT-01710', 5792, 1120, 296, 81.64, 'Refunded'),
    ('TKT-01711', 5793, 1112, 211, 103.69, 'Refunded'),
    ('TKT-01712', 5793, 1112, 211, 103.69, 'Purchased'),
    ('TKT-01713', 5793, 1112, 211, 103.69, 'Reserved'),
    ('TKT-01714', 5793, 1112, 211, 103.69, 'Reserved'),
    ('TKT-01715', 5794, 1117, 323, 111.93, 'Reserved'),
    ('TKT-01716', 5794, 1117, 323, 111.93, 'Reserved'),
    ('TKT-01717', 5794, 1117, 323, 111.93, 'Refunded'),
    ('TKT-01718', 5794, 1117, 323, 111.93, 'Refunded'),
    ('TKT-01719', 5795, 1148, 422, 83.72, 'Purchased'),
    ('TKT-01720', 5795, 1148, 422, 83.72, 'Purchased'),
    ('TKT-01721', 5796, 1018, 282, 95.17, 'Reserved'),
    ('TKT-01722', 5796, 1018, 282, 95.17, 'Refunded'),
    ('TKT-01723', 5797, 1001, 268, 258.54, 'Reserved'),
    ('TKT-01724', 5798, 1077, 37, 66.11, 'Refunded'),
    ('TKT-01725', 5798, 1077, 37, 66.11, 'Purchased'),
    ('TKT-01726', 5798, 1077, 37, 66.11, 'Purchased'),
    ('TKT-01727', 5798, 1077, 37, 66.11, 'Purchased'),
    ('TKT-01728', 5798, 1077, 37, 66.11, 'Refunded'),
    ('TKT-01729', 5800, 1077, 319, 146.63, 'Reserved'),
    ('TKT-01730', 5800, 1077, 319, 146.63, 'Refunded'),
    ('TKT-01731', 5800, 1077, 319, 146.63, 'Refunded'),
    ('TKT-01732', 5802, 1073, 13, 111.42, 'Reserved'),
    ('TKT-01733', 5802, 1073, 13, 111.42, 'Refunded'),
    ('TKT-01734', 5802, 1073, 13, 111.42, 'Purchased'),
    ('TKT-01735', 5804, 1129, 418, 425.98, 'Refunded'),
    ('TKT-01736', 5805, 1141, 274, 68.96, 'Reserved'),
    ('TKT-01737', 5805, 1141, 274, 68.96, 'Refunded'),
    ('TKT-01738', 5805, 1141, 274, 68.96, 'Reserved'),
    ('TKT-01739', 5805, 1141, 274, 68.96, 'Purchased'),
    ('TKT-01740', 5813, 1036, 403, 65.02, 'Reserved'),
    ('TKT-01741', 5814, 1200, 292, 218.49, 'Purchased'),
    ('TKT-01742', 5814, 1200, 292, 218.49, 'Purchased'),
    ('TKT-01743', 5816, 1065, 147, 6.94, 'Refunded'),
    ('TKT-01744', 5816, 1065, 147, 6.94, 'Refunded'),
    ('TKT-01745', 5816, 1065, 147, 6.94, 'Refunded'),
    ('TKT-01746', 5816, 1065, 147, 6.94, 'Refunded'),
    ('TKT-01747', 5816, 1065, 147, 6.94, 'Purchased'),
    ('TKT-01748', 5817, 1095, 243, 239.88, 'Reserved'),
    ('TKT-01749', 5817, 1095, 243, 239.88, 'Purchased'),
    ('TKT-01750', 5818, 1035, 123, 67.38, 'Purchased'),
    ('TKT-01751', 5818, 1035, 123, 67.38, 'Reserved'),
    ('TKT-01752', 5818, 1035, 123, 67.38, 'Refunded'),
    ('TKT-01753', 5818, 1035, 123, 67.38, 'Reserved'),
    ('TKT-01754', 5818, 1035, 123, 67.38, 'Reserved'),
    ('TKT-01755', 5819, 1138, 456, 189.21, 'Reserved'),
    ('TKT-01756', 5819, 1138, 456, 189.21, 'Reserved'),
    ('TKT-01757', 5820, 1092, 150, 291.5, 'Reserved'),
    ('TKT-01758', 5821, 1173, 343, 122.34, 'Reserved'),
    ('TKT-01759', 5821, 1173, 343, 122.34, 'Reserved'),
    ('TKT-01760', 5821, 1173, 343, 122.34, 'Reserved'),
    ('TKT-01761', 5823, 1150, 435, 24.32, 'Purchased'),
    ('TKT-01762', 5823, 1150, 435, 24.32, 'Purchased'),
    ('TKT-01763', 5823, 1150, 435, 24.32, 'Refunded'),
    ('TKT-01764', 5823, 1150, 435, 24.32, 'Refunded'),
    ('TKT-01765', 5824, 1048, 264, 123.42, 'Purchased'),
    ('TKT-01766', 5824, 1048, 264, 123.42, 'Reserved'),
    ('TKT-01767', 5824, 1048, 264, 123.42, 'Reserved'),
    ('TKT-01768', 5824, 1048, 264, 123.42, 'Refunded'),
    ('TKT-01769', 5826, 1016, 298, 110.78, 'Purchased'),
    ('TKT-01770', 5826, 1016, 298, 110.78, 'Purchased'),
    ('TKT-01771', 5826, 1016, 298, 110.78, 'Reserved'),
    ('TKT-01772', 5826, 1016, 298, 110.78, 'Purchased'),
    ('TKT-01773', 5827, 1117, 222, 153.23, 'Purchased'),
    ('TKT-01774', 5827, 1117, 222, 153.23, 'Refunded'),
    ('TKT-01775', 5827, 1117, 222, 153.23, 'Refunded'),
    ('TKT-01776', 5828, 1145, 474, 98.39, 'Reserved'),
    ('TKT-01777', 5828, 1145, 474, 98.39, 'Reserved'),
    ('TKT-01778', 5828, 1145, 474, 98.39, 'Purchased'),
    ('TKT-01779', 5828, 1145, 474, 98.39, 'Reserved'),
    ('TKT-01780', 5829, 1100, 87, 14.1, 'Refunded'),
    ('TKT-01781', 5829, 1100, 87, 14.1, 'Refunded'),
    ('TKT-01782', 5829, 1100, 87, 14.1, 'Refunded'),
    ('TKT-01783', 5829, 1100, 87, 14.1, 'Reserved'),
    ('TKT-01784', 5829, 1100, 87, 14.1, 'Reserved'),
    ('TKT-01785', 5830, 1031, 451, 51.49, 'Reserved'),
    ('TKT-01786', 5830, 1031, 451, 51.49, 'Reserved'),
    ('TKT-01787', 5830, 1031, 451, 51.49, 'Reserved'),
    ('TKT-01788', 5831, 1182, 76, 93.39, 'Purchased'),
    ('TKT-01789', 5831, 1182, 76, 93.39, 'Refunded'),
    ('TKT-01790', 5831, 1182, 76, 93.39, 'Purchased'),
    ('TKT-01791', 5831, 1182, 76, 93.39, 'Purchased'),
    ('TKT-01792', 5831, 1182, 76, 93.39, 'Purchased'),
    ('TKT-01793', 5833, 1158, 334, 159.75, 'Reserved'),
    ('TKT-01794', 5833, 1158, 334, 159.75, 'Purchased'),
    ('TKT-01795', 5835, 1014, 6, 130.86, 'Reserved'),
    ('TKT-01796', 5835, 1014, 6, 130.86, 'Refunded'),
    ('TKT-01797', 5836, 1012, 424, 50.71, 'Refunded'),
    ('TKT-01798', 5836, 1012, 424, 50.71, 'Purchased'),
    ('TKT-01799', 5836, 1012, 424, 50.71, 'Purchased'),
    ('TKT-01800', 5836, 1012, 424, 50.71, 'Purchased'),
    ('TKT-01801', 5836, 1012, 424, 50.71, 'Reserved'),
    ('TKT-01802', 5837, 1042, 115, 101.75, 'Purchased'),
    ('TKT-01803', 5837, 1042, 115, 101.75, 'Refunded'),
    ('TKT-01804', 5839, 1195, 99, 93.45, 'Reserved'),
    ('TKT-01805', 5839, 1195, 99, 93.45, 'Purchased'),
    ('TKT-01806', 5839, 1195, 99, 93.45, 'Reserved'),
    ('TKT-01807', 5839, 1195, 99, 93.45, 'Purchased'),
    ('TKT-01808', 5839, 1195, 99, 93.45, 'Reserved'),
    ('TKT-01809', 5840, 1063, 237, 92.69, 'Reserved'),
    ('TKT-01810', 5840, 1063, 237, 92.69, 'Refunded'),
    ('TKT-01811', 5840, 1063, 237, 92.69, 'Reserved'),
    ('TKT-01812', 5841, 1180, 226, 98.42, 'Reserved'),
    ('TKT-01813', 5841, 1180, 226, 98.42, 'Purchased'),
    ('TKT-01814', 5844, 1063, 234, 221.54, 'Reserved'),
    ('TKT-01815', 5844, 1063, 234, 221.54, 'Reserved'),
    ('TKT-01816', 5845, 1189, 147, 121.75, 'Refunded'),
    ('TKT-01817', 5845, 1189, 147, 121.75, 'Reserved'),
    ('TKT-01818', 5846, 1020, 334, 21.76, 'Refunded'),
    ('TKT-01819', 5847, 1060, 44, 77.96, 'Purchased'),
    ('TKT-01820', 5847, 1060, 44, 77.96, 'Refunded'),
    ('TKT-01821', 5847, 1060, 44, 77.96, 'Reserved'),
    ('TKT-01822', 5848, 1114, 456, 75.53, 'Refunded'),
    ('TKT-01823', 5848, 1114, 456, 75.53, 'Reserved'),
    ('TKT-01824', 5849, 1029, 318, 72.25, 'Reserved'),
    ('TKT-01825', 5849, 1029, 318, 72.25, 'Refunded'),
    ('TKT-01826', 5849, 1029, 318, 72.25, 'Purchased'),
    ('TKT-01827', 5850, 1051, 319, 106.09, 'Purchased'),
    ('TKT-01828', 5850, 1051, 319, 106.09, 'Purchased'),
    ('TKT-01829', 5851, 1015, 461, 118.86, 'Reserved'),
    ('TKT-01830', 5851, 1015, 461, 118.86, 'Refunded'),
    ('TKT-01831', 5851, 1015, 461, 118.86, 'Refunded'),
    ('TKT-01832', 5852, 1188, 352, 100.64, 'Reserved'),
    ('TKT-01833', 5852, 1188, 352, 100.64, 'Reserved'),
    ('TKT-01834', 5852, 1188, 352, 100.64, 'Reserved'),
    ('TKT-01835', 5852, 1188, 352, 100.64, 'Refunded'),
    ('TKT-01836', 5853, 1035, 223, 472.28, 'Reserved'),
    ('TKT-01837', 5854, 1072, 71, 67.84, 'Reserved'),
    ('TKT-01838', 5854, 1072, 71, 67.84, 'Reserved'),
    ('TKT-01839', 5854, 1072, 71, 67.84, 'Refunded'),
    ('TKT-01840', 5854, 1072, 71, 67.84, 'Reserved'),
    ('TKT-01841', 5854, 1072, 71, 67.84, 'Refunded'),
    ('TKT-01842', 5855, 1070, 30, 31.77, 'Reserved'),
    ('TKT-01843', 5855, 1070, 30, 31.77, 'Refunded'),
    ('TKT-01844', 5855, 1070, 30, 31.77, 'Purchased'),
    ('TKT-01845', 5855, 1070, 30, 31.77, 'Reserved'),
    ('TKT-01846', 5856, 1178, 4, 151.3, 'Reserved'),
    ('TKT-01847', 5856, 1178, 4, 151.3, 'Refunded'),
    ('TKT-01848', 5856, 1178, 4, 151.3, 'Purchased'),
    ('TKT-01849', 5858, 1012, 161, 191.33, 'Purchased'),
    ('TKT-01850', 5859, 1046, 396, 222.0, 'Purchased'),
    ('TKT-01851', 5859, 1046, 396, 222.0, 'Reserved'),
    ('TKT-01852', 5861, 1083, 210, 158.71, 'Refunded'),
    ('TKT-01853', 5861, 1083, 210, 158.71, 'Refunded'),
    ('TKT-01854', 5863, 1175, 73, 38.86, 'Purchased'),
    ('TKT-01855', 5863, 1175, 73, 38.86, 'Reserved'),
    ('TKT-01856', 5863, 1175, 73, 38.86, 'Refunded'),
    ('TKT-01857', 5863, 1175, 73, 38.86, 'Refunded'),
    ('TKT-01858', 5866, 1181, 112, 192.97, 'Refunded'),
    ('TKT-01859', 5866, 1181, 112, 192.97, 'Purchased'),
    ('TKT-01860', 5867, 1099, 273, 116.62, 'Purchased'),
    ('TKT-01861', 5867, 1099, 273, 116.62, 'Reserved'),
    ('TKT-01862', 5867, 1099, 273, 116.62, 'Reserved'),
    ('TKT-01863', 5867, 1099, 273, 116.62, 'Purchased'),
    ('TKT-01864', 5868, 1200, 97, 121.09, 'Purchased'),
    ('TKT-01865', 5868, 1200, 97, 121.09, 'Purchased'),
    ('TKT-01866', 5868, 1200, 97, 121.09, 'Reserved'),
    ('TKT-01867', 5868, 1200, 97, 121.09, 'Purchased'),
    ('TKT-01868', 5869, 1173, 464, 217.59, 'Refunded'),
    ('TKT-01869', 5869, 1173, 464, 217.59, 'Refunded'),
    ('TKT-01870', 5870, 1089, 248, 418.05, 'Refunded'),
    ('TKT-01871', 5872, 1111, 473, 107.5, 'Refunded'),
    ('TKT-01872', 5872, 1111, 473, 107.5, 'Purchased'),
    ('TKT-01873', 5872, 1111, 473, 107.5, 'Purchased'),
    ('TKT-01874', 5872, 1111, 473, 107.5, 'Reserved'),
    ('TKT-01875', 5874, 1186, 251, 178.98, 'Reserved'),
    ('TKT-01876', 5874, 1186, 251, 178.98, 'Reserved'),
    ('TKT-01877', 5875, 1090, 234, 32.33, 'Purchased'),
    ('TKT-01878', 5875, 1090, 234, 32.33, 'Purchased'),
    ('TKT-01879', 5875, 1090, 234, 32.33, 'Purchased'),
    ('TKT-01880', 5875, 1090, 234, 32.33, 'Refunded'),
    ('TKT-01881', 5877, 1098, 78, 47.01, 'Reserved'),
    ('TKT-01882', 5877, 1098, 78, 47.01, 'Purchased'),
    ('TKT-01883', 5878, 1089, 317, 62.92, 'Refunded'),
    ('TKT-01884', 5879, 1141, 395, 50.5, 'Refunded'),
    ('TKT-01885', 5879, 1141, 395, 50.5, 'Reserved'),
    ('TKT-01886', 5881, 1021, 2, 116.41, 'Reserved'),
    ('TKT-01887', 5881, 1021, 2, 116.41, 'Purchased'),
    ('TKT-01888', 5881, 1021, 2, 116.41, 'Refunded'),
    ('TKT-01889', 5881, 1021, 2, 116.41, 'Refunded'),
    ('TKT-01890', 5882, 1158, 76, 208.01, 'Reserved'),
    ('TKT-01891', 5882, 1158, 76, 208.01, 'Reserved'),
    ('TKT-01892', 5883, 1055, 78, 118.59, 'Purchased'),
    ('TKT-01893', 5883, 1055, 78, 118.59, 'Refunded'),
    ('TKT-01894', 5884, 1174, 373, 75.59, 'Purchased'),
    ('TKT-01895', 5884, 1174, 373, 75.59, 'Reserved'),
    ('TKT-01896', 5884, 1174, 373, 75.59, 'Purchased'),
    ('TKT-01897', 5884, 1174, 373, 75.59, 'Reserved'),
    ('TKT-01898', 5884, 1174, 373, 75.59, 'Purchased'),
    ('TKT-01899', 5885, 1070, 61, 23.98, 'Purchased'),
    ('TKT-01900', 5885, 1070, 61, 23.98, 'Purchased'),
    ('TKT-01901', 5885, 1070, 61, 23.98, 'Refunded'),
    ('TKT-01902', 5886, 1023, 232, 56.52, 'Refunded'),
    ('TKT-01903', 5886, 1023, 232, 56.52, 'Refunded'),
    ('TKT-01904', 5886, 1023, 232, 56.52, 'Reserved'),
    ('TKT-01905', 5886, 1023, 232, 56.52, 'Reserved'),
    ('TKT-01906', 5888, 1067, 20, 37.15, 'Refunded'),
    ('TKT-01907', 5888, 1067, 20, 37.15, 'Reserved'),
    ('TKT-01908', 5888, 1067, 20, 37.15, 'Purchased'),
    ('TKT-01909', 5888, 1067, 20, 37.15, 'Reserved'),
    ('TKT-01910', 5890, 1008, 330, 158.96, 'Reserved'),
    ('TKT-01911', 5890, 1008, 330, 158.96, 'Refunded'),
    ('TKT-01912', 5890, 1008, 330, 158.96, 'Refunded'),
    ('TKT-01913', 5891, 1121, 296, 61.71, 'Reserved'),
    ('TKT-01914', 5891, 1121, 296, 61.71, 'Refunded'),
    ('TKT-01915', 5891, 1121, 296, 61.71, 'Purchased'),
    ('TKT-01916', 5891, 1121, 296, 61.71, 'Refunded'),
    ('TKT-01917', 5891, 1121, 296, 61.71, 'Reserved'),
    ('TKT-01918', 5892, 1190, 215, 92.95, 'Refunded'),
    ('TKT-01919', 5892, 1190, 215, 92.95, 'Purchased'),
    ('TKT-01920', 5892, 1190, 215, 92.95, 'Refunded'),
    ('TKT-01921', 5892, 1190, 215, 92.95, 'Refunded'),
    ('TKT-01922', 5893, 1008, 319, 91.8, 'Reserved'),
    ('TKT-01923', 5893, 1008, 319, 91.8, 'Purchased'),
    ('TKT-01924', 5893, 1008, 319, 91.8, 'Refunded'),
    ('TKT-01925', 5893, 1008, 319, 91.8, 'Reserved'),
    ('TKT-01926', 5894, 1008, 71, 66.98, 'Refunded'),
    ('TKT-01927', 5894, 1008, 71, 66.98, 'Purchased'),
    ('TKT-01928', 5894, 1008, 71, 66.98, 'Purchased'),
    ('TKT-01929', 5895, 1053, 484, 179.38, 'Reserved'),
    ('TKT-01930', 5896, 1018, 119, 19.29, 'Reserved'),
    ('TKT-01931', 5896, 1018, 119, 19.29, 'Purchased'),
    ('TKT-01932', 5896, 1018, 119, 19.29, 'Reserved'),
    ('TKT-01933', 5896, 1018, 119, 19.29, 'Purchased'),
    ('TKT-01934', 5897, 1069, 222, 38.07, 'Refunded'),
    ('TKT-01935', 5897, 1069, 222, 38.07, 'Refunded'),
    ('TKT-01936', 5897, 1069, 222, 38.07, 'Reserved'),
    ('TKT-01937', 5897, 1069, 222, 38.07, 'Reserved'),
    ('TKT-01938', 5898, 1144, 137, 92.72, 'Refunded'),
    ('TKT-01939', 5898, 1144, 137, 92.72, 'Refunded'),
    ('TKT-01940', 5898, 1144, 137, 92.72, 'Refunded'),
    ('TKT-01941', 5898, 1144, 137, 92.72, 'Refunded'),
    ('TKT-01942', 5898, 1144, 137, 92.72, 'Reserved'),
    ('TKT-01943', 5900, 1071, 319, 32.83, 'Purchased'),
    ('TKT-01944', 5900, 1071, 319, 32.83, 'Purchased'),
    ('TKT-01945', 5900, 1071, 319, 32.83, 'Reserved'),
    ('TKT-01946', 5900, 1071, 319, 32.83, 'Refunded'),
    ('TKT-01947', 5900, 1071, 319, 32.83, 'Refunded'),
    ('TKT-01948', 5901, 1054, 153, 9.89, 'Purchased'),
    ('TKT-01949', 5901, 1054, 153, 9.89, 'Reserved'),
    ('TKT-01950', 5901, 1054, 153, 9.89, 'Purchased'),
    ('TKT-01951', 5901, 1054, 153, 9.89, 'Reserved'),
    ('TKT-01952', 5901, 1054, 153, 9.89, 'Reserved'),
    ('TKT-01953', 5904, 1035, 302, 230.88, 'Refunded'),
    ('TKT-01954', 5905, 1036, 231, 83.32, 'Purchased'),
    ('TKT-01955', 5905, 1036, 231, 83.32, 'Reserved'),
    ('TKT-01956', 5905, 1036, 231, 83.32, 'Reserved'),
    ('TKT-01957', 5905, 1036, 231, 83.32, 'Refunded'),
    ('TKT-01958', 5906, 1073, 395, 244.88, 'Refunded'),
    ('TKT-01959', 5906, 1073, 395, 244.88, 'Refunded'),
    ('TKT-01960', 5908, 1188, 233, 80.61, 'Purchased'),
    ('TKT-01961', 5908, 1188, 233, 80.61, 'Purchased'),
    ('TKT-01962', 5908, 1188, 233, 80.61, 'Refunded'),
    ('TKT-01963', 5908, 1188, 233, 80.61, 'Refunded'),
    ('TKT-01964', 5909, 1167, 422, 409.1, 'Refunded'),
    ('TKT-01965', 5910, 1125, 228, 33.34, 'Purchased'),
    ('TKT-01966', 5910, 1125, 228, 33.34, 'Refunded'),
    ('TKT-01967', 5911, 1050, 494, 138.96, 'Reserved'),
    ('TKT-01968', 5911, 1050, 494, 138.96, 'Purchased'),
    ('TKT-01969', 5911, 1050, 494, 138.96, 'Reserved'),
    ('TKT-01970', 5912, 1134, 264, 190.85, 'Purchased'),
    ('TKT-01971', 5912, 1134, 264, 190.85, 'Purchased'),
    ('TKT-01972', 5913, 1174, 446, 77.95, 'Reserved'),
    ('TKT-01973', 5913, 1174, 446, 77.95, 'Refunded'),
    ('TKT-01974', 5913, 1174, 446, 77.95, 'Reserved'),
    ('TKT-01975', 5913, 1174, 446, 77.95, 'Purchased'),
    ('TKT-01976', 5914, 1043, 164, 398.79, 'Purchased'),
    ('TKT-01977', 5915, 1174, 497, 79.6, 'Refunded'),
    ('TKT-01978', 5916, 1047, 137, 45.1, 'Purchased'),
    ('TKT-01979', 5916, 1047, 137, 45.1, 'Refunded'),
    ('TKT-01980', 5916, 1047, 137, 45.1, 'Purchased'),
    ('TKT-01981', 5916, 1047, 137, 45.1, 'Purchased'),
    ('TKT-01982', 5916, 1047, 137, 45.1, 'Reserved'),
    ('TKT-01983', 5917, 1080, 78, 78.05, 'Purchased'),
    ('TKT-01984', 5917, 1080, 78, 78.05, 'Reserved'),
    ('TKT-01985', 5917, 1080, 78, 78.05, 'Purchased'),
    ('TKT-01986', 5917, 1080, 78, 78.05, 'Purchased'),
    ('TKT-01987', 5918, 1018, 232, 68.59, 'Purchased'),
    ('TKT-01988', 5918, 1018, 232, 68.59, 'Refunded'),
    ('TKT-01989', 5919, 1193, 37, 13.44, 'Refunded'),
    ('TKT-01990', 5919, 1193, 37, 13.44, 'Refunded'),
    ('TKT-01991', 5920, 1018, 41, 7.63, 'Purchased'),
    ('TKT-01992', 5920, 1018, 41, 7.63, 'Refunded'),
    ('TKT-01993', 5920, 1018, 41, 7.63, 'Purchased'),
    ('TKT-01994', 5922, 1135, 38, 124.46, 'Reserved'),
    ('TKT-01995', 5922, 1135, 38, 124.46, 'Reserved'),
    ('TKT-01996', 5922, 1135, 38, 124.46, 'Refunded'),
    ('TKT-01997', 5922, 1135, 38, 124.46, 'Refunded'),
    ('TKT-01998', 5923, 1132, 290, 480.12, 'Refunded'),
    ('TKT-01999', 5924, 1013, 421, 117.8, 'Refunded'),
    ('TKT-02000', 5924, 1013, 421, 117.8, 'Refunded'),
    ('TKT-02001', 5924, 1013, 421, 117.8, 'Refunded'),
    ('TKT-02002', 5924, 1013, 421, 117.8, 'Reserved'),
    ('TKT-02003', 5926, 1121, 380, 298.35, 'Refunded'),
    ('TKT-02004', 5929, 1121, 243, 19.5, 'Purchased'),
    ('TKT-02005', 5929, 1121, 243, 19.5, 'Refunded'),
    ('TKT-02006', 5929, 1121, 243, 19.5, 'Purchased'),
    ('TKT-02007', 5929, 1121, 243, 19.5, 'Purchased'),
    ('TKT-02008', 5931, 1063, 356, 68.03, 'Purchased'),
    ('TKT-02009', 5931, 1063, 356, 68.03, 'Refunded'),
    ('TKT-02010', 5931, 1063, 356, 68.03, 'Reserved'),
    ('TKT-02011', 5934, 1028, 19, 46.64, 'Refunded'),
    ('TKT-02012', 5934, 1028, 19, 46.64, 'Reserved'),
    ('TKT-02013', 5934, 1028, 19, 46.64, 'Refunded'),
    ('TKT-02014', 5934, 1028, 19, 46.64, 'Reserved'),
    ('TKT-02015', 5935, 1117, 100, 121.72, 'Refunded'),
    ('TKT-02016', 5935, 1117, 100, 121.72, 'Reserved'),
    ('TKT-02017', 5935, 1117, 100, 121.72, 'Refunded'),
    ('TKT-02018', 5936, 1082, 61, 180.62, 'Refunded'),
    ('TKT-02019', 5936, 1082, 61, 180.62, 'Purchased'),
    ('TKT-02020', 5937, 1180, 20, 99.23, 'Purchased'),
    ('TKT-02021', 5937, 1180, 20, 99.23, 'Refunded'),
    ('TKT-02022', 5937, 1180, 20, 99.23, 'Reserved'),
    ('TKT-02023', 5937, 1180, 20, 99.23, 'Refunded'),
    ('TKT-02024', 5937, 1180, 20, 99.23, 'Reserved'),
    ('TKT-02025', 5939, 1121, 170, 40.87, 'Purchased'),
    ('TKT-02026', 5939, 1121, 170, 40.87, 'Refunded'),
    ('TKT-02027', 5939, 1121, 170, 40.87, 'Refunded'),
    ('TKT-02028', 5939, 1121, 170, 40.87, 'Refunded'),
    ('TKT-02029', 5941, 1079, 273, 41.99, 'Reserved'),
    ('TKT-02030', 5941, 1079, 273, 41.99, 'Reserved'),
    ('TKT-02031', 5941, 1079, 273, 41.99, 'Reserved'),
    ('TKT-02032', 5941, 1079, 273, 41.99, 'Refunded'),
    ('TKT-02033', 5943, 1181, 226, 85.68, 'Purchased'),
    ('TKT-02034', 5943, 1181, 226, 85.68, 'Purchased'),
    ('TKT-02035', 5943, 1181, 226, 85.68, 'Purchased'),
    ('TKT-02036', 5943, 1181, 226, 85.68, 'Purchased'),
    ('TKT-02037', 5944, 1161, 257, 228.28, 'Reserved'),
    ('TKT-02038', 5947, 1183, 67, 107.82, 'Reserved'),
    ('TKT-02039', 5947, 1183, 67, 107.82, 'Purchased'),
    ('TKT-02040', 5947, 1183, 67, 107.82, 'Purchased'),
    ('TKT-02041', 5947, 1183, 67, 107.82, 'Purchased'),
    ('TKT-02042', 5948, 1013, 212, 87.65, 'Reserved'),
    ('TKT-02043', 5948, 1013, 212, 87.65, 'Refunded'),
    ('TKT-02044', 5948, 1013, 212, 87.65, 'Reserved'),
    ('TKT-02045', 5948, 1013, 212, 87.65, 'Reserved'),
    ('TKT-02046', 5948, 1013, 212, 87.65, 'Refunded'),
    ('TKT-02047', 5949, 1150, 118, 12.88, 'Refunded'),
    ('TKT-02048', 5949, 1150, 118, 12.88, 'Refunded'),
    ('TKT-02049', 5949, 1150, 118, 12.88, 'Reserved'),
    ('TKT-02050', 5949, 1150, 118, 12.88, 'Refunded'),
    ('TKT-02051', 5949, 1150, 118, 12.88, 'Refunded'),
    ('TKT-02052', 5954, 1181, 71, 344.12, 'Reserved'),
    ('TKT-02053', 5955, 1003, 73, 48.71, 'Reserved'),
    ('TKT-02054', 5955, 1003, 73, 48.71, 'Reserved'),
    ('TKT-02055', 5955, 1003, 73, 48.71, 'Reserved'),
    ('TKT-02056', 5955, 1003, 73, 48.71, 'Reserved'),
    ('TKT-02057', 5955, 1003, 73, 48.71, 'Refunded'),
    ('TKT-02058', 5956, 1135, 419, 73.04, 'Purchased'),
    ('TKT-02059', 5956, 1135, 419, 73.04, 'Reserved'),
    ('TKT-02060', 5956, 1135, 419, 73.04, 'Purchased'),
    ('TKT-02061', 5956, 1135, 419, 73.04, 'Refunded'),
    ('TKT-02062', 5957, 1010, 263, 92.75, 'Purchased'),
    ('TKT-02063', 5957, 1010, 263, 92.75, 'Reserved'),
    ('TKT-02064', 5957, 1010, 263, 92.75, 'Refunded'),
    ('TKT-02065', 5957, 1010, 263, 92.75, 'Purchased'),
    ('TKT-02066', 5958, 1161, 350, 135.19, 'Refunded'),
    ('TKT-02067', 5958, 1161, 350, 135.19, 'Purchased'),
    ('TKT-02068', 5960, 1190, 435, 12.26, 'Refunded'),
    ('TKT-02069', 5960, 1190, 435, 12.26, 'Reserved'),
    ('TKT-02070', 5960, 1190, 435, 12.26, 'Reserved'),
    ('TKT-02071', 5960, 1190, 435, 12.26, 'Refunded'),
    ('TKT-02072', 5962, 1066, 286, 51.2, 'Purchased'),
    ('TKT-02073', 5962, 1066, 286, 51.2, 'Refunded'),
    ('TKT-02074', 5962, 1066, 286, 51.2, 'Reserved'),
    ('TKT-02075', 5962, 1066, 286, 51.2, 'Refunded'),
    ('TKT-02076', 5962, 1066, 286, 51.2, 'Reserved'),
    ('TKT-02077', 5963, 1035, 291, 446.82, 'Refunded'),
    ('TKT-02078', 5964, 1100, 461, 57.28, 'Refunded'),
    ('TKT-02079', 5964, 1100, 461, 57.28, 'Refunded'),
    ('TKT-02080', 5964, 1100, 461, 57.28, 'Reserved'),
    ('TKT-02081', 5964, 1100, 461, 57.28, 'Reserved'),
    ('TKT-02082', 5965, 1175, 221, 488.06, 'Reserved'),
    ('TKT-02083', 5966, 1150, 78, 187.49, 'Refunded'),
    ('TKT-02084', 5966, 1150, 78, 187.49, 'Purchased'),
    ('TKT-02085', 5967, 1007, 233, 8.63, 'Reserved'),
    ('TKT-02086', 5967, 1007, 233, 8.63, 'Reserved'),
    ('TKT-02087', 5967, 1007, 233, 8.63, 'Refunded'),
    ('TKT-02088', 5968, 1161, 211, 84.6, 'Purchased'),
    ('TKT-02089', 5968, 1161, 211, 84.6, 'Refunded'),
    ('TKT-02090', 5968, 1161, 211, 84.6, 'Purchased'),
    ('TKT-02091', 5968, 1161, 211, 84.6, 'Refunded'),
    ('TKT-02092', 5972, 1012, 19, 93.14, 'Reserved'),
    ('TKT-02093', 5972, 1012, 19, 93.14, 'Reserved'),
    ('TKT-02094', 5973, 1083, 345, 400.87, 'Refunded'),
    ('TKT-02095', 5974, 1039, 2, 52.39, 'Purchased'),
    ('TKT-02096', 5974, 1039, 2, 52.39, 'Purchased'),
    ('TKT-02097', 5974, 1039, 2, 52.39, 'Purchased'),
    ('TKT-02098', 5975, 1111, 264, 89.0, 'Reserved'),
    ('TKT-02099', 5975, 1111, 264, 89.0, 'Reserved'),
    ('TKT-02100', 5975, 1111, 264, 89.0, 'Reserved'),
    ('TKT-02101', 5975, 1111, 264, 89.0, 'Refunded'),
    ('TKT-02102', 5975, 1111, 264, 89.0, 'Purchased'),
    ('TKT-02103', 5977, 1024, 416, 159.97, 'Purchased'),
    ('TKT-02104', 5977, 1024, 416, 159.97, 'Reserved'),
    ('TKT-02105', 5978, 1177, 356, 288.4, 'Refunded'),
    ('TKT-02106', 5979, 1110, 354, 39.98, 'Refunded'),
    ('TKT-02107', 5979, 1110, 354, 39.98, 'Refunded'),
    ('TKT-02108', 5979, 1110, 354, 39.98, 'Purchased'),
    ('TKT-02109', 5980, 1111, 331, 82.72, 'Reserved'),
    ('TKT-02110', 5980, 1111, 331, 82.72, 'Purchased'),
    ('TKT-02111', 5980, 1111, 331, 82.72, 'Reserved'),
    ('TKT-02112', 5981, 1107, 222, 84.77, 'Purchased'),
    ('TKT-02113', 5981, 1107, 222, 84.77, 'Reserved'),
    ('TKT-02114', 5981, 1107, 222, 84.77, 'Refunded'),
    ('TKT-02115', 5983, 1079, 118, 133.5, 'Reserved'),
    ('TKT-02116', 5983, 1079, 118, 133.5, 'Refunded'),
    ('TKT-02117', 5983, 1079, 118, 133.5, 'Purchased'),
    ('TKT-02118', 5985, 1028, 73, 81.44, 'Purchased'),
    ('TKT-02119', 5985, 1028, 73, 81.44, 'Purchased'),
    ('TKT-02120', 5985, 1028, 73, 81.44, 'Refunded'),
    ('TKT-02121', 5986, 1111, 345, 154.96, 'Reserved'),
    ('TKT-02122', 5986, 1111, 345, 154.96, 'Reserved'),
    ('TKT-02123', 5987, 1017, 145, 19.58, 'Purchased'),
    ('TKT-02124', 5987, 1017, 145, 19.58, 'Refunded'),
    ('TKT-02125', 5987, 1017, 145, 19.58, 'Reserved'),
    ('TKT-02126', 5987, 1017, 145, 19.58, 'Purchased'),
    ('TKT-02127', 5987, 1017, 145, 19.58, 'Refunded'),
    ('TKT-02128', 5988, 1039, 37, 163.53, 'Purchased'),
    ('TKT-02129', 5988, 1039, 37, 163.53, 'Purchased'),
    ('TKT-02130', 5988, 1039, 37, 163.53, 'Purchased'),
    ('TKT-02131', 5991, 1047, 347, 43.03, 'Reserved'),
    ('TKT-02132', 5991, 1047, 347, 43.03, 'Purchased'),
    ('TKT-02133', 5991, 1047, 347, 43.03, 'Purchased'),
    ('TKT-02134', 5992, 1079, 147, 54.67, 'Refunded'),
    ('TKT-02135', 5996, 1166, 302, 75.06, 'Reserved'),
    ('TKT-02136', 5996, 1166, 302, 75.06, 'Refunded'),
    ('TKT-02137', 5997, 1194, 356, 102.65, 'Purchased'),
    ('TKT-02138', 5997, 1194, 356, 102.65, 'Refunded'),
    ('TKT-02139', 5997, 1194, 356, 102.65, 'Purchased'),
    ('TKT-02140', 5998, 1186, 100, 166.85, 'Refunded'),
    ('TKT-02141', 5998, 1186, 100, 166.85, 'Refunded'),
    ('TKT-02142', 6000, 1193, 202, 45.64, 'Refunded'),
    ('TKT-02143', 6000, 1193, 202, 45.64, 'Purchased');

